Unity Editor version:    6000.5.7f1 (017862109af0)
Branch:                  6000.5/staging
Build type:              Release
Batch mode:              YES
System name:             Linux
Distro version:          #1 SMP PREEMPT_DYNAMIC Mon Jul 20 03:39:43 UTC 2026
Kernel version:          7.1.4-200.nobara.fc44.x86_64
Architecture:            x86_64
Window Protocol:         Wayland (XWayland)
Available memory:        15771 MB
Date:                    2026-08-09T12:49:10Z
[Licensing::Module] Trying to connect to existing licensing client channel...
[Licensing::IpcConnector] Successfully connected to: "LicenseClient-soul514y3r" at "2026-08-09T12:49:10.856433Z"
[SignatureVerifier] Application signature verification not supported on this platform.
[Licensing::Client] Error: HandshakeResponse reported an error:
	ResponseCode: 505
	ResponseStatus: Unsupported protocol version '1.18.1'.
[Licensing::Module] Error: Failed to handshake to channel: "LicenseClient-soul514y3r"
[Licensing::IpcConnector] LicenseClient-soul514y3r channel disconnected successfully.
[Licensing::IpcConnector] Successfully connected to: "LicenseClient-soul514y3r-6000.5.7" at "2026-08-09T12:49:10.857504Z"
[SignatureVerifier] Application signature verification not supported on this platform.
[Licensing::Client] Handshaking with LicensingClient:
  Version:                 1.18.1+9fbee8e
  Session Id:              161547423e4e4ea8acb5f2efa7fada4e
  Correlation Id:          7b7d4f2885a32a665279cd3b49b91e71
  External correlation Id: 5059589535007231785
  Machine Id:              CLXAWEl1GSjeYbU5y6/8MBaKse4=
[Licensing::Module] Successfully connected to LicensingClient on channel: "LicenseClient-soul514y3r-6000.5.7" (connect: 0.00s, validation: 0.00s, handshake: 0.00s)
[Licensing::IpcConnector] Successfully connected to: "LicenseClient-soul514y3r-6000.5.7-notifications" at "2026-08-09T12:49:10.858715Z"
[Licensing::Module] Licensing Background thread has ended after 0.00s
Selected window backend: (null) 
Desktop is 3840 x 1080 @ 60 Hz
Initialize udev device monitor.

COMMAND LINE ARGUMENTS:
Unity
-adb2
-batchMode
-noUpm
-name
AssetImportWorkerHW2
-projectPath
/home/soul514y3r/Unity/Projects/Testing
-logFile
Logs/AssetImportWorkerHW2.log
-srvPort
44737
-parentPid
10302
-analyticsCloudUserId
5773748877896
-analyticsCloudProjectId
ee7b5491-1663-4ee6-93c7-696200903c89
-analyticsLocalProjectId
ea5662fd9a746504b9ccd49aa3d06ba2
-editorAnalyticsEnabled
1
-cbmEditorLicense
492d911e7ea8ce7f678f6f9de2ad0df2f8186fd6
-cbmMachineId
CLXAWEl1GSjeYbU5y6/8MBaKse4=
-licensingIpc
LicenseClient-soul514y3r
-noDiagnosticSwitchPersistentStore
-job-worker-count
11
-background-job-worker-count
8
-asset-garbage-collectors
1
-force-vulkan
Successfully changed project path to: /home/soul514y3r/Unity/Projects/Testing
/home/soul514y3r/Unity/Projects/Testing
[UnityMemory] Configuration Parameters - Can be set up in boot.config
    "memorysetup-temp-allocator-size-gi-baking-worker=262144"
    "memorysetup-temp-allocator-size-gi-baking-worker=262144"
    "memorysetup-temp-allocator-size-gi-baking-worker=262144"
    "memorysetup-temp-allocator-size-gi-baking-worker=262144"
    "memorysetup-temp-allocator-size-gi-baking-worker=262144"
    "memorysetup-temp-allocator-size-nav-mesh-worker=65536"
    "memorysetup-temp-allocator-size-audio-worker=65536"
    "memorysetup-temp-allocator-size-cloud-worker=32768"
    "memorysetup-allocator-temp-initial-block-size-main=262144"
    "memorysetup-allocator-temp-initial-block-size-worker=262144"
    "memorysetup-temp-allocator-size-preload-manager=33554432"
    "memorysetup-temp-allocator-size-gfx=262144"
    "memorysetup-temp-allocator-size-background-worker=32768"
    "memorysetup-temp-allocator-size-job-worker=262144"
    "memorysetup-bucket-allocator-granularity=16"
    "memorysetup-bucket-allocator-bucket-count=8"
    "memorysetup-bucket-allocator-block-size=33554432"
    "memorysetup-bucket-allocator-block-count=8"
    "memorysetup-main-allocator-block-size=16777216"
    "memorysetup-thread-allocator-block-size=16777216"
    "memorysetup-main-allocator-mimalloc-enabled=0"
    "memorysetup-gfx-main-allocator-block-size=16777216"
    "memorysetup-gfx-thread-allocator-block-size=16777216"
    "memorysetup-cache-allocator-block-size=4194304"
    "memorysetup-typetree-allocator-block-size=2097152"
    "memorysetup-profiler-bucket-allocator-granularity=16"
    "memorysetup-profiler-bucket-allocator-bucket-count=8"
    "memorysetup-profiler-bucket-allocator-block-size=33554432"
    "memorysetup-profiler-bucket-allocator-block-count=8"
    "memorysetup-profiler-allocator-block-size=16777216"
    "memorysetup-profiler-editor-allocator-block-size=1048576"
    "memorysetup-temp-allocator-size-main=16777216"
    "memorysetup-job-temp-allocator-block-size=2097152"
    "memorysetup-job-temp-allocator-block-size-background=1048576"
    "memorysetup-job-temp-allocator-reduction-small-platforms=262144"
Player connection [139892459339200]  Target information:

Player connection [139892459339200]  * "[IP] 192.168.10.171 [Port] 0 [Flags] 2 [Guid] 4169436526 [EditorId] 4169436526 [Version] 1048832 [Id] LinuxEditor(16,192.168.10.171) [Debug] 1 [PackageName] LinuxEditor [ProjectName] Editor" 

Player connection [139892459339200] Host joined multi-casting on [225.0.0.222:54997]...
Player connection [139892459339200] Host joined alternative multi-casting on [225.0.0.222:34997]...
JobSystem: Creating JobQueue using job-worker-count value 11
Input System module state changed to: Initialized.
[Physics::Module] Initialized fallback backend.
[Physics::Module] Id: 0xdecafbad
Library Redirect Path: Library/
[Physics::Module] Selected backend.
[Physics::Module] Name: PhysX
[Physics::Module] Id: 0xf2b8ea05
[Physics::Module] SDK Version: 4.1.2
[Physics::Module] Integration Version: 1.0.0
[Physics::Module] Threading Mode: Multi-Threaded
Refreshing native plugins compatible for Editor in 18,02 ms, found 1 plugins.
Initialize engine version: 6000.5.7f1 (017862109af0)
[Subsystems] Discovering subsystems at path /home/soul514y3r/Unity/Hub/Editor/6000.5.7f1/Editor/Data/Resources/UnitySubsystems
[Subsystems] Discovering subsystems at path /home/soul514y3r/Unity/Projects/Testing/Assets
Forcing GfxDevice: Vulkan
GfxDevice: creating device client; kGfxThreadingModeThreaded
[vulkan] LoadVulkanLibrary libvulkan.so.1[vulkan] Loaded instance function vkGetInstanceProcAddr
[vulkan] Loaded instance function vkGetInstanceProcAddr
[vulkan] Loaded instance function vkCreateInstance
[vulkan] Loaded instance function vkEnumerateInstanceExtensionProperties
[vulkan] Loaded instance function vkEnumerateInstanceLayerProperties
[vulkan] Loaded instance function vkEnumerateInstanceVersion
[Vulkan init] extensions: count=27
[Vulkan init] extensions: name=VK_EXT_acquire_drm_display [enabled=0, external=0]
[Vulkan init] extensions: name=VK_EXT_acquire_xlib_display [enabled=0, external=0]
[Vulkan init] extensions: name=VK_EXT_debug_report [enabled=0, external=0]
[Vulkan init] extensions: name=VK_EXT_debug_utils [enabled=1, external=0]
[Vulkan init] extensions: name=VK_EXT_direct_mode_display [enabled=0, external=0]
[Vulkan init] extensions: name=VK_EXT_display_surface_counter [enabled=0, external=0]
[Vulkan init] extensions: name=VK_EXT_headless_surface [enabled=0, external=0]
[Vulkan init] extensions: name=VK_EXT_layer_settings [enabled=0, external=0]
[Vulkan init] extensions: name=VK_EXT_surface_maintenance1 [enabled=0, external=0]
[Vulkan init] extensions: name=VK_EXT_swapchain_colorspace [enabled=1, external=0]
[Vulkan init] extensions: name=VK_KHR_device_group_creation [enabled=0, external=0]
[Vulkan init] extensions: name=VK_KHR_display [enabled=1, external=0]
[Vulkan init] extensions: name=VK_KHR_external_fence_capabilities [enabled=1, external=0]
[Vulkan init] extensions: name=VK_KHR_external_memory_capabilities [enabled=1, external=0]
[Vulkan init] extensions: name=VK_KHR_external_semaphore_capabilities [enabled=1, external=0]
[Vulkan init] extensions: name=VK_KHR_get_display_properties2 [enabled=0, external=0]
[Vulkan init] extensions: name=VK_KHR_get_physical_device_properties2 [enabled=1, external=0]
[Vulkan init] extensions: name=VK_KHR_get_surface_capabilities2 [enabled=0, external=0]
[Vulkan init] extensions: name=VK_KHR_portability_enumeration [enabled=0, external=0]
[Vulkan init] extensions: name=VK_KHR_surface [enabled=1, external=0]
[Vulkan init] extensions: name=VK_KHR_surface_maintenance1 [enabled=0, external=0]
[Vulkan init] extensions: name=VK_KHR_surface_protected_capabilities [enabled=0, external=0]
[Vulkan init] extensions: name=VK_KHR_wayland_surface [enabled=1, external=0]
[Vulkan init] extensions: name=VK_KHR_xcb_surface [enabled=0, external=0]
[Vulkan init] extensions: name=VK_KHR_xlib_surface [enabled=1, external=0]
[Vulkan init] extensions: name=VK_LUNARG_direct_driver_loading [enabled=0, external=0]
[Vulkan init] extensions: name=VK_NV_display_stereo [enabled=0, external=0]
[vulkan] Loaded instance function vkDestroyInstance
[vulkan] Loaded instance function vkGetPhysicalDeviceProperties
[vulkan] Loaded instance function vkEnumeratePhysicalDevices
[Vulkan init] SelectPhysicalDevice requestedDeviceIndex=-1 xrDevice=(nil)
[Vulkan init] Physical Device 0x55b7bf733ed0 [0]: "NVIDIA GeForce RTX 3060" deviceType=2 vendorID=10de deviceID=2504
[Vulkan init] Physical Device 0x55b7bf733f30 [1]: "llvmpipe (LLVM 22.1.8, 256 bits)" deviceType=4 vendorID=10005 deviceID=0
Vulkan detection: 2
[Vulkan init] extensions: count=27
[Vulkan init] extensions: name=VK_EXT_acquire_drm_display [enabled=0, external=0]
[Vulkan init] extensions: name=VK_EXT_acquire_xlib_display [enabled=0, external=0]
[Vulkan init] extensions: name=VK_EXT_debug_report [enabled=0, external=0]
[Vulkan init] extensions: name=VK_EXT_debug_utils [enabled=1, external=0]
[Vulkan init] extensions: name=VK_EXT_direct_mode_display [enabled=0, external=0]
[Vulkan init] extensions: name=VK_EXT_display_surface_counter [enabled=0, external=0]
[Vulkan init] extensions: name=VK_EXT_headless_surface [enabled=0, external=0]
[Vulkan init] extensions: name=VK_EXT_layer_settings [enabled=0, external=0]
[Vulkan init] extensions: name=VK_EXT_surface_maintenance1 [enabled=0, external=0]
[Vulkan init] extensions: name=VK_EXT_swapchain_colorspace [enabled=1, external=0]
[Vulkan init] extensions: name=VK_KHR_device_group_creation [enabled=0, external=0]
[Vulkan init] extensions: name=VK_KHR_display [enabled=1, external=0]
[Vulkan init] extensions: name=VK_KHR_external_fence_capabilities [enabled=1, external=0]
[Vulkan init] extensions: name=VK_KHR_external_memory_capabilities [enabled=1, external=0]
[Vulkan init] extensions: name=VK_KHR_external_semaphore_capabilities [enabled=1, external=0]
[Vulkan init] extensions: name=VK_KHR_get_display_properties2 [enabled=0, external=0]
[Vulkan init] extensions: name=VK_KHR_get_physical_device_properties2 [enabled=1, external=0]
[Vulkan init] extensions: name=VK_KHR_get_surface_capabilities2 [enabled=0, external=0]
[Vulkan init] extensions: name=VK_KHR_portability_enumeration [enabled=0, external=0]
[Vulkan init] extensions: name=VK_KHR_surface [enabled=1, external=0]
[Vulkan init] extensions: name=VK_KHR_surface_maintenance1 [enabled=0, external=0]
[Vulkan init] extensions: name=VK_KHR_surface_protected_capabilities [enabled=0, external=0]
[Vulkan init] extensions: name=VK_KHR_wayland_surface [enabled=1, external=0]
[Vulkan init] extensions: name=VK_KHR_xcb_surface [enabled=0, external=0]
[Vulkan init] extensions: name=VK_KHR_xlib_surface [enabled=1, external=0]
[Vulkan init] extensions: name=VK_LUNARG_direct_driver_loading [enabled=0, external=0]
[Vulkan init] extensions: name=VK_NV_display_stereo [enabled=0, external=0]
[vulkan] Loaded instance function vkDestroyInstance
[vulkan] Loaded instance function vkGetPhysicalDeviceProperties
[vulkan] Loaded instance function vkEnumeratePhysicalDevices
[vulkan] Loaded instance function vkGetDeviceProcAddr
[vulkan] Loaded instance function vkGetPhysicalDeviceFeatures
[vulkan] Loaded instance function vkGetPhysicalDeviceFormatProperties
[vulkan] Loaded instance function vkGetPhysicalDeviceImageFormatProperties
[vulkan] Loaded instance function vkGetPhysicalDeviceQueueFamilyProperties
[vulkan] Loaded instance function vkGetPhysicalDeviceMemoryProperties
[vulkan] Loaded instance function vkCreateDevice
[vulkan] Loaded instance function vkEnumerateDeviceExtensionProperties
[vulkan] Loaded instance function vkEnumerateDeviceLayerProperties
[vulkan] Loaded instance function vkGetPhysicalDeviceSparseImageFormatProperties
[vulkan] Loaded instance function vkDestroySurfaceKHR
[vulkan] Loaded instance function vkGetPhysicalDeviceSurfaceSupportKHR
[vulkan] Loaded instance function vkGetPhysicalDeviceSurfaceCapabilitiesKHR
[vulkan] Loaded instance function vkGetPhysicalDeviceSurfaceFormatsKHR
[vulkan] Loaded instance function vkGetPhysicalDeviceSurfacePresentModesKHR
[vulkan] Loaded instance function vkCreateSwapchainKHR
[vulkan] Loaded instance function vkDestroySwapchainKHR
[vulkan] Loaded instance function vkGetSwapchainImagesKHR
[vulkan] Loaded instance function vkAcquireNextImageKHR
[vulkan] Loaded instance function vkQueuePresentKHR
[vulkan] Loaded instance function vkGetPhysicalDeviceDisplayPropertiesKHR
[vulkan] Loaded instance function vkGetPhysicalDeviceDisplayPlanePropertiesKHR
[vulkan] Loaded instance function vkGetDisplayPlaneSupportedDisplaysKHR
[vulkan] Loaded instance function vkGetDisplayModePropertiesKHR
[vulkan] Loaded instance function vkCreateDisplayModeKHR
[vulkan] Loaded instance function vkGetDisplayPlaneCapabilitiesKHR
[vulkan] Loaded instance function vkCreateDisplayPlaneSurfaceKHR
[vulkan] Loaded instance function vkCreateSharedSwapchainsKHR
[vulkan] Loaded instance function vkCreateXlibSurfaceKHR
[vulkan] Loaded instance function vkGetPhysicalDeviceXlibPresentationSupportKHR
[vulkan] Loaded instance function vkSetHdrMetadataEXT
[vulkan] Loaded instance function vkGetPhysicalDeviceFeatures2KHR
[vulkan] Loaded instance function vkGetPhysicalDeviceProperties2KHR
[vulkan] Loaded instance function vkGetPhysicalDeviceFormatProperties2KHR
[vulkan] Loaded instance function vkGetPhysicalDeviceImageFormatProperties2KHR
[vulkan] Loaded instance function vkGetPhysicalDeviceQueueFamilyProperties2KHR
[vulkan] Loaded instance function vkGetPhysicalDeviceMemoryProperties2KHR
[vulkan] Loaded instance function vkGetPhysicalDeviceSparseImageFormatProperties2KHR
[vulkan] Loaded instance function vkGetSemaphoreFdKHR
[vulkan] Loaded instance function vkImportSemaphoreFdKHR
[vulkan] Loaded instance function vkGetFenceFdKHR
[vulkan] Loaded instance function vkImportFenceFdKHR
[vulkan] Loaded instance function vkCreateSamplerYcbcrConversionKHR
[vulkan] Loaded instance function vkDestroySamplerYcbcrConversionKHR
[vulkan] Loaded instance function vkBindBufferMemory2KHR
[vulkan] Loaded instance function vkBindImageMemory2KHR
[vulkan] Loaded instance function vkWaitForPresentKHR
[vulkan] Loaded instance function vkGetPhysicalDeviceExternalSemaphorePropertiesKHR
[vulkan] Loaded instance function vkGetPhysicalDeviceExternalFencePropertiesKHR
[vulkan] Loaded instance function vkGetPhysicalDeviceFragmentShadingRatesKHR
[vulkan] Loaded instance function vkSetDebugUtilsObjectNameEXT
[vulkan] Loaded instance function vkSetDebugUtilsObjectTagEXT
[vulkan] Loaded instance function vkQueueBeginDebugUtilsLabelEXT
[vulkan] Loaded instance function vkQueueEndDebugUtilsLabelEXT
[vulkan] Loaded instance function vkQueueInsertDebugUtilsLabelEXT
[vulkan] Loaded instance function vkCmdBeginDebugUtilsLabelEXT
[vulkan] Loaded instance function vkCmdEndDebugUtilsLabelEXT
[vulkan] Loaded instance function vkCmdInsertDebugUtilsLabelEXT
[Vulkan init] SelectPhysicalDevice requestedDeviceIndex=-1 xrDevice=(nil)
[Vulkan init] Physical Device 0x55b7bf6d3ea0 [0]: "NVIDIA GeForce RTX 3060" deviceType=2 vendorID=10de deviceID=2504
[Vulkan init] Physical Device 0x55b7bf6d4640 [1]: "llvmpipe (LLVM 22.1.8, 256 bits)" deviceType=4 vendorID=10005 deviceID=0
[Vulkan init] Selected physical device 0x55b7bf6d3ea0
[Vulkan init] Graphics queue count=1
[Vulkan init] extensions: count=273
[Vulkan init] extensions: name=VK_AMD_buffer_marker [enabled=0, external=0]
[Vulkan init] extensions: name=VK_EXT_4444_formats [enabled=1, external=0]
[Vulkan init] extensions: name=VK_EXT_attachment_feedback_loop_dynamic_state [enabled=0, external=0]
[Vulkan init] extensions: name=VK_EXT_attachment_feedback_loop_layout [enabled=0, external=0]
[Vulkan init] extensions: name=VK_EXT_blend_operation_advanced [enabled=0, external=0]
[Vulkan init] extensions: name=VK_EXT_border_color_swizzle [enabled=0, external=0]
[Vulkan init] extensions: name=VK_EXT_buffer_device_address [enabled=0, external=0]
[Vulkan init] extensions: name=VK_EXT_calibrated_timestamps [enabled=0, external=0]
[Vulkan init] extensions: name=VK_EXT_color_write_enable [enabled=0, external=0]
[Vulkan init] extensions: name=VK_EXT_conditional_rendering [enabled=0, external=0]
[Vulkan init] extensions: name=VK_EXT_conservative_rasterization [enabled=1, external=0]
[Vulkan init] extensions: name=VK_EXT_custom_border_color [enabled=0, external=0]
[Vulkan init] extensions: name=VK_EXT_custom_resolve [enabled=0, external=0]
[Vulkan init] extensions: name=VK_EXT_depth_bias_control [enabled=0, external=0]
[Vulkan init] extensions: name=VK_EXT_depth_clamp_control [enabled=0, external=0]
[Vulkan init] extensions: name=VK_EXT_depth_clamp_zero_one [enabled=0, external=0]
[Vulkan init] extensions: name=VK_EXT_depth_clip_control [enabled=0, external=0]
[Vulkan init] extensions: name=VK_EXT_depth_clip_enable [enabled=0, external=0]
[Vulkan init] extensions: name=VK_EXT_depth_range_unrestricted [enabled=0, external=0]
[Vulkan init] extensions: name=VK_EXT_descriptor_buffer [enabled=0, external=0]
[Vulkan init] extensions: name=VK_EXT_descriptor_heap [enabled=0, external=0]
[Vulkan init] extensions: name=VK_EXT_descriptor_indexing [enabled=0, external=0]
[Vulkan init] extensions: name=VK_EXT_device_address_binding_report [enabled=0, external=0]
[Vulkan init] extensions: name=VK_EXT_device_fault [enabled=0, external=0]
[Vulkan init] extensions: name=VK_EXT_device_generated_commands [enabled=0, external=0]
[Vulkan init] extensions: name=VK_EXT_discard_rectangles [enabled=0, external=0]
[Vulkan init] extensions: name=VK_EXT_display_control [enabled=0, external=0]
[Vulkan init] extensions: name=VK_EXT_dynamic_rendering_unused_attachments [enabled=0, external=0]
[Vulkan init] extensions: name=VK_EXT_extended_dynamic_state [enabled=0, external=0]
[Vulkan init] extensions: name=VK_EXT_extended_dynamic_state2 [enabled=0, external=0]
[Vulkan init] extensions: name=VK_EXT_extended_dynamic_state3 [enabled=0, external=0]
[Vulkan init] extensions: name=VK_EXT_external_memory_dma_buf [enabled=0, external=0]
[Vulkan init] extensions: name=VK_EXT_external_memory_host [enabled=1, external=0]
[Vulkan init] extensions: name=VK_EXT_fragment_shader_interlock [enabled=0, external=0]
[Vulkan init] extensions: name=VK_EXT_global_priority [enabled=0, external=0]
[Vulkan init] extensions: name=VK_EXT_global_priority_query [enabled=0, external=0]
[Vulkan init] extensions: name=VK_EXT_graphics_pipeline_library [enabled=0, external=0]
[Vulkan init] extensions: name=VK_EXT_hdr_metadata [enabled=1, external=0]
[Vulkan init] extensions: name=VK_EXT_host_image_copy [enabled=0, external=0]
[Vulkan init] extensions: name=VK_EXT_host_query_reset [enabled=0, external=0]
[Vulkan init] extensions: name=VK_EXT_image_2d_view_of_3d [enabled=0, external=0]
[Vulkan init] extensions: name=VK_EXT_image_drm_format_modifier [enabled=0, external=0]
[Vulkan init] extensions: name=VK_EXT_image_robustness [enabled=0, external=0]
[Vulkan init] extensions: name=VK_EXT_image_sliced_view_of_3d [enabled=0, external=0]
[Vulkan init] extensions: name=VK_EXT_image_view_min_lod [enabled=0, external=0]
[Vulkan init] extensions: name=VK_EXT_index_type_uint8 [enabled=0, external=0]
[Vulkan init] extensions: name=VK_EXT_inline_uniform_block [enabled=0, external=0]
[Vulkan init] extensions: name=VK_EXT_legacy_vertex_attributes [enabled=0, external=0]
[Vulkan init] extensions: name=VK_EXT_line_rasterization [enabled=0, external=0]
[Vulkan init] extensions: name=VK_EXT_load_store_op_none [enabled=1, external=0]
[Vulkan init] extensions: name=VK_EXT_map_memory_placed [enabled=0, external=0]
[Vulkan init] extensions: name=VK_EXT_memory_budget [enabled=1, external=0]
[Vulkan init] extensions: name=VK_EXT_memory_decompression [enabled=0, external=0]
[Vulkan init] extensions: name=VK_EXT_memory_priority [enabled=1, external=0]
[Vulkan init] extensions: name=VK_EXT_mesh_shader [enabled=0, external=0]
[Vulkan init] extensions: name=VK_EXT_multi_draw [enabled=0, external=0]
[Vulkan init] extensions: name=VK_EXT_mutable_descriptor_type [enabled=0, external=0]
[Vulkan init] extensions: name=VK_EXT_nested_command_buffer [enabled=0, external=0]
[Vulkan init] extensions: name=VK_EXT_non_seamless_cube_map [enabled=0, external=0]
[Vulkan init] extensions: name=VK_EXT_opacity_micromap [enabled=0, external=0]
[Vulkan init] extensions: name=VK_EXT_pageable_device_local_memory [enabled=0, external=0]
[Vulkan init] extensions: name=VK_EXT_pci_bus_info [enabled=0, external=0]
[Vulkan init] extensions: name=VK_EXT_physical_device_drm [enabled=0, external=0]
[Vulkan init] extensions: name=VK_EXT_pipeline_creation_cache_control [enabled=0, external=0]
[Vulkan init] extensions: name=VK_EXT_pipeline_creation_feedback [enabled=0, external=0]
[Vulkan init] extensions: name=VK_EXT_pipeline_library_group_handles [enabled=0, external=0]
[Vulkan init] extensions: name=VK_EXT_pipeline_robustness [enabled=0, external=0]
[Vulkan init] extensions: name=VK_EXT_post_depth_coverage [enabled=0, external=0]
[Vulkan init] extensions: name=VK_EXT_present_mode_fifo_latest_ready [enabled=0, external=0]
[Vulkan init] extensions: name=VK_EXT_present_timing [enabled=0, external=0]
[Vulkan init] extensions: name=VK_EXT_primitive_topology_list_restart [enabled=0, external=0]
[Vulkan init] extensions: name=VK_EXT_primitives_generated_query [enabled=0, external=0]
[Vulkan init] extensions: name=VK_EXT_private_data [enabled=0, external=0]
[Vulkan init] extensions: name=VK_EXT_provoking_vertex [enabled=0, external=0]
[Vulkan init] extensions: name=VK_EXT_queue_family_foreign [enabled=1, external=0]
[Vulkan init] extensions: name=VK_EXT_ray_tracing_invocation_reorder [enabled=0, external=0]
[Vulkan init] extensions: name=VK_EXT_robustness2 [enabled=0, external=0]
[Vulkan init] extensions: name=VK_EXT_sample_locations [enabled=0, external=0]
[Vulkan init] extensions: name=VK_EXT_sampler_filter_minmax [enabled=0, external=0]
[Vulkan init] extensions: name=VK_EXT_scalar_block_layout [enabled=1, external=0]
[Vulkan init] extensions: name=VK_EXT_separate_stencil_usage [enabled=0, external=0]
[Vulkan init] extensions: name=VK_EXT_shader_64bit_indexing [enabled=0, external=0]
[Vulkan init] extensions: name=VK_EXT_shader_atomic_float [enabled=0, external=0]
[Vulkan init] extensions: name=VK_EXT_shader_demote_to_helper_invocation [enabled=1, external=0]
[Vulkan init] extensions: name=VK_EXT_shader_image_atomic_int64 [enabled=0, external=0]
[Vulkan init] extensions: name=VK_EXT_shader_module_identifier [enabled=0, external=0]
[Vulkan init] extensions: name=VK_EXT_shader_object [enabled=0, external=0]
[Vulkan init] extensions: name=VK_EXT_shader_replicated_composites [enabled=0, external=0]
[Vulkan init] extensions: name=VK_EXT_shader_subgroup_ballot [enabled=0, external=0]
[Vulkan init] extensions: name=VK_EXT_shader_subgroup_vote [enabled=0, external=0]
[Vulkan init] extensions: name=VK_EXT_shader_uniform_buffer_unsized_array [enabled=0, external=0]
[Vulkan init] extensions: name=VK_EXT_shader_viewport_index_layer [enabled=1, external=0]
[Vulkan init] extensions: name=VK_EXT_subgroup_size_control [enabled=0, external=0]
[Vulkan init] extensions: name=VK_EXT_swapchain_maintenance1 [enabled=0, external=0]
[Vulkan init] extensions: name=VK_EXT_texel_buffer_alignment [enabled=0, external=0]
[Vulkan init] extensions: name=VK_EXT_tooling_info [enabled=0, external=0]
[Vulkan init] extensions: name=VK_EXT_transform_feedback [enabled=0, external=0]
[Vulkan init] extensions: name=VK_EXT_vertex_attribute_divisor [enabled=0, external=0]
[Vulkan init] extensions: name=VK_EXT_vertex_attribute_robustness [enabled=0, external=0]
[Vulkan init] extensions: name=VK_EXT_vertex_input_dynamic_state [enabled=1, external=0]
[Vulkan init] extensions: name=VK_EXT_ycbcr_2plane_444_formats [enabled=0, external=0]
[Vulkan init] extensions: name=VK_EXT_ycbcr_image_arrays [enabled=0, external=0]
[Vulkan init] extensions: name=VK_EXT_zero_initialize_device_memory [enabled=0, external=0]
[Vulkan init] extensions: name=VK_GOOGLE_hlsl_functionality1 [enabled=0, external=0]
[Vulkan init] extensions: name=VK_GOOGLE_user_type [enabled=0, external=0]
[Vulkan init] extensions: name=VK_KHR_16bit_storage [enabled=1, external=0]
[Vulkan init] extensions: name=VK_KHR_8bit_storage [enabled=0, external=0]
[Vulkan init] extensions: name=VK_KHR_acceleration_structure [enabled=0, external=0]
[Vulkan init] extensions: name=VK_KHR_bind_memory2 [enabled=1, external=0]
[Vulkan init] extensions: name=VK_KHR_buffer_device_address [enabled=0, external=0]
[Vulkan init] extensions: name=VK_KHR_calibrated_timestamps [enabled=0, external=0]
[Vulkan init] extensions: name=VK_KHR_compute_shader_derivatives [enabled=0, external=0]
[Vulkan init] extensions: name=VK_KHR_cooperative_matrix [enabled=0, external=0]
[Vulkan init] extensions: name=VK_KHR_copy_commands2 [enabled=0, external=0]
[Vulkan init] extensions: name=VK_KHR_copy_memory_indirect [enabled=0, external=0]
[Vulkan init] extensions: name=VK_KHR_create_renderpass2 [enabled=1, external=0]
[Vulkan init] extensions: name=VK_KHR_dedicated_allocation [enabled=1, external=0]
[Vulkan init] extensions: name=VK_KHR_deferred_host_operations [enabled=0, external=0]
[Vulkan init] extensions: name=VK_KHR_depth_clamp_zero_one [enabled=0, external=0]
[Vulkan init] extensions: name=VK_KHR_depth_stencil_resolve [enabled=1, external=0]
[Vulkan init] extensions: name=VK_KHR_descriptor_update_template [enabled=1, external=0]
[Vulkan init] extensions: name=VK_KHR_device_group [enabled=0, external=0]
[Vulkan init] extensions: name=VK_KHR_draw_indirect_count [enabled=0, external=0]
[Vulkan init] extensions: name=VK_KHR_driver_properties [enabled=1, external=0]
[Vulkan init] extensions: name=VK_KHR_dynamic_rendering [enabled=0, external=0]
[Vulkan init] extensions: name=VK_KHR_dynamic_rendering_local_read [enabled=0, external=0]
[Vulkan init] extensions: name=VK_KHR_external_fence [enabled=1, external=0]
[Vulkan init] extensions: name=VK_KHR_external_fence_fd [enabled=1, external=0]
[Vulkan init] extensions: name=VK_KHR_external_memory [enabled=1, external=0]
[Vulkan init] extensions: name=VK_KHR_external_memory_fd [enabled=1, external=0]
[Vulkan init] extensions: name=VK_KHR_external_semaphore [enabled=1, external=0]
[Vulkan init] extensions: name=VK_KHR_external_semaphore_fd [enabled=1, external=0]
[Vulkan init] extensions: name=VK_KHR_format_feature_flags2 [enabled=0, external=0]
[Vulkan init] extensions: name=VK_KHR_fragment_shader_barycentric [enabled=0, external=0]
[Vulkan init] extensions: name=VK_KHR_fragment_shading_rate [enabled=1, external=0]
[Vulkan init] extensions: name=VK_KHR_get_memory_requirements2 [enabled=1, external=0]
[Vulkan init] extensions: name=VK_KHR_global_priority [enabled=0, external=0]
[Vulkan init] extensions: name=VK_KHR_image_format_list [enabled=1, external=0]
[Vulkan init] extensions: name=VK_KHR_imageless_framebuffer [enabled=0, external=0]
[Vulkan init] extensions: name=VK_KHR_incremental_present [enabled=0, external=0]
[Vulkan init] extensions: name=VK_KHR_index_type_uint8 [enabled=0, external=0]
[Vulkan init] extensions: name=VK_KHR_line_rasterization [enabled=0, external=0]
[Vulkan init] extensions: name=VK_KHR_load_store_op_none [enabled=0, external=0]
[Vulkan init] extensions: name=VK_KHR_maintenance1 [enabled=1, external=0]
[Vulkan init] extensions: name=VK_KHR_maintenance10 [enabled=0, external=0]
[Vulkan init] extensions: name=VK_KHR_maintenance2 [enabled=1, external=0]
[Vulkan init] extensions: name=VK_KHR_maintenance3 [enabled=0, external=0]
[Vulkan init] extensions: name=VK_KHR_maintenance4 [enabled=0, external=0]
[Vulkan init] extensions: name=VK_KHR_maintenance5 [enabled=0, external=0]
[Vulkan init] extensions: name=VK_KHR_maintenance6 [enabled=0, external=0]
[Vulkan init] extensions: name=VK_KHR_maintenance7 [enabled=0, external=0]
[Vulkan init] extensions: name=VK_KHR_maintenance8 [enabled=0, external=0]
[Vulkan init] extensions: name=VK_KHR_maintenance9 [enabled=0, external=0]
[Vulkan init] extensions: name=VK_KHR_map_memory2 [enabled=0, external=0]
[Vulkan init] extensions: name=VK_KHR_multiview [enabled=1, external=0]
[Vulkan init] extensions: name=VK_KHR_pipeline_binary [enabled=0, external=0]
[Vulkan init] extensions: name=VK_KHR_pipeline_executable_properties [enabled=0, external=0]
[Vulkan init] extensions: name=VK_KHR_pipeline_library [enabled=0, external=0]
[Vulkan init] extensions: name=VK_KHR_present_id [enabled=1, external=0]
[Vulkan init] extensions: name=VK_KHR_present_id2 [enabled=0, external=0]
[Vulkan init] extensions: name=VK_KHR_present_mode_fifo_latest_ready [enabled=0, external=0]
[Vulkan init] extensions: name=VK_KHR_present_wait [enabled=1, external=0]
[Vulkan init] extensions: name=VK_KHR_present_wait2 [enabled=0, external=0]
[Vulkan init] extensions: name=VK_KHR_push_descriptor [enabled=0, external=0]
[Vulkan init] extensions: name=VK_KHR_ray_query [enabled=0, external=0]
[Vulkan init] extensions: name=VK_KHR_ray_tracing_maintenance1 [enabled=0, external=0]
[Vulkan init] extensions: name=VK_KHR_ray_tracing_pipeline [enabled=0, external=0]
[Vulkan init] extensions: name=VK_KHR_ray_tracing_position_fetch [enabled=0, external=0]
[Vulkan init] extensions: name=VK_KHR_relaxed_block_layout [enabled=0, external=0]
[Vulkan init] extensions: name=VK_KHR_robustness2 [enabled=0, external=0]
[Vulkan init] extensions: name=VK_KHR_sampler_mirror_clamp_to_edge [enabled=1, external=0]
[Vulkan init] extensions: name=VK_KHR_sampler_ycbcr_conversion [enabled=1, external=0]
[Vulkan init] extensions: name=VK_KHR_separate_depth_stencil_layouts [enabled=0, external=0]
[Vulkan init] extensions: name=VK_KHR_shader_atomic_int64 [enabled=1, external=0]
[Vulkan init] extensions: name=VK_KHR_shader_bfloat16 [enabled=0, external=0]
[Vulkan init] extensions: name=VK_KHR_shader_clock [enabled=0, external=0]
[Vulkan init] extensions: name=VK_KHR_shader_draw_parameters [enabled=0, external=0]
[Vulkan init] extensions: name=VK_KHR_shader_expect_assume [enabled=0, external=0]
[Vulkan init] extensions: name=VK_KHR_shader_float16_int8 [enabled=1, external=0]
[Vulkan init] extensions: name=VK_KHR_shader_float_controls [enabled=0, external=0]
[Vulkan init] extensions: name=VK_KHR_shader_float_controls2 [enabled=0, external=0]
[Vulkan init] extensions: name=VK_KHR_shader_fma [enabled=0, external=0]
[Vulkan init] extensions: name=VK_KHR_shader_integer_dot_product [enabled=0, external=0]
[Vulkan init] extensions: name=VK_KHR_shader_maximal_reconvergence [enabled=0, external=0]
[Vulkan init] extensions: name=VK_KHR_shader_non_semantic_info [enabled=1, external=0]
[Vulkan init] extensions: name=VK_KHR_shader_quad_control [enabled=0, external=0]
[Vulkan init] extensions: name=VK_KHR_shader_relaxed_extended_instruction [enabled=0, external=0]
[Vulkan init] extensions: name=VK_KHR_shader_subgroup_extended_types [enabled=0, external=0]
[Vulkan init] extensions: name=VK_KHR_shader_subgroup_rotate [enabled=0, external=0]
[Vulkan init] extensions: name=VK_KHR_shader_subgroup_uniform_control_flow [enabled=0, external=0]
[Vulkan init] extensions: name=VK_KHR_shader_terminate_invocation [enabled=0, external=0]
[Vulkan init] extensions: name=VK_KHR_shader_untyped_pointers [enabled=0, external=0]
[Vulkan init] extensions: name=VK_KHR_shared_presentable_image [enabled=0, external=0]
[Vulkan init] extensions: name=VK_KHR_spirv_1_4 [enabled=0, external=0]
[Vulkan init] extensions: name=VK_KHR_storage_buffer_storage_class [enabled=1, external=0]
[Vulkan init] extensions: name=VK_KHR_swapchain [enabled=1, external=0]
[Vulkan init] extensions: name=VK_KHR_swapchain_maintenance1 [enabled=0, external=0]
[Vulkan init] extensions: name=VK_KHR_swapchain_mutable_format [enabled=1, external=0]
[Vulkan init] extensions: name=VK_KHR_synchronization2 [enabled=0, external=0]
[Vulkan init] extensions: name=VK_KHR_timeline_semaphore [enabled=0, external=0]
[Vulkan init] extensions: name=VK_KHR_unified_image_layouts [enabled=0, external=0]
[Vulkan init] extensions: name=VK_KHR_uniform_buffer_standard_layout [enabled=0, external=0]
[Vulkan init] extensions: name=VK_KHR_variable_pointers [enabled=0, external=0]
[Vulkan init] extensions: name=VK_KHR_vertex_attribute_divisor [enabled=0, external=0]
[Vulkan init] extensions: name=VK_KHR_video_decode_av1 [enabled=0, external=0]
[Vulkan init] extensions: name=VK_KHR_video_decode_h264 [enabled=0, external=0]
[Vulkan init] extensions: name=VK_KHR_video_decode_h265 [enabled=0, external=0]
[Vulkan init] extensions: name=VK_KHR_video_decode_queue [enabled=0, external=0]
[Vulkan init] extensions: name=VK_KHR_video_decode_vp9 [enabled=0, external=0]
[Vulkan init] extensions: name=VK_KHR_video_encode_h264 [enabled=0, external=0]
[Vulkan init] extensions: name=VK_KHR_video_encode_h265 [enabled=0, external=0]
[Vulkan init] extensions: name=VK_KHR_video_encode_intra_refresh [enabled=0, external=0]
[Vulkan init] extensions: name=VK_KHR_video_encode_quantization_map [enabled=0, external=0]
[Vulkan init] extensions: name=VK_KHR_video_encode_queue [enabled=0, external=0]
[Vulkan init] extensions: name=VK_KHR_video_maintenance1 [enabled=0, external=0]
[Vulkan init] extensions: name=VK_KHR_video_maintenance2 [enabled=0, external=0]
[Vulkan init] extensions: name=VK_KHR_video_queue [enabled=0, external=0]
[Vulkan init] extensions: name=VK_KHR_vulkan_memory_model [enabled=0, external=0]
[Vulkan init] extensions: name=VK_KHR_workgroup_memory_explicit_layout [enabled=0, external=0]
[Vulkan init] extensions: name=VK_KHR_zero_initialize_workgroup_memory [enabled=0, external=0]
[Vulkan init] extensions: name=VK_NVX_binary_import [enabled=0, external=0]
[Vulkan init] extensions: name=VK_NVX_image_view_handle [enabled=0, external=0]
[Vulkan init] extensions: name=VK_NVX_multiview_per_view_attributes [enabled=0, external=0]
[Vulkan init] extensions: name=VK_NV_clip_space_w_scaling [enabled=0, external=0]
[Vulkan init] extensions: name=VK_NV_cluster_acceleration_structure [enabled=0, external=0]
[Vulkan init] extensions: name=VK_NV_compute_occupancy_priority [enabled=0, external=0]
[Vulkan init] extensions: name=VK_NV_compute_shader_derivatives [enabled=0, external=0]
[Vulkan init] extensions: name=VK_NV_cooperative_matrix [enabled=0, external=0]
[Vulkan init] extensions: name=VK_NV_cooperative_matrix2 [enabled=0, external=0]
[Vulkan init] extensions: name=VK_NV_cooperative_vector [enabled=0, external=0]
[Vulkan init] extensions: name=VK_NV_copy_memory_indirect [enabled=0, external=0]
[Vulkan init] extensions: name=VK_NV_corner_sampled_image [enabled=0, external=0]
[Vulkan init] extensions: name=VK_NV_coverage_reduction_mode [enabled=0, external=0]
[Vulkan init] extensions: name=VK_NV_cuda_kernel_launch [enabled=0, external=0]
[Vulkan init] extensions: name=VK_NV_dedicated_allocation [enabled=0, external=0]
[Vulkan init] extensions: name=VK_NV_dedicated_allocation_image_aliasing [enabled=0, external=0]
[Vulkan init] extensions: name=VK_NV_descriptor_pool_overallocation [enabled=0, external=0]
[Vulkan init] extensions: name=VK_NV_device_diagnostic_checkpoints [enabled=0, external=0]
[Vulkan init] extensions: name=VK_NV_device_diagnostics_config [enabled=0, external=0]
[Vulkan init] extensions: name=VK_NV_device_generated_commands [enabled=0, external=0]
[Vulkan init] extensions: name=VK_NV_device_generated_commands_compute [enabled=0, external=0]
[Vulkan init] extensions: name=VK_NV_disk_cache_utils [enabled=0, external=0]
[Vulkan init] extensions: name=VK_NV_extended_sparse_address_space [enabled=0, external=0]
[Vulkan init] extensions: name=VK_NV_fill_rectangle [enabled=0, external=0]
[Vulkan init] extensions: name=VK_NV_fragment_coverage_to_color [enabled=0, external=0]
[Vulkan init] extensions: name=VK_NV_fragment_shader_barycentric [enabled=0, external=0]
[Vulkan init] extensions: name=VK_NV_fragment_shading_rate_enums [enabled=0, external=0]
[Vulkan init] extensions: name=VK_NV_framebuffer_mixed_samples [enabled=0, external=0]
[Vulkan init] extensions: name=VK_NV_geometry_shader_passthrough [enabled=0, external=0]
[Vulkan init] extensions: name=VK_NV_inherited_viewport_scissor [enabled=0, external=0]
[Vulkan init] extensions: name=VK_NV_internal_nvpresent [enabled=0, external=0]
[Vulkan init] extensions: name=VK_NV_linear_color_attachment [enabled=0, external=0]
[Vulkan init] extensions: name=VK_NV_low_latency [enabled=0, external=0]
[Vulkan init] extensions: name=VK_NV_low_latency2 [enabled=0, external=0]
[Vulkan init] extensions: name=VK_NV_memory_decompression [enabled=0, external=0]
[Vulkan init] extensions: name=VK_NV_mesh_shader [enabled=0, external=0]
[Vulkan init] extensions: name=VK_NV_optical_flow [enabled=0, external=0]
[Vulkan init] extensions: name=VK_NV_partitioned_acceleration_structure [enabled=0, external=0]
[Vulkan init] extensions: name=VK_NV_present_metering [enabled=0, external=0]
[Vulkan init] extensions: name=VK_NV_raw_access_chains [enabled=0, external=0]
[Vulkan init] extensions: name=VK_NV_ray_tracing [enabled=0, external=0]
[Vulkan init] extensions: name=VK_NV_ray_tracing_invocation_reorder [enabled=0, external=0]
[Vulkan init] extensions: name=VK_NV_ray_tracing_motion_blur [enabled=0, external=0]
[Vulkan init] extensions: name=VK_NV_representative_fragment_test [enabled=0, external=0]
[Vulkan init] extensions: name=VK_NV_sample_mask_override_coverage [enabled=0, external=0]
[Vulkan init] extensions: name=VK_NV_scissor_exclusive [enabled=0, external=0]
[Vulkan init] extensions: name=VK_NV_shader_atomic_float16_vector [enabled=0, external=0]
[Vulkan init] extensions: name=VK_NV_shader_image_footprint [enabled=0, external=0]
[Vulkan init] extensions: name=VK_NV_shader_sm_builtins [enabled=0, external=0]
[Vulkan init] extensions: name=VK_NV_shader_subgroup_partitioned [enabled=0, external=0]
[Vulkan init] extensions: name=VK_NV_shading_rate_image [enabled=0, external=0]
[Vulkan init] extensions: name=VK_NV_viewport_array2 [enabled=0, external=0]
[Vulkan init] extensions: name=VK_NV_viewport_swizzle [enabled=0, external=0]
[vulkan] Loaded device function vkDestroyDevice
[vulkan] Loaded device function vkGetDeviceQueue
[vulkan] Loaded device function vkQueueSubmit
[vulkan] Loaded device function vkQueueWaitIdle
[vulkan] Loaded device function vkDeviceWaitIdle
[vulkan] Loaded device function vkAllocateMemory
[vulkan] Loaded device function vkFreeMemory
[vulkan] Loaded device function vkMapMemory
[vulkan] Loaded device function vkUnmapMemory
[vulkan] Loaded device function vkFlushMappedMemoryRanges
[vulkan] Loaded device function vkInvalidateMappedMemoryRanges
[vulkan] Loaded device function vkGetDeviceMemoryCommitment
[vulkan] Loaded device function vkBindBufferMemory
[vulkan] Loaded device function vkBindImageMemory
[vulkan] Loaded device function vkGetBufferMemoryRequirements
[vulkan] Loaded device function vkGetImageMemoryRequirements
[vulkan] Loaded device function vkGetImageSparseMemoryRequirements
[vulkan] Loaded device function vkQueueBindSparse
[vulkan] Loaded device function vkCreateFence
[vulkan] Loaded device function vkDestroyFence
[vulkan] Loaded device function vkResetFences
[vulkan] Loaded device function vkGetFenceStatus
[vulkan] Loaded device function vkWaitForFences
[vulkan] Loaded device function vkCreateSemaphore
[vulkan] Loaded device function vkDestroySemaphore
[vulkan] Loaded device function vkCreateEvent
[vulkan] Loaded device function vkDestroyEvent
[vulkan] Loaded device function vkGetEventStatus
[vulkan] Loaded device function vkSetEvent
[vulkan] Loaded device function vkResetEvent
[vulkan] Loaded device function vkCreateQueryPool
[vulkan] Loaded device function vkDestroyQueryPool
[vulkan] Loaded device function vkGetQueryPoolResults
[vulkan] Loaded device function vkCreateBuffer
[vulkan] Loaded device function vkDestroyBuffer
[vulkan] Loaded device function vkCreateBufferView
[vulkan] Loaded device function vkDestroyBufferView
[vulkan] Loaded device function vkCreateImage
[vulkan] Loaded device function vkDestroyImage
[vulkan] Loaded device function vkGetImageSubresourceLayout
[vulkan] Loaded device function vkCreateImageView
[vulkan] Loaded device function vkDestroyImageView
[vulkan] Loaded device function vkCreateShaderModule
[vulkan] Loaded device function vkDestroyShaderModule
[vulkan] Loaded device function vkCreatePipelineCache
[vulkan] Loaded device function vkDestroyPipelineCache
[vulkan] Loaded device function vkGetPipelineCacheData
[vulkan] Loaded device function vkMergePipelineCaches
[vulkan] Loaded device function vkCreateGraphicsPipelines
[vulkan] Loaded device function vkCreateComputePipelines
[vulkan] Loaded device function vkDestroyPipeline
[vulkan] Loaded device function vkCreatePipelineLayout
[vulkan] Loaded device function vkDestroyPipelineLayout
[vulkan] Loaded device function vkCreateSampler
[vulkan] Loaded device function vkDestroySampler
[vulkan] Loaded device function vkCreateDescriptorSetLayout
[vulkan] Loaded device function vkDestroyDescriptorSetLayout
[vulkan] Loaded device function vkCreateDescriptorPool
[vulkan] Loaded device function vkDestroyDescriptorPool
[vulkan] Loaded device function vkResetDescriptorPool
[vulkan] Loaded device function vkAllocateDescriptorSets
[vulkan] Loaded device function vkFreeDescriptorSets
[vulkan] Loaded device function vkUpdateDescriptorSets
[vulkan] Loaded device function vkCreateFramebuffer
[vulkan] Loaded device function vkDestroyFramebuffer
[vulkan] Loaded device function vkCreateRenderPass
[vulkan] Loaded device function vkDestroyRenderPass
[vulkan] Loaded device function vkGetRenderAreaGranularity
[vulkan] Loaded device function vkCreateCommandPool
[vulkan] Loaded device function vkDestroyCommandPool
[vulkan] Loaded device function vkResetCommandPool
[vulkan] Loaded device function vkAllocateCommandBuffers
[vulkan] Loaded device function vkFreeCommandBuffers
[vulkan] Loaded device function vkBeginCommandBuffer
[vulkan] Loaded device function vkEndCommandBuffer
[vulkan] Loaded device function vkResetCommandBuffer
[vulkan] Loaded device function vkCmdBindPipeline
[vulkan] Loaded device function vkCmdSetViewport
[vulkan] Loaded device function vkCmdSetScissor
[vulkan] Loaded device function vkCmdSetLineWidth
[vulkan] Loaded device function vkCmdSetDepthBias
[vulkan] Loaded device function vkCmdSetBlendConstants
[vulkan] Loaded device function vkCmdSetDepthBounds
[vulkan] Loaded device function vkCmdSetStencilCompareMask
[vulkan] Loaded device function vkCmdSetStencilWriteMask
[vulkan] Loaded device function vkCmdSetStencilReference
[vulkan] Loaded device function vkCmdBindDescriptorSets
[vulkan] Loaded device function vkCmdBindIndexBuffer
[vulkan] Loaded device function vkCmdBindVertexBuffers
[vulkan] Loaded device function vkCmdDraw
[vulkan] Loaded device function vkCmdDrawIndexed
[vulkan] Loaded device function vkCmdDrawIndirect
[vulkan] Loaded device function vkCmdDrawIndexedIndirect
[vulkan] Loaded device function vkCmdDispatch
[vulkan] Loaded device function vkCmdDispatchIndirect
[vulkan] Loaded device function vkCmdCopyBuffer
[vulkan] Loaded device function vkCmdCopyImage
[vulkan] Loaded device function vkCmdBlitImage
[vulkan] Loaded device function vkCmdCopyBufferToImage
[vulkan] Loaded device function vkCmdCopyImageToBuffer
[vulkan] Loaded device function vkCmdUpdateBuffer
[vulkan] Loaded device function vkCmdFillBuffer
[vulkan] Loaded device function vkCmdClearColorImage
[vulkan] Loaded device function vkCmdClearDepthStencilImage
[vulkan] Loaded device function vkCmdClearAttachments
[vulkan] Loaded device function vkCmdResolveImage
[vulkan] Loaded device function vkCmdSetEvent
[vulkan] Loaded device function vkCmdResetEvent
[vulkan] Loaded device function vkCmdWaitEvents
[vulkan] Loaded device function vkCmdPipelineBarrier
[vulkan] Loaded device function vkCmdBeginQuery
[vulkan] Loaded device function vkCmdEndQuery
[vulkan] Loaded device function vkCmdResetQueryPool
[vulkan] Loaded device function vkCmdWriteTimestamp
[vulkan] Loaded device function vkCmdCopyQueryPoolResults
[vulkan] Loaded device function vkCmdPushConstants
[vulkan] Loaded device function vkCmdBeginRenderPass
[vulkan] Loaded device function vkCmdNextSubpass
[vulkan] Loaded device function vkCmdEndRenderPass
[vulkan] Loaded device function vkCmdExecuteCommands
[vulkan] Loaded device function vkGetImageMemoryRequirements2KHR
[vulkan] Loaded device function vkGetBufferMemoryRequirements2KHR
[vulkan] Loaded device function vkGetImageSparseMemoryRequirements2KHR
[vulkan] Loaded device function vkCreateDescriptorUpdateTemplateKHR
[vulkan] Loaded device function vkDestroyDescriptorUpdateTemplateKHR
[vulkan] Loaded device function vkUpdateDescriptorSetWithTemplateKHR
[vulkan] Loaded device function vkCmdBeginRenderPass2KHR
[vulkan] Loaded device function vkCmdEndRenderPass2KHR
[vulkan] Loaded device function vkCmdNextSubpass2KHR
[vulkan] Loaded device function vkCreateRenderPass2KHR
[vulkan] Loaded device function vkCmdSetVertexInputEXT
[vulkan] Loaded device function vkCmdSetFragmentShadingRateKHR
[vulkan] Failed to load device function vkGetFramebufferTilePropertiesQCOM
[vulkan] Loaded instance function vkGetFramebufferTilePropertiesQCOM
[vulkan] Failed to load device function vkDebugMarkerSetObjectTagEXT
[vulkan] Loaded instance function vkDebugMarkerSetObjectTagEXT
[vulkan] Failed to load device function vkDebugMarkerSetObjectNameEXT
[vulkan] Loaded instance function vkDebugMarkerSetObjectNameEXT
[vulkan] Failed to load device function vkCmdDebugMarkerBeginEXT
[vulkan] Loaded instance function vkCmdDebugMarkerBeginEXT
[vulkan] Failed to load device function vkCmdDebugMarkerEndEXT
[vulkan] Loaded instance function vkCmdDebugMarkerEndEXT
[vulkan] Failed to load device function vkCmdDebugMarkerInsertEXT
[vulkan] Loaded instance function vkCmdDebugMarkerInsertEXT
Vulkan API version 1.1.0 (1.4.329 supported by driver, 1.1.0 requested)
Vulkan vendor=[NVIDIA] id=[10de]
Vulkan renderer=[NVIDIA GeForce RTX 3060] id=[2504]
Vulkan device type 2
Vulkan driverversion=[595.336.0 (0x94d50000)] uint=[-1797980160]
Vulkan driverLibraryString=[NVIDIA (4), 595.84]
Vulkan PSO: cache data not found [path=/tmp/DefaultCompany/Testing/vulkan_pso_cache.bin]
Initialize mono
Mono path[0] = '/home/soul514y3r/Unity/Hub/Editor/6000.5.7f1/Editor/Data/Managed'
Mono path[1] = '/home/soul514y3r/Unity/Hub/Editor/6000.5.7f1/Editor/Data/BCLExtensions/runtime/netstandard2.1'
Mono path[2] = '/home/soul514y3r/Unity/Hub/Editor/6000.5.7f1/Editor/Data/MonoBleedingEdge/lib/mono/unityjit-linux'
Mono config path = '/home/soul514y3r/Unity/Hub/Editor/6000.5.7f1/Editor/Data/MonoBleedingEdge/etc'
Using monoOptions --debugger-agent=transport=dt_socket,embedding=1,server=y,suspend=n,address=127.0.0.1:56441
CodeReloadManager initialized
Begin MonoManager ReloadAssembly
Registering precompiled unity dll's ...
Register platform support module: /home/soul514y3r/Unity/Hub/Editor/6000.5.7f1/Editor/Data/PlaybackEngines/WebGLSupport/UnityEditor.WebGL.Extensions.dll
Register platform support module: /home/soul514y3r/Unity/Hub/Editor/6000.5.7f1/Editor/Data/PlaybackEngines/LinuxStandaloneSupport/UnityEditor.LinuxStandalone.Extensions.dll
Registered in 0,000830 seconds.
Native extension for LinuxStandalone target not found
Package Manager log level set to [2]
[Package Manager] Failed to launch server process. Reason: Unity was launched with the -noUpm command-line argument
[Package Manager] Unable to send message (not connected to server process).
[Package Manager] Cannot connect to Unity Package Manager local server
[Package Manager] Failed to launch server process. Reason: Unity was launched with the -noUpm command-line argument
[Package Manager] Unable to send message (not connected to server process).
[Package Manager] Cannot connect to Unity Package Manager local server
Native extension for WebGL target not found
[Package Manager] Failed to launch server process. Reason: Unity was launched with the -noUpm command-line argument
[Package Manager] Unable to send message (not connected to server process).
[Package Manager] Cannot connect to Unity Package Manager local server
[Package Manager] Failed to launch server process. Reason: Unity was launched with the -noUpm command-line argument
[Package Manager] Unable to send message (not connected to server process).
[Package Manager] Cannot connect to Unity Package Manager local server
ScheduleIndexationOnStartup MainProcess:False IndexOnStartup:True
Mono: successfully reloaded assembly
- Finished resetting the current domain, in  0,262 seconds
Domain Reload Profiling: 569ms
	BeginReloadAssembly (49ms)
	RebuildCommonClasses (4ms)
	RebuildNativeTypeToScriptingClass (13ms)
	initialDomainReloadingComplete (42ms)
	LoadAllAssembliesAndSetupDomain (198ms)
		LoadAssemblies (49ms)
		AnalyzeDomain (139ms)
			TypeCache.Refresh (139ms)
				TypeCache.ScanAssembly (129ms)
	FinalizeReload (263ms)
		SetupLoadedEditorAssemblies (0ms)
			InitializePlatformSupportModulesInManaged (4ms)
			BeforeProcessingInitializeOnLoad (52ms)
			ProcessInitializeOnLoadAttributes (64ms)
			ProcessInitializeOnLoadMethodAttributes (92ms)
Initializing Unity extensions:
[Licensing::Client] Successfully resolved entitlement details
[Licensing::Module] License group:
  Id: 5773748877896-UnityPersXXXX
  Product: Unity Personal
  Type: Assigned
  Expiration: Unlimited
========================================================================
Worker process is ready to serve import requests
Import Worker Mode flag is 0x00
Begin MonoManager ReloadAssembly
Native extension for LinuxStandalone target not found
[Package Manager] Failed to launch server process. Reason: Unity was launched with the -noUpm command-line argument
[Package Manager] Unable to send message (not connected to server process).
[Package Manager] Cannot connect to Unity Package Manager local server
[Package Manager] Failed to launch server process. Reason: Unity was launched with the -noUpm command-line argument
[Package Manager] Unable to send message (not connected to server process).
[Package Manager] Cannot connect to Unity Package Manager local server
Native extension for WebGL target not found
[Package Manager] Failed to launch server process. Reason: Unity was launched with the -noUpm command-line argument
[Package Manager] Unable to send message (not connected to server process).
[Package Manager] Cannot connect to Unity Package Manager local server
[Package Manager] Failed to launch server process. Reason: Unity was launched with the -noUpm command-line argument
[Package Manager] Unable to send message (not connected to server process).
[Package Manager] Cannot connect to Unity Package Manager local server
ScheduleIndexationOnStartup MainProcess:False IndexOnStartup:True
Mono: successfully reloaded assembly
- Finished resetting the current domain, in  0,532 seconds
Domain Reload Profiling: 1026ms
	BeginReloadAssembly (87ms)
		DisableScriptedObjects (4ms)
		CreateAndSetChildDomain (20ms)
	RebuildCommonClasses (5ms)
	RebuildNativeTypeToScriptingClass (7ms)
	initialDomainReloadingComplete (25ms)
	LoadAllAssembliesAndSetupDomain (369ms)
		LoadAssemblies (163ms)
		AnalyzeDomain (167ms)
			TypeCache.Refresh (119ms)
				TypeCache.ScanAssembly (107ms)
			BuildScriptInfoCaches (43ms)
			ResolveRequiredComponents (3ms)
	FinalizeReload (533ms)
		SetupLoadedEditorAssemblies (0ms)
			InitializePlatformSupportModulesInManaged (7ms)
			BeforeProcessingInitializeOnLoad (54ms)
			ProcessInitializeOnLoadAttributes (222ms)
			ProcessInitializeOnLoadMethodAttributes (128ms)
AcceleratorClientConnectionCallback - disconnected - :0
AutoLocale: current locale expects 'C' but got 'sv_SE.utf8'Launched and connected shader compiler UnityShaderCompiler after 0.01 seconds
Curl error 3: URL rejected: Error
Unloading 22 Unused Serialized files (Serialized files now loaded: 0)
Unloading 7367 unused Assets / (5.4 MB). Loaded Objects now: 8237.
Memory consumption went from 205.1 MB to 199.7 MB.
Total: 8.836110 ms (FindLiveObjects: 0.443243 ms CreateObjectMapping: 1.357367 ms MarkObjects: 4.866591 ms  DeleteObjects: 2.168191 ms)

========================================================================
Received Prepare
AcceleratorClientConnectionCallback - disconnected - :0
Unloading 22 Unused Serialized files (Serialized files now loaded: 0)
Unloading 22 unused Assets / (2.6 MB). Loaded Objects now: 8237.
Memory consumption went from 198.1 MB to 195.5 MB.
Total: 6.447702 ms (FindLiveObjects: 0.314749 ms CreateObjectMapping: 0.552999 ms MarkObjects: 5.046735 ms  DeleteObjects: 0.532006 ms)

Prepare: number of updated asset objects reloaded= 0
========================================================================
Received Import Request.
  Time of request: 2026-08-09T12:52:17.606958Z
  Time since last request: 1187.79642774700005 seconds.
  importAddress: GUID: 14342c5d42ab2d391ad8cc1230418eb5 - Path: Assets/MainMenuUXML.uxml - Importer: ScriptedImporter/UnityEditor.QuickSearchModule:UnityEditor.Search:ASIAI0B
Importing 'GUID: 14342c5d42ab2d391ad8cc1230418eb5 - Path: Assets/MainMenuUXML.uxml - Importer: ScriptedImporter/UnityEditor.QuickSearchModule:UnityEditor.Search:ASIAI0B' with importer (ScriptedImporter : UnityEditor.QuickSearchModule:UnityEditor.Search:ASIAI0B)
Imported 'GUID: 14342c5d42ab2d391ad8cc1230418eb5' -> (Import Result ID: '82c1874a2f10148f9e6a2430224cd4a1') in 0.056 seconds [static and dynamic dependencies]. Details - ImportResultOutputID=e8e54dcb33bf82420c7901ed96da149b DependenciesID=ca950fb31640aefeed47b6f0a33c5ce8 StaticDependenciesID=8e809952b4e98b6b587ad1f46fb3346f 
Number of updated asset objects reloaded before import = 0
Number of asset objects unloaded after import = 4
========================================================================
Received Import Request.
  Time of request: 2026-08-09T12:57:29.094047Z
  Time since last request: 311.41241520699998 seconds.
  importAddress: GUID: 14342c5d42ab2d391ad8cc1230418eb5 - Path: Assets/MainMenuUXML.uxml - Importer: PreviewImporter
Importing 'GUID: 14342c5d42ab2d391ad8cc1230418eb5 - Path: Assets/MainMenuUXML.uxml - Importer: PreviewImporter' with importer (PreviewImporter)
Imported 'GUID: 14342c5d42ab2d391ad8cc1230418eb5' -> (Import Result ID: '674e01c05ba2a38d47a135c9f41cd8cf') in 0.009 seconds [static and dynamic dependencies]. Details - ImportResultOutputID=10be36887e43f9dffdfe07e85652ae1b DependenciesID=654b9f2625acd9ea5c032c925bd8bda7 StaticDependenciesID=3fb4a2da29fe4adbc5d9ff993ea04f8c 
Number of updated asset objects reloaded before import = 0
Number of asset objects unloaded after import = 4
========================================================================
Received Import Request.
  Time of request: 2026-08-09T12:57:30.061216Z
  Time since last request: 0.948239806 seconds.
  importAddress: GUID: 14342c5d42ab2d391ad8cc1230418eb5 - Path: Assets/MainMenuUXML.uxml - Importer: ScriptedImporter/UnityEditor.QuickSearchModule:UnityEditor.Search:ASIAI0B
Importing 'GUID: 14342c5d42ab2d391ad8cc1230418eb5 - Path: Assets/MainMenuUXML.uxml - Importer: ScriptedImporter/UnityEditor.QuickSearchModule:UnityEditor.Search:ASIAI0B' with importer (ScriptedImporter : UnityEditor.QuickSearchModule:UnityEditor.Search:ASIAI0B)
Imported 'GUID: 14342c5d42ab2d391ad8cc1230418eb5' -> (Import Result ID: '820fa102b75cd1d639facd6a5ced3f10') in 0.006 seconds [static and dynamic dependencies]. Details - ImportResultOutputID=58b97537a3960db11a3a739363dd14cd DependenciesID=e3911e4539ac8dda27f2398bb754a90d StaticDependenciesID=bbf41f0a9fde5b0b493e3977946f5f91 
Number of updated asset objects reloaded before import = 0
Number of asset objects unloaded after import = 4
========================================================================
Received Import Request.
  Time of request: 2026-08-09T12:58:36.024783Z
  Time since last request: 65.94620024 seconds.
  importAddress: GUID: fa83635e49f026ce69f55f5b55e3b73c - Path: Assets/UI Toolkit/SettingsMenuStyle.uss - Importer: ScriptedImporter/UnityEditor.QuickSearchModule:UnityEditor.Search:ASIAI0B
Importing 'GUID: fa83635e49f026ce69f55f5b55e3b73c - Path: Assets/UI Toolkit/SettingsMenuStyle.uss - Importer: ScriptedImporter/UnityEditor.QuickSearchModule:UnityEditor.Search:ASIAI0B' with importer (ScriptedImporter : UnityEditor.QuickSearchModule:UnityEditor.Search:ASIAI0B)
Imported 'GUID: fa83635e49f026ce69f55f5b55e3b73c' -> (Import Result ID: '103833f7f0e94c42fd7c6700e8aff6e7') in 0.007 seconds [static and dynamic dependencies]. Details - ImportResultOutputID=c4f229b41ff187300ef53e84591a142b DependenciesID=42f4120c091d207f6cc7a39fee7a849c StaticDependenciesID=845458c607c6e490c651778b5cbf13b2 
Number of updated asset objects reloaded before import = 0
Number of asset objects unloaded after import = 1
========================================================================
Received Import Request.
  Time of request: 2026-08-09T12:58:43.5815Z
  Time since last request: 7.53888748 seconds.
  importAddress: GUID: 14342c5d42ab2d391ad8cc1230418eb5 - Path: Assets/MainMenuUXML.uxml - Importer: PreviewImporter
Importing 'GUID: 14342c5d42ab2d391ad8cc1230418eb5 - Path: Assets/MainMenuUXML.uxml - Importer: PreviewImporter' with importer (PreviewImporter)
Imported 'GUID: 14342c5d42ab2d391ad8cc1230418eb5' -> (Import Result ID: '3b65688b8cae635ff3505f67e6d49dce') in 0.002 seconds [static and dynamic dependencies]. Details - ImportResultOutputID=10be36887e43f9dffdfe07e85652ae1b DependenciesID=91eea5b2f04c0ac9bfa6bed7ba842771 StaticDependenciesID=778e63f8f8f6576e657d386b3746b086 
Number of updated asset objects reloaded before import = 0
Number of asset objects unloaded after import = 4
========================================================================
Received Import Request.
  Time of request: 2026-08-09T12:58:44.54905Z
  Time since last request: 0.952448382 seconds.
  importAddress: GUID: 14342c5d42ab2d391ad8cc1230418eb5 - Path: Assets/MainMenuUXML.uxml - Importer: ScriptedImporter/UnityEditor.QuickSearchModule:UnityEditor.Search:ASIAI0B
Importing 'GUID: 14342c5d42ab2d391ad8cc1230418eb5 - Path: Assets/MainMenuUXML.uxml - Importer: ScriptedImporter/UnityEditor.QuickSearchModule:UnityEditor.Search:ASIAI0B' with importer (ScriptedImporter : UnityEditor.QuickSearchModule:UnityEditor.Search:ASIAI0B)
Imported 'GUID: 14342c5d42ab2d391ad8cc1230418eb5' -> (Import Result ID: 'b7add7f52841943438e558bc25657765') in 0.006 seconds [static and dynamic dependencies]. Details - ImportResultOutputID=14ff2746ea54f3c10fb9f378fefbb758 DependenciesID=d32388bcb714037192d095eade62a051 StaticDependenciesID=a075d049b9a37186ebf4d8b8d1ef3c74 
Number of updated asset objects reloaded before import = 0
Number of asset objects unloaded after import = 4
========================================================================
Received Import Request.
  Time of request: 2026-08-09T12:59:04.481462Z
  Time since last request: 19.912677545 seconds.
  importAddress: GUID: fa83635e49f026ce69f55f5b55e3b73c - Path: Assets/UI Toolkit/SettingsMenuStyle.uss - Importer: ScriptedImporter/UnityEditor.QuickSearchModule:UnityEditor.Search:ASIAI0B
Importing 'GUID: fa83635e49f026ce69f55f5b55e3b73c - Path: Assets/UI Toolkit/SettingsMenuStyle.uss - Importer: ScriptedImporter/UnityEditor.QuickSearchModule:UnityEditor.Search:ASIAI0B' with importer (ScriptedImporter : UnityEditor.QuickSearchModule:UnityEditor.Search:ASIAI0B)
Imported 'GUID: fa83635e49f026ce69f55f5b55e3b73c' -> (Import Result ID: 'f5371ecd84a966e1bcaadd8950d3ba1c') in 0.002 seconds [static and dynamic dependencies]. Details - ImportResultOutputID=e601818daf23819fa7cd00e7c7e45bd8 DependenciesID=ddd24389c82b7befa01f474df8264ed5 StaticDependenciesID=b794bb55445cdd97276ad5b16126dc06 
Number of updated asset objects reloaded before import = 0
Number of asset objects unloaded after import = 1
========================================================================
Received Import Request.
  Time of request: 2026-08-09T13:00:10.920279Z
  Time since last request: 66.424343624 seconds.
  importAddress: GUID: fa83635e49f026ce69f55f5b55e3b73c - Path: Assets/UI Toolkit/SettingsMenuStyle.uss - Importer: ScriptedImporter/UnityEditor.QuickSearchModule:UnityEditor.Search:ASIAI0B
Importing 'GUID: fa83635e49f026ce69f55f5b55e3b73c - Path: Assets/UI Toolkit/SettingsMenuStyle.uss - Importer: ScriptedImporter/UnityEditor.QuickSearchModule:UnityEditor.Search:ASIAI0B' with importer (ScriptedImporter : UnityEditor.QuickSearchModule:UnityEditor.Search:ASIAI0B)
Imported 'GUID: fa83635e49f026ce69f55f5b55e3b73c' -> (Import Result ID: '61bc14001d3d2495eb530185fdc76109') in 0.002 seconds [static and dynamic dependencies]. Details - ImportResultOutputID=323a2eba8c34ebd2362f90333f65d2db DependenciesID=26198104e096b9a0f558bd059f025d0a StaticDependenciesID=f628085e818046a3599f3faeaf8645a5 
Number of updated asset objects reloaded before import = 0
Number of asset objects unloaded after import = 1
========================================================================
Received Import Request.
  Time of request: 2026-08-09T13:02:37.332286Z
  Time since last request: 146.395301241 seconds.
  importAddress: GUID: fa83635e49f026ce69f55f5b55e3b73c - Path: Assets/UI Toolkit/SettingsMenuStyle.uss - Importer: ScriptedImporter/UnityEditor.QuickSearchModule:UnityEditor.Search:ASIAI0B
Importing 'GUID: fa83635e49f026ce69f55f5b55e3b73c - Path: Assets/UI Toolkit/SettingsMenuStyle.uss - Importer: ScriptedImporter/UnityEditor.QuickSearchModule:UnityEditor.Search:ASIAI0B' with importer (ScriptedImporter : UnityEditor.QuickSearchModule:UnityEditor.Search:ASIAI0B)
Imported 'GUID: fa83635e49f026ce69f55f5b55e3b73c' -> (Import Result ID: '57a7aa09802f8988c3b588608444e90a') in 0.002 seconds [static and dynamic dependencies]. Details - ImportResultOutputID=19ed58f62875c1ceb9e0e6e464dbe9ed DependenciesID=c98126e32e61f2a3a42d4438807529dc StaticDependenciesID=57cdc765d49735224332ea2eea9db96b 
Number of updated asset objects reloaded before import = 0
Number of asset objects unloaded after import = 1
========================================================================
Received Import Request.
  Time of request: 2026-08-09T13:02:57.787776Z
  Time since last request: 20.431932438 seconds.
  importAddress: GUID: fa83635e49f026ce69f55f5b55e3b73c - Path: Assets/UI Toolkit/SettingsMenuStyle.uss - Importer: ScriptedImporter/UnityEditor.QuickSearchModule:UnityEditor.Search:ASIAI0B
Importing 'GUID: fa83635e49f026ce69f55f5b55e3b73c - Path: Assets/UI Toolkit/SettingsMenuStyle.uss - Importer: ScriptedImporter/UnityEditor.QuickSearchModule:UnityEditor.Search:ASIAI0B' with importer (ScriptedImporter : UnityEditor.QuickSearchModule:UnityEditor.Search:ASIAI0B)
Imported 'GUID: fa83635e49f026ce69f55f5b55e3b73c' -> (Import Result ID: 'e7479fcc0d9263d39f1afd5f4c724fb6') in 0.002 seconds [static and dynamic dependencies]. Details - ImportResultOutputID=d503250d4bcb0ce0a351709dc18730dc DependenciesID=1d38d65b3e43d7749ef18917590d023c StaticDependenciesID=b1314add567dc3065fb50ffb8340fc21 
Number of updated asset objects reloaded before import = 0
Number of asset objects unloaded after import = 1
========================================================================
Received Import Request.
  Time of request: 2026-08-09T13:07:01.891311Z
  Time since last request: 244.08815561200001 seconds.
  importAddress: GUID: fa83635e49f026ce69f55f5b55e3b73c - Path: Assets/UI Toolkit/SettingsMenuStyle.uss - Importer: ScriptedImporter/UnityEditor.QuickSearchModule:UnityEditor.Search:ASIAI0B
Importing 'GUID: fa83635e49f026ce69f55f5b55e3b73c - Path: Assets/UI Toolkit/SettingsMenuStyle.uss - Importer: ScriptedImporter/UnityEditor.QuickSearchModule:UnityEditor.Search:ASIAI0B' with importer (ScriptedImporter : UnityEditor.QuickSearchModule:UnityEditor.Search:ASIAI0B)
Imported 'GUID: fa83635e49f026ce69f55f5b55e3b73c' -> (Import Result ID: '4ddaa7158ba1a5ad11a77a31baaec640') in 0.002 seconds [static and dynamic dependencies]. Details - ImportResultOutputID=c894c599ad47afdcc5c32595502eec68 DependenciesID=b5d1d4aec0921bb5e0b96f6b6832f71c StaticDependenciesID=c8dc12bb31a90bee2ad8ec0d4e23423a 
Number of updated asset objects reloaded before import = 0
Number of asset objects unloaded after import = 1
========================================================================
Received Import Request.
  Time of request: 2026-08-09T13:07:52.576409Z
  Time since last request: 50.670738577 seconds.
  importAddress: GUID: fa83635e49f026ce69f55f5b55e3b73c - Path: Assets/UI Toolkit/SettingsMenuStyle.uss - Importer: ScriptedImporter/UnityEditor.QuickSearchModule:UnityEditor.Search:ASIAI0B
Importing 'GUID: fa83635e49f026ce69f55f5b55e3b73c - Path: Assets/UI Toolkit/SettingsMenuStyle.uss - Importer: ScriptedImporter/UnityEditor.QuickSearchModule:UnityEditor.Search:ASIAI0B' with importer (ScriptedImporter : UnityEditor.QuickSearchModule:UnityEditor.Search:ASIAI0B)
Imported 'GUID: fa83635e49f026ce69f55f5b55e3b73c' -> (Import Result ID: '3ec89377350aa6b9f1a77f8080a94d84') in 0.002 seconds [static and dynamic dependencies]. Details - ImportResultOutputID=d5f790480ee81594501ff08de7503657 DependenciesID=84e319378875c33a4644d5a8bd93d34d StaticDependenciesID=740fc30887f5ad906cdf445dbb3a33b3 
Number of updated asset objects reloaded before import = 0
Number of asset objects unloaded after import = 1
========================================================================
Received Import Request.
  Time of request: 2026-08-09T13:08:27.90392Z
  Time since last request: 35.315616902 seconds.
  importAddress: GUID: fa83635e49f026ce69f55f5b55e3b73c - Path: Assets/UI Toolkit/SettingsMenuStyle.uss - Importer: ScriptedImporter/UnityEditor.QuickSearchModule:UnityEditor.Search:ASIAI0B
Importing 'GUID: fa83635e49f026ce69f55f5b55e3b73c - Path: Assets/UI Toolkit/SettingsMenuStyle.uss - Importer: ScriptedImporter/UnityEditor.QuickSearchModule:UnityEditor.Search:ASIAI0B' with importer (ScriptedImporter : UnityEditor.QuickSearchModule:UnityEditor.Search:ASIAI0B)
Imported 'GUID: fa83635e49f026ce69f55f5b55e3b73c' -> (Import Result ID: 'b42b4adf90248fd006b3c2dd8b5dcb65') in 0.002 seconds [static and dynamic dependencies]. Details - ImportResultOutputID=5ad5b17900827599abf84219436df0b1 DependenciesID=4333eb08f273270ef162eeb51cf096e3 StaticDependenciesID=0ee4d2be1921575f0c90a9e9d0d28e30 
Number of updated asset objects reloaded before import = 0
Number of asset objects unloaded after import = 1
========================================================================
Received Import Request.
  Time of request: 2026-08-09T13:08:52.438719Z
  Time since last request: 24.5217392 seconds.
  importAddress: GUID: fa83635e49f026ce69f55f5b55e3b73c - Path: Assets/UI Toolkit/SettingsMenuStyle.uss - Importer: ScriptedImporter/UnityEditor.QuickSearchModule:UnityEditor.Search:ASIAI0B
Importing 'GUID: fa83635e49f026ce69f55f5b55e3b73c - Path: Assets/UI Toolkit/SettingsMenuStyle.uss - Importer: ScriptedImporter/UnityEditor.QuickSearchModule:UnityEditor.Search:ASIAI0B' with importer (ScriptedImporter : UnityEditor.QuickSearchModule:UnityEditor.Search:ASIAI0B)
Imported 'GUID: fa83635e49f026ce69f55f5b55e3b73c' -> (Import Result ID: '3881785a55c39e7505878d8f76eb9f2d') in 0.002 seconds [static and dynamic dependencies]. Details - ImportResultOutputID=00a0730b3d624934449c53c4420a557c DependenciesID=9a1fceb510101c8e0c3c70fafd5e1426 StaticDependenciesID=9aa55ada5ade466c99dfe31704e1b3b3 
Number of updated asset objects reloaded before import = 0
Number of asset objects unloaded after import = 1
========================================================================
Received Import Request.
  Time of request: 2026-08-09T13:09:01.916704Z
  Time since last request: 9.461161503 seconds.
  importAddress: GUID: fa83635e49f026ce69f55f5b55e3b73c - Path: Assets/UI Toolkit/SettingsMenuStyle.uss - Importer: ScriptedImporter/UnityEditor.QuickSearchModule:UnityEditor.Search:ASIAI0B
Importing 'GUID: fa83635e49f026ce69f55f5b55e3b73c - Path: Assets/UI Toolkit/SettingsMenuStyle.uss - Importer: ScriptedImporter/UnityEditor.QuickSearchModule:UnityEditor.Search:ASIAI0B' with importer (ScriptedImporter : UnityEditor.QuickSearchModule:UnityEditor.Search:ASIAI0B)
Imported 'GUID: fa83635e49f026ce69f55f5b55e3b73c' -> (Import Result ID: '0430ddf66aee188faa755b0d6f9497c5') in 0.005 seconds [static and dynamic dependencies]. Details - ImportResultOutputID=103c701a23f7382d2e0a64bf862c99cf DependenciesID=c27bac96e072716f646c085016cec190 StaticDependenciesID=9b9dd2b976dd8314da75cef7925d2abe 
Number of updated asset objects reloaded before import = 0
Number of asset objects unloaded after import = 1
========================================================================
Received Import Request.
  Time of request: 2026-08-09T13:09:14.366395Z
  Time since last request: 12.410767555 seconds.
  importAddress: GUID: fa83635e49f026ce69f55f5b55e3b73c - Path: Assets/UI Toolkit/SettingsMenuStyle.uss - Importer: ScriptedImporter/UnityEditor.QuickSearchModule:UnityEditor.Search:ASIAI0B
Importing 'GUID: fa83635e49f026ce69f55f5b55e3b73c - Path: Assets/UI Toolkit/SettingsMenuStyle.uss - Importer: ScriptedImporter/UnityEditor.QuickSearchModule:UnityEditor.Search:ASIAI0B' with importer (ScriptedImporter : UnityEditor.QuickSearchModule:UnityEditor.Search:ASIAI0B)
Imported 'GUID: fa83635e49f026ce69f55f5b55e3b73c' -> (Import Result ID: '5426226b0c1c4c8d9208440fb3dd9424') in 0.002 seconds [static and dynamic dependencies]. Details - ImportResultOutputID=a760597bf238547ac6bf51584ea72674 DependenciesID=08e540aff4eafba428b16d7ded2397e6 StaticDependenciesID=4b9877cf238f314884f7c0769460316f 
Number of updated asset objects reloaded before import = 0
Number of asset objects unloaded after import = 1
========================================================================
Received Import Request.
  Time of request: 2026-08-09T13:10:00.500538Z
  Time since last request: 46.11701932 seconds.
  importAddress: GUID: fa83635e49f026ce69f55f5b55e3b73c - Path: Assets/UI Toolkit/SettingsMenuStyle.uss - Importer: ScriptedImporter/UnityEditor.QuickSearchModule:UnityEditor.Search:ASIAI0B
Importing 'GUID: fa83635e49f026ce69f55f5b55e3b73c - Path: Assets/UI Toolkit/SettingsMenuStyle.uss - Importer: ScriptedImporter/UnityEditor.QuickSearchModule:UnityEditor.Search:ASIAI0B' with importer (ScriptedImporter : UnityEditor.QuickSearchModule:UnityEditor.Search:ASIAI0B)
Imported 'GUID: fa83635e49f026ce69f55f5b55e3b73c' -> (Import Result ID: '3ad5fb72542e666398222358e05b10c7') in 0.006 seconds [static and dynamic dependencies]. Details - ImportResultOutputID=a3e90fbfcc1cbc9b088b0a5eff327563 DependenciesID=c5f5dad0e9c478e74131822a5c83419c StaticDependenciesID=a5994d4c7537d52c5479e830b201f3fc 
Number of updated asset objects reloaded before import = 0
Number of asset objects unloaded after import = 1
========================================================================
Received Import Request.
  Time of request: 2026-08-09T13:10:12.425884Z
  Time since last request: 11.909501928 seconds.
  importAddress: GUID: fa83635e49f026ce69f55f5b55e3b73c - Path: Assets/UI Toolkit/SettingsMenuStyle.uss - Importer: ScriptedImporter/UnityEditor.QuickSearchModule:UnityEditor.Search:ASIAI0B
Importing 'GUID: fa83635e49f026ce69f55f5b55e3b73c - Path: Assets/UI Toolkit/SettingsMenuStyle.uss - Importer: ScriptedImporter/UnityEditor.QuickSearchModule:UnityEditor.Search:ASIAI0B' with importer (ScriptedImporter : UnityEditor.QuickSearchModule:UnityEditor.Search:ASIAI0B)
Imported 'GUID: fa83635e49f026ce69f55f5b55e3b73c' -> (Import Result ID: '3b09af713ecba41619922489613d196d') in 0.002 seconds [static and dynamic dependencies]. Details - ImportResultOutputID=0b6849e1025b59d34fcc5cbddc2bf9d0 DependenciesID=b80eb53160cf40b51d06db390f2cd6af StaticDependenciesID=2d2ce5756b72ee888ee4041e22344a6c 
Number of updated asset objects reloaded before import = 0
Number of asset objects unloaded after import = 1
========================================================================
Received Import Request.
  Time of request: 2026-08-09T13:10:34.883073Z
  Time since last request: 22.443686302 seconds.
  importAddress: GUID: fa83635e49f026ce69f55f5b55e3b73c - Path: Assets/UI Toolkit/SettingsMenuStyle.uss - Importer: ScriptedImporter/UnityEditor.QuickSearchModule:UnityEditor.Search:ASIAI0B
Importing 'GUID: fa83635e49f026ce69f55f5b55e3b73c - Path: Assets/UI Toolkit/SettingsMenuStyle.uss - Importer: ScriptedImporter/UnityEditor.QuickSearchModule:UnityEditor.Search:ASIAI0B' with importer (ScriptedImporter : UnityEditor.QuickSearchModule:UnityEditor.Search:ASIAI0B)
Imported 'GUID: fa83635e49f026ce69f55f5b55e3b73c' -> (Import Result ID: '49957031004bef2ec57e4c063d92a14f') in 0.002 seconds [static and dynamic dependencies]. Details - ImportResultOutputID=9cf6c9efe29fe6837900137166fdb868 DependenciesID=23f1694426711cbc589cf5a37eab52ba StaticDependenciesID=6349e23d7fff458690c82dd9814f102c 
Number of updated asset objects reloaded before import = 0
Number of asset objects unloaded after import = 1
========================================================================
Received Import Request.
  Time of request: 2026-08-09T13:11:07.268007Z
  Time since last request: 32.361080367 seconds.
  importAddress: GUID: fa83635e49f026ce69f55f5b55e3b73c - Path: Assets/UI Toolkit/SettingsMenuStyle.uss - Importer: ScriptedImporter/UnityEditor.QuickSearchModule:UnityEditor.Search:ASIAI0B
Importing 'GUID: fa83635e49f026ce69f55f5b55e3b73c - Path: Assets/UI Toolkit/SettingsMenuStyle.uss - Importer: ScriptedImporter/UnityEditor.QuickSearchModule:UnityEditor.Search:ASIAI0B' with importer (ScriptedImporter : UnityEditor.QuickSearchModule:UnityEditor.Search:ASIAI0B)
Imported 'GUID: fa83635e49f026ce69f55f5b55e3b73c' -> (Import Result ID: '3a8faa9e59fe2b2e2cc62a90ff7edce1') in 0.002 seconds [static and dynamic dependencies]. Details - ImportResultOutputID=1639ccdeb4425d225b0b831c8d25a426 DependenciesID=219c3549c72460f21575eac00d4151b3 StaticDependenciesID=c00c943cd658b968d8977b0a77b4b0aa 
Number of updated asset objects reloaded before import = 0
Number of asset objects unloaded after import = 1
========================================================================
Received Import Request.
  Time of request: 2026-08-09T13:14:02.436654Z
  Time since last request: 175.152637056 seconds.
  importAddress: GUID: fa83635e49f026ce69f55f5b55e3b73c - Path: Assets/UI Toolkit/SettingsMenuStyle.uss - Importer: ScriptedImporter/UnityEditor.QuickSearchModule:UnityEditor.Search:ASIAI0B
Importing 'GUID: fa83635e49f026ce69f55f5b55e3b73c - Path: Assets/UI Toolkit/SettingsMenuStyle.uss - Importer: ScriptedImporter/UnityEditor.QuickSearchModule:UnityEditor.Search:ASIAI0B' with importer (ScriptedImporter : UnityEditor.QuickSearchModule:UnityEditor.Search:ASIAI0B)
Imported 'GUID: fa83635e49f026ce69f55f5b55e3b73c' -> (Import Result ID: 'ee7e50f1fe8ce6ae8a53953ccc45e883') in 0.002 seconds [static and dynamic dependencies]. Details - ImportResultOutputID=6f75dfac835597e14ef74e6c702ff64a DependenciesID=4c6277d25115e107ffe8c4d781903fe7 StaticDependenciesID=93dfac63d24b4d9a5eb518a767ffa621 
Number of updated asset objects reloaded before import = 0
Number of asset objects unloaded after import = 1
========================================================================
Received Import Request.
  Time of request: 2026-08-09T13:14:27.475054Z
  Time since last request: 25.02536928 seconds.
  importAddress: GUID: fa83635e49f026ce69f55f5b55e3b73c - Path: Assets/UI Toolkit/SettingsMenuStyle.uss - Importer: ScriptedImporter/UnityEditor.QuickSearchModule:UnityEditor.Search:ASIAI0B
Importing 'GUID: fa83635e49f026ce69f55f5b55e3b73c - Path: Assets/UI Toolkit/SettingsMenuStyle.uss - Importer: ScriptedImporter/UnityEditor.QuickSearchModule:UnityEditor.Search:ASIAI0B' with importer (ScriptedImporter : UnityEditor.QuickSearchModule:UnityEditor.Search:ASIAI0B)
Imported 'GUID: fa83635e49f026ce69f55f5b55e3b73c' -> (Import Result ID: '3f5315779a5be5b54c478ff7883dd1e6') in 0.003 seconds [static and dynamic dependencies]. Details - ImportResultOutputID=d986a5e44239a23d6b8935085672f411 DependenciesID=e3c616a847e61be9d94b9d714e84eb79 StaticDependenciesID=520dec16f1b6f7bf7c49ab71f743ea12 
Number of updated asset objects reloaded before import = 0
Number of asset objects unloaded after import = 1
========================================================================
Received Import Request.
  Time of request: 2026-08-09T13:18:31.227389Z
  Time since last request: 243.727940555 seconds.
  importAddress: GUID: fa83635e49f026ce69f55f5b55e3b73c - Path: Assets/UI Toolkit/SettingsMenuStyle.uss - Importer: ScriptedImporter/UnityEditor.QuickSearchModule:UnityEditor.Search:ASIAI0B
Importing 'GUID: fa83635e49f026ce69f55f5b55e3b73c - Path: Assets/UI Toolkit/SettingsMenuStyle.uss - Importer: ScriptedImporter/UnityEditor.QuickSearchModule:UnityEditor.Search:ASIAI0B' with importer (ScriptedImporter : UnityEditor.QuickSearchModule:UnityEditor.Search:ASIAI0B)
Imported 'GUID: fa83635e49f026ce69f55f5b55e3b73c' -> (Import Result ID: '6a159dec3de793f5673587db82a71697') in 0.002 seconds [static and dynamic dependencies]. Details - ImportResultOutputID=0046d7dbe80ee8e7205cf592fa80eef4 DependenciesID=dd301c97417e0969855b67acd3a1fbfc StaticDependenciesID=3f3b60500d631e786e337f245b168e94 
Number of updated asset objects reloaded before import = 0
Number of asset objects unloaded after import = 1
========================================================================
Received Import Request.
  Time of request: 2026-08-09T13:19:35.133146Z
  Time since last request: 63.880389443 seconds.
  importAddress: GUID: fa83635e49f026ce69f55f5b55e3b73c - Path: Assets/UI Toolkit/SettingsMenuStyle.uss - Importer: ScriptedImporter/UnityEditor.QuickSearchModule:UnityEditor.Search:ASIAI0B
Importing 'GUID: fa83635e49f026ce69f55f5b55e3b73c - Path: Assets/UI Toolkit/SettingsMenuStyle.uss - Importer: ScriptedImporter/UnityEditor.QuickSearchModule:UnityEditor.Search:ASIAI0B' with importer (ScriptedImporter : UnityEditor.QuickSearchModule:UnityEditor.Search:ASIAI0B)
Imported 'GUID: fa83635e49f026ce69f55f5b55e3b73c' -> (Import Result ID: 'c5384ad55f26d56d10a0884b13e72abb') in 0.002 seconds [static and dynamic dependencies]. Details - ImportResultOutputID=bcbeb439c09e8f643282d94a3cd6c6d5 DependenciesID=8fade4708a60fac1203fda57f57fb800 StaticDependenciesID=2f6e782360f3cdaeb2b8fca5dc08db65 
Number of updated asset objects reloaded before import = 0
Number of asset objects unloaded after import = 1
========================================================================
Received Import Request.
  Time of request: 2026-08-09T13:20:09.874362Z
  Time since last request: 34.731972471 seconds.
  importAddress: GUID: fa83635e49f026ce69f55f5b55e3b73c - Path: Assets/UI Toolkit/SettingsMenuStyle.uss - Importer: ScriptedImporter/UnityEditor.QuickSearchModule:UnityEditor.Search:ASIAI0B
Importing 'GUID: fa83635e49f026ce69f55f5b55e3b73c - Path: Assets/UI Toolkit/SettingsMenuStyle.uss - Importer: ScriptedImporter/UnityEditor.QuickSearchModule:UnityEditor.Search:ASIAI0B' with importer (ScriptedImporter : UnityEditor.QuickSearchModule:UnityEditor.Search:ASIAI0B)
Imported 'GUID: fa83635e49f026ce69f55f5b55e3b73c' -> (Import Result ID: '52abfde11b7d4df47199e3d5c5dfc5c0') in 0.004 seconds [static and dynamic dependencies]. Details - ImportResultOutputID=7698cb6181ee1f4815a0ad9016953f84 DependenciesID=adf6bb304455d36ce6cdb5af3077afa6 StaticDependenciesID=53285a00bf8edede957cabae4bddc416 
Number of updated asset objects reloaded before import = 0
Number of asset objects unloaded after import = 1
========================================================================
Received Import Request.
  Time of request: 2026-08-09T13:21:28.223477Z
  Time since last request: 78.32093251400001 seconds.
  importAddress: GUID: fa83635e49f026ce69f55f5b55e3b73c - Path: Assets/UI Toolkit/SettingsMenuStyle.uss - Importer: ScriptedImporter/UnityEditor.QuickSearchModule:UnityEditor.Search:ASIAI0B
Importing 'GUID: fa83635e49f026ce69f55f5b55e3b73c - Path: Assets/UI Toolkit/SettingsMenuStyle.uss - Importer: ScriptedImporter/UnityEditor.QuickSearchModule:UnityEditor.Search:ASIAI0B' with importer (ScriptedImporter : UnityEditor.QuickSearchModule:UnityEditor.Search:ASIAI0B)
Imported 'GUID: fa83635e49f026ce69f55f5b55e3b73c' -> (Import Result ID: '9719307e6881bb24bfa2fab2d55a9fa4') in 0.003 seconds [static and dynamic dependencies]. Details - ImportResultOutputID=22a83f639be605420b95e1d8ec9ba7ff DependenciesID=f71ed9acbfe23ef61503cbe0356e164d StaticDependenciesID=a8dad8ed11e4c181e7bf3d73180bce68 
Number of updated asset objects reloaded before import = 0
Number of asset objects unloaded after import = 1
========================================================================
Received Import Request.
  Time of request: 2026-08-09T13:22:04.444459Z
  Time since last request: 36.201275381 seconds.
  importAddress: GUID: fa83635e49f026ce69f55f5b55e3b73c - Path: Assets/UI Toolkit/SettingsMenuStyle.uss - Importer: ScriptedImporter/UnityEditor.QuickSearchModule:UnityEditor.Search:ASIAI0B
Importing 'GUID: fa83635e49f026ce69f55f5b55e3b73c - Path: Assets/UI Toolkit/SettingsMenuStyle.uss - Importer: ScriptedImporter/UnityEditor.QuickSearchModule:UnityEditor.Search:ASIAI0B' with importer (ScriptedImporter : UnityEditor.QuickSearchModule:UnityEditor.Search:ASIAI0B)
Imported 'GUID: fa83635e49f026ce69f55f5b55e3b73c' -> (Import Result ID: '5e05d6bea293683903cbff12187a27d3') in 0.002 seconds [static and dynamic dependencies]. Details - ImportResultOutputID=5056f07fe5b0f0cd3758db4cfcf16aac DependenciesID=5acb55cf8356486e6f44b39fcba6778d StaticDependenciesID=814c0290a366ded629043351b8e6421d 
Number of updated asset objects reloaded before import = 0
Number of asset objects unloaded after import = 1
========================================================================
Received Import Request.
  Time of request: 2026-08-09T13:23:30.834877Z
  Time since last request: 86.36704100599999 seconds.
  importAddress: GUID: fa83635e49f026ce69f55f5b55e3b73c - Path: Assets/UI Toolkit/SettingsMenuStyle.uss - Importer: ScriptedImporter/UnityEditor.QuickSearchModule:UnityEditor.Search:ASIAI0B
Importing 'GUID: fa83635e49f026ce69f55f5b55e3b73c - Path: Assets/UI Toolkit/SettingsMenuStyle.uss - Importer: ScriptedImporter/UnityEditor.QuickSearchModule:UnityEditor.Search:ASIAI0B' with importer (ScriptedImporter : UnityEditor.QuickSearchModule:UnityEditor.Search:ASIAI0B)
Imported 'GUID: fa83635e49f026ce69f55f5b55e3b73c' -> (Import Result ID: 'cef514efdaeffb277c684d82c70727ef') in 0.002 seconds [static and dynamic dependencies]. Details - ImportResultOutputID=1567688924fc57c1cbaa635138466387 DependenciesID=91e6b87b5288ac2e1feab3e638d66ed0 StaticDependenciesID=67e4c3ec00f9c22770917f3a92b8412d 
Number of updated asset objects reloaded before import = 0
Number of asset objects unloaded after import = 1
========================================================================
Received Import Request.
  Time of request: 2026-08-09T13:24:08.780952Z
  Time since last request: 37.936539733 seconds.
  importAddress: GUID: fa83635e49f026ce69f55f5b55e3b73c - Path: Assets/UI Toolkit/SettingsMenuStyle.uss - Importer: ScriptedImporter/UnityEditor.QuickSearchModule:UnityEditor.Search:ASIAI0B
Importing 'GUID: fa83635e49f026ce69f55f5b55e3b73c - Path: Assets/UI Toolkit/SettingsMenuStyle.uss - Importer: ScriptedImporter/UnityEditor.QuickSearchModule:UnityEditor.Search:ASIAI0B' with importer (ScriptedImporter : UnityEditor.QuickSearchModule:UnityEditor.Search:ASIAI0B)
Imported 'GUID: fa83635e49f026ce69f55f5b55e3b73c' -> (Import Result ID: 'b864729b11ae43d8320ce226af3894f3') in 0.002 seconds [static and dynamic dependencies]. Details - ImportResultOutputID=e4e093fc5df51e48f46c6fc0b0a3fe40 DependenciesID=64807c3511d029e31111c00809d9c0ae StaticDependenciesID=3cce44abbc013d1936e1a16d805b5927 
Number of updated asset objects reloaded before import = 0
Number of asset objects unloaded after import = 1
========================================================================
Received Import Request.
  Time of request: 2026-08-09T13:24:55.789818Z
  Time since last request: 46.994980976 seconds.
  importAddress: GUID: fa83635e49f026ce69f55f5b55e3b73c - Path: Assets/UI Toolkit/SettingsMenuStyle.uss - Importer: ScriptedImporter/UnityEditor.QuickSearchModule:UnityEditor.Search:ASIAI0B
Importing 'GUID: fa83635e49f026ce69f55f5b55e3b73c - Path: Assets/UI Toolkit/SettingsMenuStyle.uss - Importer: ScriptedImporter/UnityEditor.QuickSearchModule:UnityEditor.Search:ASIAI0B' with importer (ScriptedImporter : UnityEditor.QuickSearchModule:UnityEditor.Search:ASIAI0B)
Imported 'GUID: fa83635e49f026ce69f55f5b55e3b73c' -> (Import Result ID: 'cbbe479805fd8597a9020c9bc97585a4') in 0.002 seconds [static and dynamic dependencies]. Details - ImportResultOutputID=c8e73f257e6ad7446f456485865523f0 DependenciesID=52912429f872c1b7d3c21c3ace2113dd StaticDependenciesID=a579441b0e67f3cc869bba7ef1f00640 
Number of updated asset objects reloaded before import = 0
Number of asset objects unloaded after import = 1
========================================================================
Received Import Request.
  Time of request: 2026-08-09T13:25:28.297729Z
  Time since last request: 32.487905673 seconds.
  importAddress: GUID: fa83635e49f026ce69f55f5b55e3b73c - Path: Assets/UI Toolkit/SettingsMenuStyle.uss - Importer: ScriptedImporter/UnityEditor.QuickSearchModule:UnityEditor.Search:ASIAI0B
Importing 'GUID: fa83635e49f026ce69f55f5b55e3b73c - Path: Assets/UI Toolkit/SettingsMenuStyle.uss - Importer: ScriptedImporter/UnityEditor.QuickSearchModule:UnityEditor.Search:ASIAI0B' with importer (ScriptedImporter : UnityEditor.QuickSearchModule:UnityEditor.Search:ASIAI0B)
Imported 'GUID: fa83635e49f026ce69f55f5b55e3b73c' -> (Import Result ID: 'f10ded072fe760c7beac468791bc84da') in 0.002 seconds [static and dynamic dependencies]. Details - ImportResultOutputID=7ae48e50690f089e0e63eedb5b7f2753 DependenciesID=0d4c64a858dd0b0acd9437aa0596ca70 StaticDependenciesID=abb4440541cdb78e0b9a2b3b518999f1 
Number of updated asset objects reloaded before import = 0
Number of asset objects unloaded after import = 1
========================================================================
Received Import Request.
  Time of request: 2026-08-09T13:26:11.901239Z
  Time since last request: 43.586510127 seconds.
  importAddress: GUID: fa83635e49f026ce69f55f5b55e3b73c - Path: Assets/UI Toolkit/SettingsMenuStyle.uss - Importer: ScriptedImporter/UnityEditor.QuickSearchModule:UnityEditor.Search:ASIAI0B
Importing 'GUID: fa83635e49f026ce69f55f5b55e3b73c - Path: Assets/UI Toolkit/SettingsMenuStyle.uss - Importer: ScriptedImporter/UnityEditor.QuickSearchModule:UnityEditor.Search:ASIAI0B' with importer (ScriptedImporter : UnityEditor.QuickSearchModule:UnityEditor.Search:ASIAI0B)
Imported 'GUID: fa83635e49f026ce69f55f5b55e3b73c' -> (Import Result ID: '1c955c0f0d8e6aee604f253a8b150f6c') in 0.004 seconds [static and dynamic dependencies]. Details - ImportResultOutputID=d19740ec94595f67670859a187e6836b DependenciesID=ab95ac1d88c5c53da0f0d1531a18a471 StaticDependenciesID=c4b84bac696112980d22f57bbfbf5040 
Number of updated asset objects reloaded before import = 0
Number of asset objects unloaded after import = 1
========================================================================
Received Import Request.
  Time of request: 2026-08-09T13:26:54.874132Z
  Time since last request: 42.951019771 seconds.
  importAddress: GUID: fa83635e49f026ce69f55f5b55e3b73c - Path: Assets/UI Toolkit/SettingsMenuStyle.uss - Importer: ScriptedImporter/UnityEditor.QuickSearchModule:UnityEditor.Search:ASIAI0B
Importing 'GUID: fa83635e49f026ce69f55f5b55e3b73c - Path: Assets/UI Toolkit/SettingsMenuStyle.uss - Importer: ScriptedImporter/UnityEditor.QuickSearchModule:UnityEditor.Search:ASIAI0B' with importer (ScriptedImporter : UnityEditor.QuickSearchModule:UnityEditor.Search:ASIAI0B)
Imported 'GUID: fa83635e49f026ce69f55f5b55e3b73c' -> (Import Result ID: 'c62fd384d6b466319856da0401230123') in 0.006 seconds [static and dynamic dependencies]. Details - ImportResultOutputID=7cb35b204de201befbd7a739658c3825 DependenciesID=8d3e3b6f841d3892bdb9190f85cc832e StaticDependenciesID=1332780278466a9722094c0a0a082125 
Number of updated asset objects reloaded before import = 0
Number of asset objects unloaded after import = 1
========================================================================
Received Import Request.
  Time of request: 2026-08-09T13:27:23.211358Z
  Time since last request: 28.30284454 seconds.
  importAddress: GUID: fa83635e49f026ce69f55f5b55e3b73c - Path: Assets/UI Toolkit/SettingsMenuStyle.uss - Importer: ScriptedImporter/UnityEditor.QuickSearchModule:UnityEditor.Search:ASIAI0B
Importing 'GUID: fa83635e49f026ce69f55f5b55e3b73c - Path: Assets/UI Toolkit/SettingsMenuStyle.uss - Importer: ScriptedImporter/UnityEditor.QuickSearchModule:UnityEditor.Search:ASIAI0B' with importer (ScriptedImporter : UnityEditor.QuickSearchModule:UnityEditor.Search:ASIAI0B)
Imported 'GUID: fa83635e49f026ce69f55f5b55e3b73c' -> (Import Result ID: '4baa6b9adf9a5cb258eb1d89d82cbac6') in 0.003 seconds [static and dynamic dependencies]. Details - ImportResultOutputID=692d8c3c9e8e75250993a585f76363d2 DependenciesID=2cca4e1880473fa81e0a5133d134caf5 StaticDependenciesID=fd47d98362fcc1997e77b0eefaee7033 
Number of updated asset objects reloaded before import = 0
Number of asset objects unloaded after import = 1
========================================================================
Received Import Request.
  Time of request: 2026-08-09T13:27:49.037598Z
  Time since last request: 25.809797907 seconds.
  importAddress: GUID: fa83635e49f026ce69f55f5b55e3b73c - Path: Assets/UI Toolkit/SettingsMenuStyle.uss - Importer: ScriptedImporter/UnityEditor.QuickSearchModule:UnityEditor.Search:ASIAI0B
Importing 'GUID: fa83635e49f026ce69f55f5b55e3b73c - Path: Assets/UI Toolkit/SettingsMenuStyle.uss - Importer: ScriptedImporter/UnityEditor.QuickSearchModule:UnityEditor.Search:ASIAI0B' with importer (ScriptedImporter : UnityEditor.QuickSearchModule:UnityEditor.Search:ASIAI0B)
Imported 'GUID: fa83635e49f026ce69f55f5b55e3b73c' -> (Import Result ID: 'ddf6fb895fee769f9c0598544e01cbf2') in 0.002 seconds [static and dynamic dependencies]. Details - ImportResultOutputID=438cddb3c99f24c5fedd764b35245f74 DependenciesID=a175b5734176a0a6bc89ebe395a93e8d StaticDependenciesID=048a0d0aef1b680606fbdf9ce6e04de8 
Number of updated asset objects reloaded before import = 0
Number of asset objects unloaded after import = 1
========================================================================
Received Import Request.
  Time of request: 2026-08-09T13:28:19.092135Z
  Time since last request: 30.023523778 seconds.
  importAddress: GUID: fa83635e49f026ce69f55f5b55e3b73c - Path: Assets/UI Toolkit/SettingsMenuStyle.uss - Importer: ScriptedImporter/UnityEditor.QuickSearchModule:UnityEditor.Search:ASIAI0B
Importing 'GUID: fa83635e49f026ce69f55f5b55e3b73c - Path: Assets/UI Toolkit/SettingsMenuStyle.uss - Importer: ScriptedImporter/UnityEditor.QuickSearchModule:UnityEditor.Search:ASIAI0B' with importer (ScriptedImporter : UnityEditor.QuickSearchModule:UnityEditor.Search:ASIAI0B)
Imported 'GUID: fa83635e49f026ce69f55f5b55e3b73c' -> (Import Result ID: '90d9fdb102892d0f139d6385529aaae0') in 0.001 seconds [static and dynamic dependencies]. Details - ImportResultOutputID=d9980579f55e10f7e02c8473f907e6f6 DependenciesID=e194baf1769e2bf29699ef23f76595eb StaticDependenciesID=0993491579506c2a0eb5c6304eea79cb 
Number of updated asset objects reloaded before import = 0
Number of asset objects unloaded after import = 1
========================================================================
Received Import Request.
  Time of request: 2026-08-09T13:28:46.102554Z
  Time since last request: 26.995741797 seconds.
  importAddress: GUID: fa83635e49f026ce69f55f5b55e3b73c - Path: Assets/UI Toolkit/SettingsMenuStyle.uss - Importer: ScriptedImporter/UnityEditor.QuickSearchModule:UnityEditor.Search:ASIAI0B
Importing 'GUID: fa83635e49f026ce69f55f5b55e3b73c - Path: Assets/UI Toolkit/SettingsMenuStyle.uss - Importer: ScriptedImporter/UnityEditor.QuickSearchModule:UnityEditor.Search:ASIAI0B' with importer (ScriptedImporter : UnityEditor.QuickSearchModule:UnityEditor.Search:ASIAI0B)
Imported 'GUID: fa83635e49f026ce69f55f5b55e3b73c' -> (Import Result ID: '01dd9d05f0cbfef7a7d5b589cba5d5df') in 0.005 seconds [static and dynamic dependencies]. Details - ImportResultOutputID=9bbff4c3db5bea75f4f40961a3c37469 DependenciesID=7eb713278c476b15157a5f58a9bae668 StaticDependenciesID=608a6d3c62409641cdd2baf034e3d999 
Number of updated asset objects reloaded before import = 0
Number of asset objects unloaded after import = 1
========================================================================
Received Import Request.
  Time of request: 2026-08-09T13:29:11.378098Z
  Time since last request: 25.24902678 seconds.
  importAddress: GUID: fa83635e49f026ce69f55f5b55e3b73c - Path: Assets/UI Toolkit/SettingsMenuStyle.uss - Importer: ScriptedImporter/UnityEditor.QuickSearchModule:UnityEditor.Search:ASIAI0B
Importing 'GUID: fa83635e49f026ce69f55f5b55e3b73c - Path: Assets/UI Toolkit/SettingsMenuStyle.uss - Importer: ScriptedImporter/UnityEditor.QuickSearchModule:UnityEditor.Search:ASIAI0B' with importer (ScriptedImporter : UnityEditor.QuickSearchModule:UnityEditor.Search:ASIAI0B)
Imported 'GUID: fa83635e49f026ce69f55f5b55e3b73c' -> (Import Result ID: 'f461855bcc208aa7959671b25c47d4e2') in 0.003 seconds [static and dynamic dependencies]. Details - ImportResultOutputID=a4dc3f1807aa4a1a3cac72c985aca621 DependenciesID=1c5a94992a6acd0c51608325766df324 StaticDependenciesID=03c7909da08d02fee67f3a2db168e880 
Number of updated asset objects reloaded before import = 0
Number of asset objects unloaded after import = 1
========================================================================
Received Import Request.
  Time of request: 2026-08-09T13:30:44.695826Z
  Time since last request: 93.295481792 seconds.
  importAddress: GUID: fa83635e49f026ce69f55f5b55e3b73c - Path: Assets/UI Toolkit/SettingsMenuStyle.uss - Importer: ScriptedImporter/UnityEditor.QuickSearchModule:UnityEditor.Search:ASIAI0B
Importing 'GUID: fa83635e49f026ce69f55f5b55e3b73c - Path: Assets/UI Toolkit/SettingsMenuStyle.uss - Importer: ScriptedImporter/UnityEditor.QuickSearchModule:UnityEditor.Search:ASIAI0B' with importer (ScriptedImporter : UnityEditor.QuickSearchModule:UnityEditor.Search:ASIAI0B)
Imported 'GUID: fa83635e49f026ce69f55f5b55e3b73c' -> (Import Result ID: 'a9dd67bf396a1bea1515b4eacacd5117') in 0.005 seconds [static and dynamic dependencies]. Details - ImportResultOutputID=26250fb6e5aa7789f9499fe9e44b5f46 DependenciesID=d7adec3dbf54567f261ca5fee6cb73f7 StaticDependenciesID=1404d2e34782ad9f7c39350cb38f4d63 
Number of updated asset objects reloaded before import = 0
Number of asset objects unloaded after import = 1
========================================================================
Received Import Request.
  Time of request: 2026-08-09T13:31:07.203403Z
  Time since last request: 22.489537028 seconds.
  importAddress: GUID: fa83635e49f026ce69f55f5b55e3b73c - Path: Assets/UI Toolkit/SettingsMenuStyle.uss - Importer: ScriptedImporter/UnityEditor.QuickSearchModule:UnityEditor.Search:ASIAI0B
Importing 'GUID: fa83635e49f026ce69f55f5b55e3b73c - Path: Assets/UI Toolkit/SettingsMenuStyle.uss - Importer: ScriptedImporter/UnityEditor.QuickSearchModule:UnityEditor.Search:ASIAI0B' with importer (ScriptedImporter : UnityEditor.QuickSearchModule:UnityEditor.Search:ASIAI0B)
Imported 'GUID: fa83635e49f026ce69f55f5b55e3b73c' -> (Import Result ID: '012f55f7227fbea28f4f33ec8e85ad43') in 0.005 seconds [static and dynamic dependencies]. Details - ImportResultOutputID=401b32c78eca87e9defad85a6c87de69 DependenciesID=da09eb9478f6690164101231028444fa StaticDependenciesID=115bb3d7c926e41d1970589bd01e7cc8 
Number of updated asset objects reloaded before import = 0
Number of asset objects unloaded after import = 1
========================================================================
Received Import Request.
  Time of request: 2026-08-09T13:31:57.387059Z
  Time since last request: 50.14994567 seconds.
  importAddress: GUID: fa83635e49f026ce69f55f5b55e3b73c - Path: Assets/UI Toolkit/SettingsMenuStyle.uss - Importer: ScriptedImporter/UnityEditor.QuickSearchModule:UnityEditor.Search:ASIAI0B
Importing 'GUID: fa83635e49f026ce69f55f5b55e3b73c - Path: Assets/UI Toolkit/SettingsMenuStyle.uss - Importer: ScriptedImporter/UnityEditor.QuickSearchModule:UnityEditor.Search:ASIAI0B' with importer (ScriptedImporter : UnityEditor.QuickSearchModule:UnityEditor.Search:ASIAI0B)
Imported 'GUID: fa83635e49f026ce69f55f5b55e3b73c' -> (Import Result ID: '5037a5e862c0e1041b6beea4784558b2') in 0.002 seconds [static and dynamic dependencies]. Details - ImportResultOutputID=01acf14877d64365ca655a12199f4cdd DependenciesID=f312c18834067b3b4879be0352f3b70e StaticDependenciesID=520a76f53daad5bd59ad366e9504daf7 
Number of updated asset objects reloaded before import = 0
Number of asset objects unloaded after import = 1
========================================================================
Received Import Request.
  Time of request: 2026-08-09T13:32:48.461766Z
  Time since last request: 51.062552647 seconds.
  importAddress: GUID: fa83635e49f026ce69f55f5b55e3b73c - Path: Assets/UI Toolkit/SettingsMenuStyle.uss - Importer: ScriptedImporter/UnityEditor.QuickSearchModule:UnityEditor.Search:ASIAI0B
Importing 'GUID: fa83635e49f026ce69f55f5b55e3b73c - Path: Assets/UI Toolkit/SettingsMenuStyle.uss - Importer: ScriptedImporter/UnityEditor.QuickSearchModule:UnityEditor.Search:ASIAI0B' with importer (ScriptedImporter : UnityEditor.QuickSearchModule:UnityEditor.Search:ASIAI0B)
Imported 'GUID: fa83635e49f026ce69f55f5b55e3b73c' -> (Import Result ID: '4cbcab865812d7179954ea6cfba2ac1a') in 0.002 seconds [static and dynamic dependencies]. Details - ImportResultOutputID=6434e9d97332eed59e030f0bf5d75e11 DependenciesID=dc084e891f70a2ebb07b6f45d6d522f7 StaticDependenciesID=157d48519a4519a802405be90125b896 
Number of updated asset objects reloaded before import = 0
Number of asset objects unloaded after import = 1
========================================================================
Received Import Request.
  Time of request: 2026-08-09T13:35:09.430927Z
  Time since last request: 140.94458203799999 seconds.
  importAddress: GUID: fa83635e49f026ce69f55f5b55e3b73c - Path: Assets/UI Toolkit/SettingsMenuStyle.uss - Importer: ScriptedImporter/UnityEditor.QuickSearchModule:UnityEditor.Search:ASIAI0B
Importing 'GUID: fa83635e49f026ce69f55f5b55e3b73c - Path: Assets/UI Toolkit/SettingsMenuStyle.uss - Importer: ScriptedImporter/UnityEditor.QuickSearchModule:UnityEditor.Search:ASIAI0B' with importer (ScriptedImporter : UnityEditor.QuickSearchModule:UnityEditor.Search:ASIAI0B)
Imported 'GUID: fa83635e49f026ce69f55f5b55e3b73c' -> (Import Result ID: '1a6817eacfdf0a2a0ca33a3d8900ba84') in 0.002 seconds [static and dynamic dependencies]. Details - ImportResultOutputID=32de322cff0f426ec0caa743c36f6a4d DependenciesID=0b3808f0fd138d42e35c6cdaf24e67ab StaticDependenciesID=b663c69f01b346b2dd6d674662d146bc 
Number of updated asset objects reloaded before import = 0
Number of asset objects unloaded after import = 1
========================================================================
Received Import Request.
  Time of request: 2026-08-09T13:36:09.648566Z
  Time since last request: 60.199891031 seconds.
  importAddress: GUID: 8f9aa4e1c2dd6f3409173ecae1f81c53 - Path: Assets/UI Toolkit/Header.uss - Importer: PreviewImporter
Importing 'GUID: 8f9aa4e1c2dd6f3409173ecae1f81c53 - Path: Assets/UI Toolkit/Header.uss - Importer: PreviewImporter' with importer (PreviewImporter)
Imported 'GUID: 8f9aa4e1c2dd6f3409173ecae1f81c53' -> (Import Result ID: '23f6a4f148262c4d044cd12deab8e038') in 0.000 seconds [static and dynamic dependencies]. Details - ImportResultOutputID=ff57788967cb9b066708e460c0a9309e DependenciesID=67fd8d082d4a95c3e5904ef0163ca8c7 StaticDependenciesID=0f1eabde555ec4f0c9cb5548ddc17378 
Number of updated asset objects reloaded before import = 0
Number of asset objects unloaded after import = 1
========================================================================
Received Import Request.
  Time of request: 2026-08-09T13:36:09.661281Z
  Time since last request: 0.00037691 seconds.
  importAddress: GUID: 12d6ad82b84f0291f95a03917adb8db0 - Path: Assets/UI Toolkit/progress.uss - Importer: PreviewImporter
Importing 'GUID: 12d6ad82b84f0291f95a03917adb8db0 - Path: Assets/UI Toolkit/progress.uss - Importer: PreviewImporter' with importer (PreviewImporter)
Imported 'GUID: 12d6ad82b84f0291f95a03917adb8db0' -> (Import Result ID: '7dbffe159dce1762f8b1ca3774169d1e') in 0.000 seconds [static and dynamic dependencies]. Details - ImportResultOutputID=d4a42259ac5b42b5d62355bd93f5890b DependenciesID=9f73e3331ce00364f1e5919b8644c97e StaticDependenciesID=fa247ab3d083b2370dfdebd469bf125c 
Number of updated asset objects reloaded before import = 0
Number of asset objects unloaded after import = 1
========================================================================
Received Prepare
AcceleratorClientConnectionCallback - disconnected - :0
Unloading 22 Unused Serialized files (Serialized files now loaded: 0)
Unloading 22 unused Assets / (2.6 MB). Loaded Objects now: 8240.
Memory consumption went from 199.2 MB to 196.6 MB.
Total: 7.037984 ms (FindLiveObjects: 0.362182 ms CreateObjectMapping: 0.504496 ms MarkObjects: 5.886864 ms  DeleteObjects: 0.283364 ms)

Prepare: number of updated asset objects reloaded= 0
========================================================================
Received Import Request.
  Time of request: 2026-08-09T13:38:36.95626Z
  Time since last request: 147.28627070100001 seconds.
  importAddress: GUID: fa83635e49f026ce69f55f5b55e3b73c - Path: Assets/UI Toolkit/SettingsMenuStyle.uss - Importer: PreviewImporter
Importing 'GUID: fa83635e49f026ce69f55f5b55e3b73c - Path: Assets/UI Toolkit/SettingsMenuStyle.uss - Importer: PreviewImporter' with importer (PreviewImporter)
Imported 'GUID: fa83635e49f026ce69f55f5b55e3b73c' -> (Import Result ID: '980ad09ab2d0e73abba590a6fb4ac45b') in 0.000 seconds [static and dynamic dependencies]. Details - ImportResultOutputID=03a0f3201eaf7923755faacc8832bd0d DependenciesID=c7ed59728e73552a7313f63ec86e6cb4 StaticDependenciesID=18baa24069449b7dbe2a58327693ecf3 
Number of updated asset objects reloaded before import = 0
Number of asset objects unloaded after import = 1
========================================================================
Received Import Request.
  Time of request: 2026-08-09T13:38:37.893342Z
  Time since last request: 0.929341316 seconds.
  importAddress: GUID: fa83635e49f026ce69f55f5b55e3b73c - Path: Assets/UI Toolkit/SettingsMenuStyle.uss - Importer: ScriptedImporter/UnityEditor.QuickSearchModule:UnityEditor.Search:ASIAI0B
Importing 'GUID: fa83635e49f026ce69f55f5b55e3b73c - Path: Assets/UI Toolkit/SettingsMenuStyle.uss - Importer: ScriptedImporter/UnityEditor.QuickSearchModule:UnityEditor.Search:ASIAI0B' with importer (ScriptedImporter : UnityEditor.QuickSearchModule:UnityEditor.Search:ASIAI0B)
Imported 'GUID: fa83635e49f026ce69f55f5b55e3b73c' -> (Import Result ID: '6f20e98253240b6b07ad4a48dd0e91b6') in 0.002 seconds [static and dynamic dependencies]. Details - ImportResultOutputID=ed99c191c1dc6097f56390099ade442c DependenciesID=7716a8bb677a699cdcd6d2c30dbf3832 StaticDependenciesID=80c75b255419742d40de6805465f4366 
Number of updated asset objects reloaded before import = 0
Number of asset objects unloaded after import = 1
========================================================================
Received Import Request.
  Time of request: 2026-08-09T13:39:11.66592Z
  Time since last request: 33.760780533 seconds.
  importAddress: GUID: fa83635e49f026ce69f55f5b55e3b73c - Path: Assets/UI Toolkit/SettingsMenuStyle.uss - Importer: PreviewImporter
Importing 'GUID: fa83635e49f026ce69f55f5b55e3b73c - Path: Assets/UI Toolkit/SettingsMenuStyle.uss - Importer: PreviewImporter' with importer (PreviewImporter)
Imported 'GUID: fa83635e49f026ce69f55f5b55e3b73c' -> (Import Result ID: '8290433b87f9993423a705a6cc8c900b') in 0.001 seconds [static and dynamic dependencies]. Details - ImportResultOutputID=03a0f3201eaf7923755faacc8832bd0d DependenciesID=3a471e7b57cb9373765574af1e6cd443 StaticDependenciesID=caa1030604d07edd277f82ef747a2760 
Number of updated asset objects reloaded before import = 0
Number of asset objects unloaded after import = 1
========================================================================
Received Import Request.
  Time of request: 2026-08-09T13:39:12.618647Z
  Time since last request: 0.943472418 seconds.
  importAddress: GUID: fa83635e49f026ce69f55f5b55e3b73c - Path: Assets/UI Toolkit/SettingsMenuStyle.uss - Importer: ScriptedImporter/UnityEditor.QuickSearchModule:UnityEditor.Search:ASIAI0B
Importing 'GUID: fa83635e49f026ce69f55f5b55e3b73c - Path: Assets/UI Toolkit/SettingsMenuStyle.uss - Importer: ScriptedImporter/UnityEditor.QuickSearchModule:UnityEditor.Search:ASIAI0B' with importer (ScriptedImporter : UnityEditor.QuickSearchModule:UnityEditor.Search:ASIAI0B)
Imported 'GUID: fa83635e49f026ce69f55f5b55e3b73c' -> (Import Result ID: '29117bcabb1e4b30bb08dc780e5aad74') in 0.002 seconds [static and dynamic dependencies]. Details - ImportResultOutputID=4f205cbe5de743ebbba633e5ab79caee DependenciesID=4bbc43a32f061fc40a1831b374e7c513 StaticDependenciesID=8832d721c5797f553c2ad003ed44e4b8 
Number of updated asset objects reloaded before import = 0
Number of asset objects unloaded after import = 1
========================================================================
Received Import Request.
  Time of request: 2026-08-09T13:40:44.037509Z
  Time since last request: 91.402413141 seconds.
  importAddress: GUID: fa83635e49f026ce69f55f5b55e3b73c - Path: Assets/UI Toolkit/SettingsMenuStyle.uss - Importer: PreviewImporter
Importing 'GUID: fa83635e49f026ce69f55f5b55e3b73c - Path: Assets/UI Toolkit/SettingsMenuStyle.uss - Importer: PreviewImporter' with importer (PreviewImporter)
Imported 'GUID: fa83635e49f026ce69f55f5b55e3b73c' -> (Import Result ID: '89bb700a5b38235362d4dca7cba73fd5') in 0.000 seconds [static and dynamic dependencies]. Details - ImportResultOutputID=03a0f3201eaf7923755faacc8832bd0d DependenciesID=74c13e942d53d8d0e837042dd0ac8403 StaticDependenciesID=51478266b78ee57035ff372c669c2243 
Number of updated asset objects reloaded before import = 0
Number of asset objects unloaded after import = 1
========================================================================
Received Import Request.
  Time of request: 2026-08-09T13:40:44.995968Z
  Time since last request: 0.951343434 seconds.
  importAddress: GUID: fa83635e49f026ce69f55f5b55e3b73c - Path: Assets/UI Toolkit/SettingsMenuStyle.uss - Importer: ScriptedImporter/UnityEditor.QuickSearchModule:UnityEditor.Search:ASIAI0B
Importing 'GUID: fa83635e49f026ce69f55f5b55e3b73c - Path: Assets/UI Toolkit/SettingsMenuStyle.uss - Importer: ScriptedImporter/UnityEditor.QuickSearchModule:UnityEditor.Search:ASIAI0B' with importer (ScriptedImporter : UnityEditor.QuickSearchModule:UnityEditor.Search:ASIAI0B)
Imported 'GUID: fa83635e49f026ce69f55f5b55e3b73c' -> (Import Result ID: '01ae476850f27bf487560b830c26cdbd') in 0.001 seconds [static and dynamic dependencies]. Details - ImportResultOutputID=4bc33b58576e3df704ed862a606e63fe DependenciesID=732cbb644b1fd2baaa1c276e67ff279e StaticDependenciesID=e3042e81b644ecea7d441f3d416c2617 
Number of updated asset objects reloaded before import = 0
Number of asset objects unloaded after import = 1
========================================================================
Received Import Request.
  Time of request: 2026-08-09T13:42:52.366465Z
  Time since last request: 127.356264725 seconds.
  importAddress: GUID: fa83635e49f026ce69f55f5b55e3b73c - Path: Assets/UI Toolkit/SettingsMenuStyle.uss - Importer: PreviewImporter
Importing 'GUID: fa83635e49f026ce69f55f5b55e3b73c - Path: Assets/UI Toolkit/SettingsMenuStyle.uss - Importer: PreviewImporter' with importer (PreviewImporter)
Imported 'GUID: fa83635e49f026ce69f55f5b55e3b73c' -> (Import Result ID: '4f7214d403ebbb984cc9491464c72f31') in 0.000 seconds [static and dynamic dependencies]. Details - ImportResultOutputID=03a0f3201eaf7923755faacc8832bd0d DependenciesID=f3d00ec801acfe318708bedade985932 StaticDependenciesID=b304ff0996671cb357c04389269e90c1 
Number of updated asset objects reloaded before import = 0
Number of asset objects unloaded after import = 1
========================================================================
Received Import Request.
  Time of request: 2026-08-09T13:42:53.310939Z
  Time since last request: 0.931386035 seconds.
  importAddress: GUID: fa83635e49f026ce69f55f5b55e3b73c - Path: Assets/UI Toolkit/SettingsMenuStyle.uss - Importer: ScriptedImporter/UnityEditor.QuickSearchModule:UnityEditor.Search:ASIAI0B
Importing 'GUID: fa83635e49f026ce69f55f5b55e3b73c - Path: Assets/UI Toolkit/SettingsMenuStyle.uss - Importer: ScriptedImporter/UnityEditor.QuickSearchModule:UnityEditor.Search:ASIAI0B' with importer (ScriptedImporter : UnityEditor.QuickSearchModule:UnityEditor.Search:ASIAI0B)
Imported 'GUID: fa83635e49f026ce69f55f5b55e3b73c' -> (Import Result ID: '8119e4dd7aee87189be1300024477633') in 0.006 seconds [static and dynamic dependencies]. Details - ImportResultOutputID=163e9fd86cf6b828373661453a0826c6 DependenciesID=b06e18bc91be2b5e187fdfe69e193108 StaticDependenciesID=c5ad8a75f45389ffc38df90a553d0e41 
Number of updated asset objects reloaded before import = 0
Number of asset objects unloaded after import = 1
========================================================================
Received Import Request.
  Time of request: 2026-08-09T13:44:54.684284Z
  Time since last request: 121.346955061 seconds.
  importAddress: GUID: c9308be7d36e55fb1a3f391a72820213 - Path: Assets/UI Toolkit/MainMenuStyle.uss - Importer: PreviewImporter
Importing 'GUID: c9308be7d36e55fb1a3f391a72820213 - Path: Assets/UI Toolkit/MainMenuStyle.uss - Importer: PreviewImporter' with importer (PreviewImporter)
Imported 'GUID: c9308be7d36e55fb1a3f391a72820213' -> (Import Result ID: '00d8f142f8d299db7bb9f5ab1c619a07') in 0.001 seconds [static and dynamic dependencies]. Details - ImportResultOutputID=97288b9239c75b8183b7e0caf5e48b13 DependenciesID=8f90b8aca8555fb309957b5839e667b4 StaticDependenciesID=ded7b322b5742a0cd9e0fd29cd95cde1 
Number of updated asset objects reloaded before import = 0
Number of asset objects unloaded after import = 1
========================================================================
Received Import Request.
  Time of request: 2026-08-09T13:44:55.562457Z
  Time since last request: 0.870574055 seconds.
  importAddress: GUID: fa83635e49f026ce69f55f5b55e3b73c - Path: Assets/UI Toolkit/SettingsMenuStyle.uss - Importer: ScriptedImporter/UnityEditor.QuickSearchModule:UnityEditor.Search:ASIAI0B
Importing 'GUID: fa83635e49f026ce69f55f5b55e3b73c - Path: Assets/UI Toolkit/SettingsMenuStyle.uss - Importer: ScriptedImporter/UnityEditor.QuickSearchModule:UnityEditor.Search:ASIAI0B' with importer (ScriptedImporter : UnityEditor.QuickSearchModule:UnityEditor.Search:ASIAI0B)
Imported 'GUID: fa83635e49f026ce69f55f5b55e3b73c' -> (Import Result ID: 'd68288d6e0529efb176cd31fe695cb5c') in 0.003 seconds [static and dynamic dependencies]. Details - ImportResultOutputID=a6260769ffe6b1bd90ef8947620e341a DependenciesID=1c5aac74ec640c7cd47b8416a94fffef StaticDependenciesID=ba4cf1e99c6c860f18b814c871e8e23c 
Number of updated asset objects reloaded before import = 0
Number of asset objects unloaded after import = 1
========================================================================
Received Import Request.
  Time of request: 2026-08-09T13:45:10.138591Z
  Time since last request: 14.556446093 seconds.
  importAddress: GUID: 14342c5d42ab2d391ad8cc1230418eb5 - Path: Assets/MainMenuUXML.uxml - Importer: PreviewImporter
Importing 'GUID: 14342c5d42ab2d391ad8cc1230418eb5 - Path: Assets/MainMenuUXML.uxml - Importer: PreviewImporter' with importer (PreviewImporter)
Imported 'GUID: 14342c5d42ab2d391ad8cc1230418eb5' -> (Import Result ID: '2313646246b7e0f28fd4d3750fb4ed96') in 0.001 seconds [static and dynamic dependencies]. Details - ImportResultOutputID=10be36887e43f9dffdfe07e85652ae1b DependenciesID=bbe48378adf4b24092bc776791b086af StaticDependenciesID=372407357b5802f49e9761e9bf4d1bcc 
Number of updated asset objects reloaded before import = 0
Number of asset objects unloaded after import = 4
========================================================================
Received Import Request.
  Time of request: 2026-08-09T13:45:46.896771Z
  Time since last request: 36.748452901 seconds.
  importAddress: GUID: fa83635e49f026ce69f55f5b55e3b73c - Path: Assets/UI Toolkit/SettingsMenuStyle.uss - Importer: ScriptedImporter/UnityEditor.QuickSearchModule:UnityEditor.Search:ASIAI0B
Importing 'GUID: fa83635e49f026ce69f55f5b55e3b73c - Path: Assets/UI Toolkit/SettingsMenuStyle.uss - Importer: ScriptedImporter/UnityEditor.QuickSearchModule:UnityEditor.Search:ASIAI0B' with importer (ScriptedImporter : UnityEditor.QuickSearchModule:UnityEditor.Search:ASIAI0B)
Imported 'GUID: fa83635e49f026ce69f55f5b55e3b73c' -> (Import Result ID: '94ed77da2037b7073613d43cc7fb7dca') in 0.002 seconds [static and dynamic dependencies]. Details - ImportResultOutputID=a68b7408b3b05e3fc868c7d40f6a86dc DependenciesID=985739f20e5a0ef35a1677afe7d636a6 StaticDependenciesID=145fcad032fa7da51b99e84f2b4e8596 
Number of updated asset objects reloaded before import = 0
Number of asset objects unloaded after import = 1
========================================================================
Received Import Request.
  Time of request: 2026-08-09T13:45:58.292063Z
  Time since last request: 11.379516857 seconds.
  importAddress: GUID: fa83635e49f026ce69f55f5b55e3b73c - Path: Assets/UI Toolkit/SettingsMenuStyle.uss - Importer: ScriptedImporter/UnityEditor.QuickSearchModule:UnityEditor.Search:ASIAI0B
Importing 'GUID: fa83635e49f026ce69f55f5b55e3b73c - Path: Assets/UI Toolkit/SettingsMenuStyle.uss - Importer: ScriptedImporter/UnityEditor.QuickSearchModule:UnityEditor.Search:ASIAI0B' with importer (ScriptedImporter : UnityEditor.QuickSearchModule:UnityEditor.Search:ASIAI0B)
Imported 'GUID: fa83635e49f026ce69f55f5b55e3b73c' -> (Import Result ID: '13aed16aa7ccf198341cf096aaea707f') in 0.003 seconds [static and dynamic dependencies]. Details - ImportResultOutputID=6f90384e6d92f15c2fafc9e6de3a1ed2 DependenciesID=a9df15a119494fcf2c9b083c761088b1 StaticDependenciesID=c42a191488cc96718baa7d6a6d4dba70 
Number of updated asset objects reloaded before import = 0
Number of asset objects unloaded after import = 1
========================================================================
Received Import Request.
  Time of request: 2026-08-09T13:47:02.093088Z
  Time since last request: 63.779508356 seconds.
  importAddress: GUID: fa83635e49f026ce69f55f5b55e3b73c - Path: Assets/UI Toolkit/SettingsMenuStyle.uss - Importer: ScriptedImporter/UnityEditor.QuickSearchModule:UnityEditor.Search:ASIAI0B
Importing 'GUID: fa83635e49f026ce69f55f5b55e3b73c - Path: Assets/UI Toolkit/SettingsMenuStyle.uss - Importer: ScriptedImporter/UnityEditor.QuickSearchModule:UnityEditor.Search:ASIAI0B' with importer (ScriptedImporter : UnityEditor.QuickSearchModule:UnityEditor.Search:ASIAI0B)
Imported 'GUID: fa83635e49f026ce69f55f5b55e3b73c' -> (Import Result ID: 'cb5f8f0fddc4872b36f057c64a502211') in 0.002 seconds [static and dynamic dependencies]. Details - ImportResultOutputID=2e2e25d13d71bc4fa2f257c7c05a5ae1 DependenciesID=148e801911701f431f0de2a87f04e908 StaticDependenciesID=b49f69c461a7653698b4a5670412b97b 
Number of updated asset objects reloaded before import = 0
Number of asset objects unloaded after import = 1
========================================================================
Received Import Request.
  Time of request: 2026-08-09T13:47:48.664944Z
  Time since last request: 46.555632401 seconds.
  importAddress: GUID: fa83635e49f026ce69f55f5b55e3b73c - Path: Assets/UI Toolkit/SettingsMenuStyle.uss - Importer: ScriptedImporter/UnityEditor.QuickSearchModule:UnityEditor.Search:ASIAI0B
Importing 'GUID: fa83635e49f026ce69f55f5b55e3b73c - Path: Assets/UI Toolkit/SettingsMenuStyle.uss - Importer: ScriptedImporter/UnityEditor.QuickSearchModule:UnityEditor.Search:ASIAI0B' with importer (ScriptedImporter : UnityEditor.QuickSearchModule:UnityEditor.Search:ASIAI0B)
Imported 'GUID: fa83635e49f026ce69f55f5b55e3b73c' -> (Import Result ID: 'a22c13ca139b8c7e86d5c0b7afdba9dc') in 0.002 seconds [static and dynamic dependencies]. Details - ImportResultOutputID=88a48a97a01a12ee33c1990abc8ae1c3 DependenciesID=1f4a542d15ca72cb53e4c5d97942a377 StaticDependenciesID=2c77c7412caaf679ea227f248e4cf4fa 
Number of updated asset objects reloaded before import = 0
Number of asset objects unloaded after import = 1
========================================================================
Received Import Request.
  Time of request: 2026-08-09T13:48:17.041779Z
  Time since last request: 28.36220297 seconds.
  importAddress: GUID: fa83635e49f026ce69f55f5b55e3b73c - Path: Assets/UI Toolkit/SettingsMenuStyle.uss - Importer: ScriptedImporter/UnityEditor.QuickSearchModule:UnityEditor.Search:ASIAI0B
Importing 'GUID: fa83635e49f026ce69f55f5b55e3b73c - Path: Assets/UI Toolkit/SettingsMenuStyle.uss - Importer: ScriptedImporter/UnityEditor.QuickSearchModule:UnityEditor.Search:ASIAI0B' with importer (ScriptedImporter : UnityEditor.QuickSearchModule:UnityEditor.Search:ASIAI0B)
Imported 'GUID: fa83635e49f026ce69f55f5b55e3b73c' -> (Import Result ID: '10c6d7e7109c348bef76f75ca0b90645') in 0.002 seconds [static and dynamic dependencies]. Details - ImportResultOutputID=0caff80a902c63c4191ff3d337db3109 DependenciesID=14c0ecd94bb5265b74cd5cfd0375dbc7 StaticDependenciesID=b8c8a9a9369594821cd1fbb923a9dc4c 
Number of updated asset objects reloaded before import = 0
Number of asset objects unloaded after import = 1
========================================================================
Received Import Request.
  Time of request: 2026-08-09T13:49:33.386174Z
  Time since last request: 76.327478036 seconds.
  importAddress: GUID: fa83635e49f026ce69f55f5b55e3b73c - Path: Assets/UI Toolkit/SettingsMenuStyle.uss - Importer: ScriptedImporter/UnityEditor.QuickSearchModule:UnityEditor.Search:ASIAI0B
Importing 'GUID: fa83635e49f026ce69f55f5b55e3b73c - Path: Assets/UI Toolkit/SettingsMenuStyle.uss - Importer: ScriptedImporter/UnityEditor.QuickSearchModule:UnityEditor.Search:ASIAI0B' with importer (ScriptedImporter : UnityEditor.QuickSearchModule:UnityEditor.Search:ASIAI0B)
Imported 'GUID: fa83635e49f026ce69f55f5b55e3b73c' -> (Import Result ID: '4acf3a6cdf71ca91e2049905940b9f0b') in 0.003 seconds [static and dynamic dependencies]. Details - ImportResultOutputID=6f7758f19a8c28bd2e8be1a0420d13b8 DependenciesID=9ccad6766a656403003aa36a3774c34c StaticDependenciesID=926091ae554f8cfb4e7caf1a287baf20 
Number of updated asset objects reloaded before import = 0
Number of asset objects unloaded after import = 1
========================================================================
Received Import Request.
  Time of request: 2026-08-09T13:54:29.435899Z
  Time since last request: 296.030011006 seconds.
  importAddress: GUID: fa83635e49f026ce69f55f5b55e3b73c - Path: Assets/UI Toolkit/SettingsMenuStyle.uss - Importer: ScriptedImporter/UnityEditor.QuickSearchModule:UnityEditor.Search:ASIAI0B
Importing 'GUID: fa83635e49f026ce69f55f5b55e3b73c - Path: Assets/UI Toolkit/SettingsMenuStyle.uss - Importer: ScriptedImporter/UnityEditor.QuickSearchModule:UnityEditor.Search:ASIAI0B' with importer (ScriptedImporter : UnityEditor.QuickSearchModule:UnityEditor.Search:ASIAI0B)
Imported 'GUID: fa83635e49f026ce69f55f5b55e3b73c' -> (Import Result ID: '4e83fb3b38342995e5b9fff290adbb1c') in 0.002 seconds [static and dynamic dependencies]. Details - ImportResultOutputID=33517e447a4ebbfee6bb63b6d326a91c DependenciesID=78521d8696a601ebdfd44bf495131c39 StaticDependenciesID=7e34f5c37975e9523b105594e2635442 
Number of updated asset objects reloaded before import = 0
Number of asset objects unloaded after import = 1
========================================================================
Received Import Request.
  Time of request: 2026-08-09T13:54:57.057917Z
  Time since last request: 27.594150379 seconds.
  importAddress: GUID: fa83635e49f026ce69f55f5b55e3b73c - Path: Assets/UI Toolkit/SettingsMenuStyle.uss - Importer: ScriptedImporter/UnityEditor.QuickSearchModule:UnityEditor.Search:ASIAI0B
Importing 'GUID: fa83635e49f026ce69f55f5b55e3b73c - Path: Assets/UI Toolkit/SettingsMenuStyle.uss - Importer: ScriptedImporter/UnityEditor.QuickSearchModule:UnityEditor.Search:ASIAI0B' with importer (ScriptedImporter : UnityEditor.QuickSearchModule:UnityEditor.Search:ASIAI0B)
Unknown pseudo class "unchecked" in StyleSheet SettingsMenuStyle
UnityEngine.Debug:ExtractStackTraceNoAlloc (byte*,int,string)
UnityEngine.StackTraceUtility:ExtractStackTrace () (at /home/bokken/build/output/unity/unity/Runtime/Export/Scripting/StackTrace.cs:35)
UnityEngine.DebugLogHandler:Internal_Log (UnityEngine.LogType,UnityEngine.LogOption,string,UnityEngine.Object)
UnityEngine.DebugLogHandler:LogFormat (UnityEngine.LogType,UnityEngine.Object,string,object[])
UnityEngine.Logger:LogFormat (UnityEngine.LogType,UnityEngine.Object,string,object[])
UnityEngine.Debug:LogWarningFormat (UnityEngine.Object,string,object[])
UnityEngine.UIElements.StyleComplexSelector:CachePseudoStateMasks (UnityEngine.UIElements.StyleSheet) (at /home/bokken/build/output/unity/unity/Modules/UIElements/Core/StyleSheets/StyleComplexSelector.cs:142)
UnityEngine.UIElements.StyleSheet:SetupReferences () (at /home/bokken/build/output/unity/unity/Modules/UIElements/Core/StyleSheets/StyleSheet.cs:385)
UnityEngine.UIElements.StyleSheet:OnEnable () (at /home/bokken/build/output/unity/unity/Modules/UIElements/Core/StyleSheets/StyleSheet.cs:213)
UnityEditor.AssetDatabase:LoadMainAssetAtPath (string)
UnityEditor.Search.AssetIndexer:IndexProperties (int&,string&,bool&) (at /home/bokken/build/output/unity/unity/Modules/QuickSearch/Editor/Indexing/AssetIndexer.cs:287)
UnityEditor.Search.AssetIndexer:IndexDocument (string,bool) (at /home/bokken/build/output/unity/unity/Modules/QuickSearch/Editor/Indexing/AssetIndexer.cs:206)
UnityEditor.Search.SearchIndexArtifactImporter:OnImportAsset (UnityEditor.AssetImporters.AssetImportContext) (at /home/bokken/build/output/unity/unity/Modules/QuickSearch/Editor/Indexing/SearchIndexArtifactImporter.cs:42)
UnityEditor.AssetImporters.ScriptedImporter:GenerateAssetData (UnityEditor.AssetImporters.AssetImportContext) (at /home/bokken/build/output/unity/unity/Modules/AssetPipelineEditor/Public/ScriptedImporter.cs:25)

(Filename: /home/bokken/build/output/unity/unity/Modules/UIElements/Core/StyleSheets/StyleComplexSelector.cs Line: 142)

Imported 'GUID: fa83635e49f026ce69f55f5b55e3b73c' -> (Import Result ID: '196ca07cf7204d6c5ace4721a8487fa6') in 0.003 seconds [static and dynamic dependencies]. Details - ImportResultOutputID=e921543fe93e10894a6c6d95b6b47991 DependenciesID=260d86eaccdd7c20e58d3ec18ea85972 StaticDependenciesID=9dd5551d3546c2336955d2c4e299694b 
Number of updated asset objects reloaded before import = 0
Number of asset objects unloaded after import = 1
========================================================================
Received Import Request.
  Time of request: 2026-08-09T13:57:40.299885Z
  Time since last request: 163.22470303200001 seconds.
  importAddress: GUID: fa83635e49f026ce69f55f5b55e3b73c - Path: Assets/UI Toolkit/SettingsMenuStyle.uss - Importer: ScriptedImporter/UnityEditor.QuickSearchModule:UnityEditor.Search:ASIAI0B
Importing 'GUID: fa83635e49f026ce69f55f5b55e3b73c - Path: Assets/UI Toolkit/SettingsMenuStyle.uss - Importer: ScriptedImporter/UnityEditor.QuickSearchModule:UnityEditor.Search:ASIAI0B' with importer (ScriptedImporter : UnityEditor.QuickSearchModule:UnityEditor.Search:ASIAI0B)
Imported 'GUID: fa83635e49f026ce69f55f5b55e3b73c' -> (Import Result ID: '703cfdfeaf8527ac38fd00aaa5f4c7e5') in 0.005 seconds [static and dynamic dependencies]. Details - ImportResultOutputID=a9d77a549177f6e4ad71354d8bddc4f5 DependenciesID=c80b05cefe42a19db76b02fc7d6d8bcf StaticDependenciesID=0b965122bd4c9c2e80cd3edec946174e 
Number of updated asset objects reloaded before import = 0
Number of asset objects unloaded after import = 1
========================================================================
Received Import Request.
  Time of request: 2026-08-09T13:57:58.149739Z
  Time since last request: 17.836246301 seconds.
  importAddress: GUID: fa83635e49f026ce69f55f5b55e3b73c - Path: Assets/UI Toolkit/SettingsMenuStyle.uss - Importer: ScriptedImporter/UnityEditor.QuickSearchModule:UnityEditor.Search:ASIAI0B
Importing 'GUID: fa83635e49f026ce69f55f5b55e3b73c - Path: Assets/UI Toolkit/SettingsMenuStyle.uss - Importer: ScriptedImporter/UnityEditor.QuickSearchModule:UnityEditor.Search:ASIAI0B' with importer (ScriptedImporter : UnityEditor.QuickSearchModule:UnityEditor.Search:ASIAI0B)
Imported 'GUID: fa83635e49f026ce69f55f5b55e3b73c' -> (Import Result ID: 'e128951f9399da945e5ff37579c54a4d') in 0.005 seconds [static and dynamic dependencies]. Details - ImportResultOutputID=b52ed487d5e36108273e6669e0d9ead5 DependenciesID=ebebb952b783fa2c674a83ca9840a984 StaticDependenciesID=b120c8b40317f7b7ed291bad7d1e9747 
Number of updated asset objects reloaded before import = 0
Number of asset objects unloaded after import = 1
========================================================================
Received Import Request.
  Time of request: 2026-08-09T13:58:36.05895Z
  Time since last request: 37.891348894 seconds.
  importAddress: GUID: fa83635e49f026ce69f55f5b55e3b73c - Path: Assets/UI Toolkit/SettingsMenuStyle.uss - Importer: ScriptedImporter/UnityEditor.QuickSearchModule:UnityEditor.Search:ASIAI0B
Importing 'GUID: fa83635e49f026ce69f55f5b55e3b73c - Path: Assets/UI Toolkit/SettingsMenuStyle.uss - Importer: ScriptedImporter/UnityEditor.QuickSearchModule:UnityEditor.Search:ASIAI0B' with importer (ScriptedImporter : UnityEditor.QuickSearchModule:UnityEditor.Search:ASIAI0B)
Unknown pseudo class "unchecked" in StyleSheet SettingsMenuStyle
UnityEngine.Debug:ExtractStackTraceNoAlloc (byte*,int,string)
UnityEngine.StackTraceUtility:ExtractStackTrace () (at /home/bokken/build/output/unity/unity/Runtime/Export/Scripting/StackTrace.cs:35)
UnityEngine.DebugLogHandler:Internal_Log (UnityEngine.LogType,UnityEngine.LogOption,string,UnityEngine.Object)
UnityEngine.DebugLogHandler:LogFormat (UnityEngine.LogType,UnityEngine.Object,string,object[])
UnityEngine.Logger:LogFormat (UnityEngine.LogType,UnityEngine.Object,string,object[])
UnityEngine.Debug:LogWarningFormat (UnityEngine.Object,string,object[])
UnityEngine.UIElements.StyleComplexSelector:CachePseudoStateMasks (UnityEngine.UIElements.StyleSheet) (at /home/bokken/build/output/unity/unity/Modules/UIElements/Core/StyleSheets/StyleComplexSelector.cs:142)
UnityEngine.UIElements.StyleSheet:SetupReferences () (at /home/bokken/build/output/unity/unity/Modules/UIElements/Core/StyleSheets/StyleSheet.cs:385)
UnityEngine.UIElements.StyleSheet:OnEnable () (at /home/bokken/build/output/unity/unity/Modules/UIElements/Core/StyleSheets/StyleSheet.cs:213)
UnityEditor.AssetDatabase:LoadMainAssetAtPath (string)
UnityEditor.Search.AssetIndexer:IndexProperties (int&,string&,bool&) (at /home/bokken/build/output/unity/unity/Modules/QuickSearch/Editor/Indexing/AssetIndexer.cs:287)
UnityEditor.Search.AssetIndexer:IndexDocument (string,bool) (at /home/bokken/build/output/unity/unity/Modules/QuickSearch/Editor/Indexing/AssetIndexer.cs:206)
UnityEditor.Search.SearchIndexArtifactImporter:OnImportAsset (UnityEditor.AssetImporters.AssetImportContext) (at /home/bokken/build/output/unity/unity/Modules/QuickSearch/Editor/Indexing/SearchIndexArtifactImporter.cs:42)
UnityEditor.AssetImporters.ScriptedImporter:GenerateAssetData (UnityEditor.AssetImporters.AssetImportContext) (at /home/bokken/build/output/unity/unity/Modules/AssetPipelineEditor/Public/ScriptedImporter.cs:25)

(Filename: /home/bokken/build/output/unity/unity/Modules/UIElements/Core/StyleSheets/StyleComplexSelector.cs Line: 142)

Imported 'GUID: fa83635e49f026ce69f55f5b55e3b73c' -> (Import Result ID: '3908079dfc7d29371a4106e3f0b773e3') in 0.002 seconds [static and dynamic dependencies]. Details - ImportResultOutputID=9ad6f7e5b2b8ba8d0782946d390ceb40 DependenciesID=28044159bcc887cac6db06f24e5a02f7 StaticDependenciesID=8637264be21d0e3fc75f833acfdf42f6 
Number of updated asset objects reloaded before import = 0
Number of asset objects unloaded after import = 1
========================================================================
Received Import Request.
  Time of request: 2026-08-09T14:00:14.851254Z
  Time since last request: 98.763868359 seconds.
  importAddress: GUID: fa83635e49f026ce69f55f5b55e3b73c - Path: Assets/UI Toolkit/SettingsMenuStyle.uss - Importer: ScriptedImporter/UnityEditor.QuickSearchModule:UnityEditor.Search:ASIAI0B
Importing 'GUID: fa83635e49f026ce69f55f5b55e3b73c - Path: Assets/UI Toolkit/SettingsMenuStyle.uss - Importer: ScriptedImporter/UnityEditor.QuickSearchModule:UnityEditor.Search:ASIAI0B' with importer (ScriptedImporter : UnityEditor.QuickSearchModule:UnityEditor.Search:ASIAI0B)
Unknown pseudo class "unchecked" in StyleSheet SettingsMenuStyle
UnityEngine.Debug:ExtractStackTraceNoAlloc (byte*,int,string)
UnityEngine.StackTraceUtility:ExtractStackTrace () (at /home/bokken/build/output/unity/unity/Runtime/Export/Scripting/StackTrace.cs:35)
UnityEngine.DebugLogHandler:Internal_Log (UnityEngine.LogType,UnityEngine.LogOption,string,UnityEngine.Object)
UnityEngine.DebugLogHandler:LogFormat (UnityEngine.LogType,UnityEngine.Object,string,object[])
UnityEngine.Logger:LogFormat (UnityEngine.LogType,UnityEngine.Object,string,object[])
UnityEngine.Debug:LogWarningFormat (UnityEngine.Object,string,object[])
UnityEngine.UIElements.StyleComplexSelector:CachePseudoStateMasks (UnityEngine.UIElements.StyleSheet) (at /home/bokken/build/output/unity/unity/Modules/UIElements/Core/StyleSheets/StyleComplexSelector.cs:142)
UnityEngine.UIElements.StyleSheet:SetupReferences () (at /home/bokken/build/output/unity/unity/Modules/UIElements/Core/StyleSheets/StyleSheet.cs:385)
UnityEngine.UIElements.StyleSheet:OnEnable () (at /home/bokken/build/output/unity/unity/Modules/UIElements/Core/StyleSheets/StyleSheet.cs:213)
UnityEditor.AssetDatabase:LoadMainAssetAtPath (string)
UnityEditor.Search.AssetIndexer:IndexProperties (int&,string&,bool&) (at /home/bokken/build/output/unity/unity/Modules/QuickSearch/Editor/Indexing/AssetIndexer.cs:287)
UnityEditor.Search.AssetIndexer:IndexDocument (string,bool) (at /home/bokken/build/output/unity/unity/Modules/QuickSearch/Editor/Indexing/AssetIndexer.cs:206)
UnityEditor.Search.SearchIndexArtifactImporter:OnImportAsset (UnityEditor.AssetImporters.AssetImportContext) (at /home/bokken/build/output/unity/unity/Modules/QuickSearch/Editor/Indexing/SearchIndexArtifactImporter.cs:42)
UnityEditor.AssetImporters.ScriptedImporter:GenerateAssetData (UnityEditor.AssetImporters.AssetImportContext) (at /home/bokken/build/output/unity/unity/Modules/AssetPipelineEditor/Public/ScriptedImporter.cs:25)

(Filename: /home/bokken/build/output/unity/unity/Modules/UIElements/Core/StyleSheets/StyleComplexSelector.cs Line: 142)

Imported 'GUID: fa83635e49f026ce69f55f5b55e3b73c' -> (Import Result ID: 'a7e618dbb3e2197ad6eb27e83335d675') in 0.002 seconds [static and dynamic dependencies]. Details - ImportResultOutputID=8d369692de2e2bad52b68d93933694ba DependenciesID=07698b9dbb281dea5e4e30008bf55277 StaticDependenciesID=f64fe7cceaff06248d013c634c503497 
Number of updated asset objects reloaded before import = 0
Number of asset objects unloaded after import = 1
========================================================================
Received Import Request.
  Time of request: 2026-08-09T14:03:19.105405Z
  Time since last request: 184.23857022799999 seconds.
  importAddress: GUID: fa83635e49f026ce69f55f5b55e3b73c - Path: Assets/UI Toolkit/SettingsMenuStyle.uss - Importer: ScriptedImporter/UnityEditor.QuickSearchModule:UnityEditor.Search:ASIAI0B
Importing 'GUID: fa83635e49f026ce69f55f5b55e3b73c - Path: Assets/UI Toolkit/SettingsMenuStyle.uss - Importer: ScriptedImporter/UnityEditor.QuickSearchModule:UnityEditor.Search:ASIAI0B' with importer (ScriptedImporter : UnityEditor.QuickSearchModule:UnityEditor.Search:ASIAI0B)
Unknown pseudo class "unchecked" in StyleSheet SettingsMenuStyle
UnityEngine.Debug:ExtractStackTraceNoAlloc (byte*,int,string)
UnityEngine.StackTraceUtility:ExtractStackTrace () (at /home/bokken/build/output/unity/unity/Runtime/Export/Scripting/StackTrace.cs:35)
UnityEngine.DebugLogHandler:Internal_Log (UnityEngine.LogType,UnityEngine.LogOption,string,UnityEngine.Object)
UnityEngine.DebugLogHandler:LogFormat (UnityEngine.LogType,UnityEngine.Object,string,object[])
UnityEngine.Logger:LogFormat (UnityEngine.LogType,UnityEngine.Object,string,object[])
UnityEngine.Debug:LogWarningFormat (UnityEngine.Object,string,object[])
UnityEngine.UIElements.StyleComplexSelector:CachePseudoStateMasks (UnityEngine.UIElements.StyleSheet) (at /home/bokken/build/output/unity/unity/Modules/UIElements/Core/StyleSheets/StyleComplexSelector.cs:142)
UnityEngine.UIElements.StyleSheet:SetupReferences () (at /home/bokken/build/output/unity/unity/Modules/UIElements/Core/StyleSheets/StyleSheet.cs:385)
UnityEngine.UIElements.StyleSheet:OnEnable () (at /home/bokken/build/output/unity/unity/Modules/UIElements/Core/StyleSheets/StyleSheet.cs:213)
UnityEditor.AssetDatabase:LoadMainAssetAtPath (string)
UnityEditor.Search.AssetIndexer:IndexProperties (int&,string&,bool&) (at /home/bokken/build/output/unity/unity/Modules/QuickSearch/Editor/Indexing/AssetIndexer.cs:287)
UnityEditor.Search.AssetIndexer:IndexDocument (string,bool) (at /home/bokken/build/output/unity/unity/Modules/QuickSearch/Editor/Indexing/AssetIndexer.cs:206)
UnityEditor.Search.SearchIndexArtifactImporter:OnImportAsset (UnityEditor.AssetImporters.AssetImportContext) (at /home/bokken/build/output/unity/unity/Modules/QuickSearch/Editor/Indexing/SearchIndexArtifactImporter.cs:42)
UnityEditor.AssetImporters.ScriptedImporter:GenerateAssetData (UnityEditor.AssetImporters.AssetImportContext) (at /home/bokken/build/output/unity/unity/Modules/AssetPipelineEditor/Public/ScriptedImporter.cs:25)

(Filename: /home/bokken/build/output/unity/unity/Modules/UIElements/Core/StyleSheets/StyleComplexSelector.cs Line: 142)

Imported 'GUID: fa83635e49f026ce69f55f5b55e3b73c' -> (Import Result ID: '6d0d2932a9bd9c6c97f86c24785e30fa') in 0.004 seconds [static and dynamic dependencies]. Details - ImportResultOutputID=f44114d59491c7340f4166acf1aca4a9 DependenciesID=538a50c95d4fce43b4c85e2f4da88eaf StaticDependenciesID=efdcaa4d3ede7e6456952c158fab93b5 
Number of updated asset objects reloaded before import = 0
Number of asset objects unloaded after import = 1
========================================================================
Received Import Request.
  Time of request: 2026-08-09T14:03:37.252768Z
  Time since last request: 18.124929323 seconds.
  importAddress: GUID: fa83635e49f026ce69f55f5b55e3b73c - Path: Assets/UI Toolkit/SettingsMenuStyle.uss - Importer: ScriptedImporter/UnityEditor.QuickSearchModule:UnityEditor.Search:ASIAI0B
Importing 'GUID: fa83635e49f026ce69f55f5b55e3b73c - Path: Assets/UI Toolkit/SettingsMenuStyle.uss - Importer: ScriptedImporter/UnityEditor.QuickSearchModule:UnityEditor.Search:ASIAI0B' with importer (ScriptedImporter : UnityEditor.QuickSearchModule:UnityEditor.Search:ASIAI0B)
Unknown pseudo class "unchecked" in StyleSheet SettingsMenuStyle
UnityEngine.Debug:ExtractStackTraceNoAlloc (byte*,int,string)
UnityEngine.StackTraceUtility:ExtractStackTrace () (at /home/bokken/build/output/unity/unity/Runtime/Export/Scripting/StackTrace.cs:35)
UnityEngine.DebugLogHandler:Internal_Log (UnityEngine.LogType,UnityEngine.LogOption,string,UnityEngine.Object)
UnityEngine.DebugLogHandler:LogFormat (UnityEngine.LogType,UnityEngine.Object,string,object[])
UnityEngine.Logger:LogFormat (UnityEngine.LogType,UnityEngine.Object,string,object[])
UnityEngine.Debug:LogWarningFormat (UnityEngine.Object,string,object[])
UnityEngine.UIElements.StyleComplexSelector:CachePseudoStateMasks (UnityEngine.UIElements.StyleSheet) (at /home/bokken/build/output/unity/unity/Modules/UIElements/Core/StyleSheets/StyleComplexSelector.cs:142)
UnityEngine.UIElements.StyleSheet:SetupReferences () (at /home/bokken/build/output/unity/unity/Modules/UIElements/Core/StyleSheets/StyleSheet.cs:385)
UnityEngine.UIElements.StyleSheet:OnEnable () (at /home/bokken/build/output/unity/unity/Modules/UIElements/Core/StyleSheets/StyleSheet.cs:213)
UnityEditor.AssetDatabase:LoadMainAssetAtPath (string)
UnityEditor.Search.AssetIndexer:IndexProperties (int&,string&,bool&) (at /home/bokken/build/output/unity/unity/Modules/QuickSearch/Editor/Indexing/AssetIndexer.cs:287)
UnityEditor.Search.AssetIndexer:IndexDocument (string,bool) (at /home/bokken/build/output/unity/unity/Modules/QuickSearch/Editor/Indexing/AssetIndexer.cs:206)
UnityEditor.Search.SearchIndexArtifactImporter:OnImportAsset (UnityEditor.AssetImporters.AssetImportContext) (at /home/bokken/build/output/unity/unity/Modules/QuickSearch/Editor/Indexing/SearchIndexArtifactImporter.cs:42)
UnityEditor.AssetImporters.ScriptedImporter:GenerateAssetData (UnityEditor.AssetImporters.AssetImportContext) (at /home/bokken/build/output/unity/unity/Modules/AssetPipelineEditor/Public/ScriptedImporter.cs:25)

(Filename: /home/bokken/build/output/unity/unity/Modules/UIElements/Core/StyleSheets/StyleComplexSelector.cs Line: 142)

Imported 'GUID: fa83635e49f026ce69f55f5b55e3b73c' -> (Import Result ID: 'd5d16af7e4ab640e048d5cce9f600898') in 0.005 seconds [static and dynamic dependencies]. Details - ImportResultOutputID=4369ff34713d55bc8457752a14f54e54 DependenciesID=89837fa5d3f19191434c9078ffb60f9c StaticDependenciesID=4a8ffbac059019f1caf2cc995807a651 
Number of updated asset objects reloaded before import = 0
Number of asset objects unloaded after import = 1
========================================================================
Received Import Request.
  Time of request: 2026-08-09T14:05:15.034375Z
  Time since last request: 97.763112914 seconds.
  importAddress: GUID: fa83635e49f026ce69f55f5b55e3b73c - Path: Assets/UI Toolkit/SettingsMenuStyle.uss - Importer: ScriptedImporter/UnityEditor.QuickSearchModule:UnityEditor.Search:ASIAI0B
Importing 'GUID: fa83635e49f026ce69f55f5b55e3b73c - Path: Assets/UI Toolkit/SettingsMenuStyle.uss - Importer: ScriptedImporter/UnityEditor.QuickSearchModule:UnityEditor.Search:ASIAI0B' with importer (ScriptedImporter : UnityEditor.QuickSearchModule:UnityEditor.Search:ASIAI0B)
Unknown pseudo class "unchecked" in StyleSheet SettingsMenuStyle
UnityEngine.Debug:ExtractStackTraceNoAlloc (byte*,int,string)
UnityEngine.StackTraceUtility:ExtractStackTrace () (at /home/bokken/build/output/unity/unity/Runtime/Export/Scripting/StackTrace.cs:35)
UnityEngine.DebugLogHandler:Internal_Log (UnityEngine.LogType,UnityEngine.LogOption,string,UnityEngine.Object)
UnityEngine.DebugLogHandler:LogFormat (UnityEngine.LogType,UnityEngine.Object,string,object[])
UnityEngine.Logger:LogFormat (UnityEngine.LogType,UnityEngine.Object,string,object[])
UnityEngine.Debug:LogWarningFormat (UnityEngine.Object,string,object[])
UnityEngine.UIElements.StyleComplexSelector:CachePseudoStateMasks (UnityEngine.UIElements.StyleSheet) (at /home/bokken/build/output/unity/unity/Modules/UIElements/Core/StyleSheets/StyleComplexSelector.cs:142)
UnityEngine.UIElements.StyleSheet:SetupReferences () (at /home/bokken/build/output/unity/unity/Modules/UIElements/Core/StyleSheets/StyleSheet.cs:385)
UnityEngine.UIElements.StyleSheet:OnEnable () (at /home/bokken/build/output/unity/unity/Modules/UIElements/Core/StyleSheets/StyleSheet.cs:213)
UnityEditor.AssetDatabase:LoadMainAssetAtPath (string)
UnityEditor.Search.AssetIndexer:IndexProperties (int&,string&,bool&) (at /home/bokken/build/output/unity/unity/Modules/QuickSearch/Editor/Indexing/AssetIndexer.cs:287)
UnityEditor.Search.AssetIndexer:IndexDocument (string,bool) (at /home/bokken/build/output/unity/unity/Modules/QuickSearch/Editor/Indexing/AssetIndexer.cs:206)
UnityEditor.Search.SearchIndexArtifactImporter:OnImportAsset (UnityEditor.AssetImporters.AssetImportContext) (at /home/bokken/build/output/unity/unity/Modules/QuickSearch/Editor/Indexing/SearchIndexArtifactImporter.cs:42)
UnityEditor.AssetImporters.ScriptedImporter:GenerateAssetData (UnityEditor.AssetImporters.AssetImportContext) (at /home/bokken/build/output/unity/unity/Modules/AssetPipelineEditor/Public/ScriptedImporter.cs:25)

(Filename: /home/bokken/build/output/unity/unity/Modules/UIElements/Core/StyleSheets/StyleComplexSelector.cs Line: 142)

Imported 'GUID: fa83635e49f026ce69f55f5b55e3b73c' -> (Import Result ID: '7df09a60390625cf3c8c07d1526dcee4') in 0.002 seconds [static and dynamic dependencies]. Details - ImportResultOutputID=70a5fc035e97de74e41e0a1b63da2f7a DependenciesID=65cced46f9dcfdd4311b62f77531c62a StaticDependenciesID=0ae0148846cccdb604ef9b0302eef070 
Number of updated asset objects reloaded before import = 0
Number of asset objects unloaded after import = 1
========================================================================
Received Import Request.
  Time of request: 2026-08-09T14:09:06.607473Z
  Time since last request: 231.55739118299999 seconds.
  importAddress: GUID: fa83635e49f026ce69f55f5b55e3b73c - Path: Assets/UI Toolkit/SettingsMenuStyle.uss - Importer: ScriptedImporter/UnityEditor.QuickSearchModule:UnityEditor.Search:ASIAI0B
Importing 'GUID: fa83635e49f026ce69f55f5b55e3b73c - Path: Assets/UI Toolkit/SettingsMenuStyle.uss - Importer: ScriptedImporter/UnityEditor.QuickSearchModule:UnityEditor.Search:ASIAI0B' with importer (ScriptedImporter : UnityEditor.QuickSearchModule:UnityEditor.Search:ASIAI0B)
Imported 'GUID: fa83635e49f026ce69f55f5b55e3b73c' -> (Import Result ID: '958fb475b0e7c7db26d587cc1cf05f4f') in 0.003 seconds [static and dynamic dependencies]. Details - ImportResultOutputID=dc4dcefa39d9001bc12d675feaf10561 DependenciesID=0bf0f6d38bef6ee226c7ca3275de5713 StaticDependenciesID=7c5c19ee669942ef1eb9f5ceddedb239 
Number of updated asset objects reloaded before import = 0
Number of asset objects unloaded after import = 1
========================================================================
Received Import Request.
  Time of request: 2026-08-09T14:11:24.051283Z
  Time since last request: 137.42495662600001 seconds.
  importAddress: GUID: fa83635e49f026ce69f55f5b55e3b73c - Path: Assets/UI Toolkit/SettingsMenuStyle.uss - Importer: ScriptedImporter/UnityEditor.QuickSearchModule:UnityEditor.Search:ASIAI0B
Importing 'GUID: fa83635e49f026ce69f55f5b55e3b73c - Path: Assets/UI Toolkit/SettingsMenuStyle.uss - Importer: ScriptedImporter/UnityEditor.QuickSearchModule:UnityEditor.Search:ASIAI0B' with importer (ScriptedImporter : UnityEditor.QuickSearchModule:UnityEditor.Search:ASIAI0B)
Imported 'GUID: fa83635e49f026ce69f55f5b55e3b73c' -> (Import Result ID: '128268432a00a89996969b4553b16578') in 0.002 seconds [static and dynamic dependencies]. Details - ImportResultOutputID=541b043ef1580c1058ccd29b94f4a396 DependenciesID=85d2f52d2b744c8e7c9f7974ad282361 StaticDependenciesID=7cc1a8ffa2b5a42d3337b48c8f0cebdd 
Number of updated asset objects reloaded before import = 0
Number of asset objects unloaded after import = 1
========================================================================
Received Import Request.
  Time of request: 2026-08-09T14:12:00.586196Z
  Time since last request: 36.518402466 seconds.
  importAddress: GUID: fa83635e49f026ce69f55f5b55e3b73c - Path: Assets/UI Toolkit/SettingsMenuStyle.uss - Importer: ScriptedImporter/UnityEditor.QuickSearchModule:UnityEditor.Search:ASIAI0B
Importing 'GUID: fa83635e49f026ce69f55f5b55e3b73c - Path: Assets/UI Toolkit/SettingsMenuStyle.uss - Importer: ScriptedImporter/UnityEditor.QuickSearchModule:UnityEditor.Search:ASIAI0B' with importer (ScriptedImporter : UnityEditor.QuickSearchModule:UnityEditor.Search:ASIAI0B)
Imported 'GUID: fa83635e49f026ce69f55f5b55e3b73c' -> (Import Result ID: 'e3ebdfcc6178e2753089073832303309') in 0.002 seconds [static and dynamic dependencies]. Details - ImportResultOutputID=58756790830bb66b71220d69e2856d1a DependenciesID=b28c7e76bea90e792fbc1b600d6046bf StaticDependenciesID=69be612da9a7f5c42718b177a9a5e047 
Number of updated asset objects reloaded before import = 0
Number of asset objects unloaded after import = 1
========================================================================
Received Import Request.
  Time of request: 2026-08-09T14:13:22.631606Z
  Time since last request: 82.03189516499999 seconds.
  importAddress: GUID: fa83635e49f026ce69f55f5b55e3b73c - Path: Assets/UI Toolkit/SettingsMenuStyle.uss - Importer: ScriptedImporter/UnityEditor.QuickSearchModule:UnityEditor.Search:ASIAI0B
Importing 'GUID: fa83635e49f026ce69f55f5b55e3b73c - Path: Assets/UI Toolkit/SettingsMenuStyle.uss - Importer: ScriptedImporter/UnityEditor.QuickSearchModule:UnityEditor.Search:ASIAI0B' with importer (ScriptedImporter : UnityEditor.QuickSearchModule:UnityEditor.Search:ASIAI0B)
Imported 'GUID: fa83635e49f026ce69f55f5b55e3b73c' -> (Import Result ID: '1053a2facce54f18820e68c3f84ea8ac') in 0.006 seconds [static and dynamic dependencies]. Details - ImportResultOutputID=e04066f5e59b67a939bc98d94aee5ec3 DependenciesID=70a12a5f66a03a081609df742dde9401 StaticDependenciesID=9a466f6ae3073250fcb78631ddf095ea 
Number of updated asset objects reloaded before import = 0
Number of asset objects unloaded after import = 1
========================================================================
Received Import Request.
  Time of request: 2026-08-09T14:13:32.7592Z
  Time since last request: 10.113539944 seconds.
  importAddress: GUID: fa83635e49f026ce69f55f5b55e3b73c - Path: Assets/UI Toolkit/SettingsMenuStyle.uss - Importer: ScriptedImporter/UnityEditor.QuickSearchModule:UnityEditor.Search:ASIAI0B
Importing 'GUID: fa83635e49f026ce69f55f5b55e3b73c - Path: Assets/UI Toolkit/SettingsMenuStyle.uss - Importer: ScriptedImporter/UnityEditor.QuickSearchModule:UnityEditor.Search:ASIAI0B' with importer (ScriptedImporter : UnityEditor.QuickSearchModule:UnityEditor.Search:ASIAI0B)
Imported 'GUID: fa83635e49f026ce69f55f5b55e3b73c' -> (Import Result ID: '9b47b6e34bdc0b411be1d3ef8b7addf9') in 0.005 seconds [static and dynamic dependencies]. Details - ImportResultOutputID=d3a0fa6e2eb945ea30a4871c7f8c4096 DependenciesID=6693dec50ea2dd51046f5abeda7fdb23 StaticDependenciesID=105e94b4bb199225fe897e8682728ed4 
Number of updated asset objects reloaded before import = 0
Number of asset objects unloaded after import = 1
========================================================================
Received Import Request.
  Time of request: 2026-08-09T14:14:52.370534Z
  Time since last request: 79.581843909 seconds.
  importAddress: GUID: fa83635e49f026ce69f55f5b55e3b73c - Path: Assets/UI Toolkit/SettingsMenuStyle.uss - Importer: ScriptedImporter/UnityEditor.QuickSearchModule:UnityEditor.Search:ASIAI0B
Importing 'GUID: fa83635e49f026ce69f55f5b55e3b73c - Path: Assets/UI Toolkit/SettingsMenuStyle.uss - Importer: ScriptedImporter/UnityEditor.QuickSearchModule:UnityEditor.Search:ASIAI0B' with importer (ScriptedImporter : UnityEditor.QuickSearchModule:UnityEditor.Search:ASIAI0B)
Imported 'GUID: fa83635e49f026ce69f55f5b55e3b73c' -> (Import Result ID: 'e7081dc970cb76b0612db974770c3d99') in 0.003 seconds [static and dynamic dependencies]. Details - ImportResultOutputID=c0c66f6ff61a5582e18600993d8de934 DependenciesID=0188b35c8115dd77717843642245efda StaticDependenciesID=614fe08c58b57843556d78004f3cef12 
Number of updated asset objects reloaded before import = 0
Number of asset objects unloaded after import = 1
========================================================================
Received Import Request.
  Time of request: 2026-08-09T14:15:54.462881Z
  Time since last request: 62.069285442 seconds.
  importAddress: GUID: 0251323f676325a6383f0ecf4c89d5a4 - Path: Assets/Miku.jpg - Importer: PreviewImporter
Importing 'GUID: 0251323f676325a6383f0ecf4c89d5a4 - Path: Assets/Miku.jpg - Importer: PreviewImporter' with importer (PreviewImporter)
Imported 'GUID: 0251323f676325a6383f0ecf4c89d5a4' -> (Import Result ID: '88ca54995efc800ead7e03ea1a753a38') in 0.061 seconds [static and dynamic dependencies]. Details - ImportResultOutputID=9c832920633799ff824205ede17b791e DependenciesID=91a8747df912ee14c8271dcff2eea86a StaticDependenciesID=0808877b71718899fd179a0a529294ad 
Number of updated asset objects reloaded before import = 0
Number of asset objects unloaded after import = 3
========================================================================
Received Import Request.
  Time of request: 2026-08-09T14:15:55.454307Z
  Time since last request: 0.91937574 seconds.
  importAddress: GUID: 0251323f676325a6383f0ecf4c89d5a4 - Path: Assets/Miku.jpg - Importer: ScriptedImporter/UnityEditor.QuickSearchModule:UnityEditor.Search:ASIAI0B
Importing 'GUID: 0251323f676325a6383f0ecf4c89d5a4 - Path: Assets/Miku.jpg - Importer: ScriptedImporter/UnityEditor.QuickSearchModule:UnityEditor.Search:ASIAI0B' with importer (ScriptedImporter : UnityEditor.QuickSearchModule:UnityEditor.Search:ASIAI0B)
Imported 'GUID: 0251323f676325a6383f0ecf4c89d5a4' -> (Import Result ID: 'cba2337308120644dbdfd65223b90ea5') in 0.050 seconds [static and dynamic dependencies]. Details - ImportResultOutputID=97accd889e9593d51c4abf44ddc2f490 DependenciesID=a4410c47d8fdc42db91a81c1880c040c StaticDependenciesID=5d195f1894afbc0a2f6534ac1aab3079 
Number of updated asset objects reloaded before import = 0
Number of asset objects unloaded after import = 3
========================================================================
Received Import Request.
  Time of request: 2026-08-09T14:16:02.872143Z
  Time since last request: 7.352805276 seconds.
  importAddress: GUID: 1187dfde719cef5e5a7c885eb0e6680b - Path: Assets/rtx-4090-suprim-x-5.webp - Importer: ScriptedImporter/UnityEditor.QuickSearchModule:UnityEditor.Search:ASIAI0B
Importing 'GUID: 1187dfde719cef5e5a7c885eb0e6680b - Path: Assets/rtx-4090-suprim-x-5.webp - Importer: ScriptedImporter/UnityEditor.QuickSearchModule:UnityEditor.Search:ASIAI0B' with importer (ScriptedImporter : UnityEditor.QuickSearchModule:UnityEditor.Search:ASIAI0B)
Imported 'GUID: 1187dfde719cef5e5a7c885eb0e6680b' -> (Import Result ID: 'b9ac3f227a83ec9f116abba121d171e7') in 0.002 seconds [static and dynamic dependencies]. Details - ImportResultOutputID=95b2bda4432f1c8e90a4b883f5f29abe DependenciesID=85fc4a0f653b1d014f821c1ba63a43f3 StaticDependenciesID=8a999e82af1fab8d9bcb93d75c41fb18 
Number of updated asset objects reloaded before import = 0
Number of asset objects unloaded after import = 1
========================================================================
Received Import Request.
  Time of request: 2026-08-09T14:16:03.543789Z
  Time since last request: 0.658189778 seconds.
  importAddress: GUID: 1187dfde719cef5e5a7c885eb0e6680b - Path: Assets/rtx-4090-suprim-x-5.webp - Importer: PreviewImporter
Importing 'GUID: 1187dfde719cef5e5a7c885eb0e6680b - Path: Assets/rtx-4090-suprim-x-5.webp - Importer: PreviewImporter' with importer (PreviewImporter)
Imported 'GUID: 1187dfde719cef5e5a7c885eb0e6680b' -> (Import Result ID: '31ec9829256ded4322faaec434a58bf6') in 0.001 seconds [static and dynamic dependencies]. Details - ImportResultOutputID=9d014e0c788c348c4b811b8a1861fad6 DependenciesID=637678e514cdbb916b2175f0848d80f1 StaticDependenciesID=7812dd531b5021fc43098b4bdea7ab58 
Number of updated asset objects reloaded before import = 0
Number of asset objects unloaded after import = 1
========================================================================
Received Import Request.
  Time of request: 2026-08-09T14:17:23.360203Z
  Time since last request: 79.80177406200001 seconds.
  importAddress: GUID: 77ecc0138952d035e8ab8fcb556d480c - Path: Assets/photo-1549948558-1c6406684186.avif - Importer: ScriptedImporter/UnityEditor.QuickSearchModule:UnityEditor.Search:ASIAI0B
Importing 'GUID: 77ecc0138952d035e8ab8fcb556d480c - Path: Assets/photo-1549948558-1c6406684186.avif - Importer: ScriptedImporter/UnityEditor.QuickSearchModule:UnityEditor.Search:ASIAI0B' with importer (ScriptedImporter : UnityEditor.QuickSearchModule:UnityEditor.Search:ASIAI0B)
Imported 'GUID: 77ecc0138952d035e8ab8fcb556d480c' -> (Import Result ID: '5b9b3632403caab58c0964462ae54070') in 0.005 seconds [static and dynamic dependencies]. Details - ImportResultOutputID=8da67c69671fce82ea914ff2375b0ba1 DependenciesID=e78cfe185d322eeb6f8171ffb75aec06 StaticDependenciesID=d4d38716f2272dba059e3c122ffe9f0a 
Number of updated asset objects reloaded before import = 0
Number of asset objects unloaded after import = 1
========================================================================
Received Import Request.
  Time of request: 2026-08-09T14:17:23.534226Z
  Time since last request: 0.150002606 seconds.
  importAddress: GUID: 77ecc0138952d035e8ab8fcb556d480c - Path: Assets/photo-1549948558-1c6406684186.avif - Importer: PreviewImporter
Importing 'GUID: 77ecc0138952d035e8ab8fcb556d480c - Path: Assets/photo-1549948558-1c6406684186.avif - Importer: PreviewImporter' with importer (PreviewImporter)
Imported 'GUID: 77ecc0138952d035e8ab8fcb556d480c' -> (Import Result ID: '1d7bb328e0af5ea70a696a1a7a7068f4') in 0.001 seconds [static and dynamic dependencies]. Details - ImportResultOutputID=6c4987114831a852ac82b376d6e4b194 DependenciesID=d56b719617912adc057df8c2dae7cefe StaticDependenciesID=c804212a76116486c3cb10a160717035 
Number of updated asset objects reloaded before import = 0
Number of asset objects unloaded after import = 1
========================================================================
Received Import Request.
  Time of request: 2026-08-09T14:17:50.794311Z
  Time since last request: 27.23897371 seconds.
  importAddress: GUID: 3c27241480b39b822a4305571a1aeff3 - Path: Assets/photo-1549948558-1c6406684186.pdf - Importer: ScriptedImporter/UnityEditor.QuickSearchModule:UnityEditor.Search:ASIAI0B
Importing 'GUID: 3c27241480b39b822a4305571a1aeff3 - Path: Assets/photo-1549948558-1c6406684186.pdf - Importer: ScriptedImporter/UnityEditor.QuickSearchModule:UnityEditor.Search:ASIAI0B' with importer (ScriptedImporter : UnityEditor.QuickSearchModule:UnityEditor.Search:ASIAI0B)
Imported 'GUID: 3c27241480b39b822a4305571a1aeff3' -> (Import Result ID: 'd0351c86401f868fbd862e7a6eb48a3d') in 0.002 seconds [static and dynamic dependencies]. Details - ImportResultOutputID=eb5fa8632b1aa7f020753eb019d01d6b DependenciesID=cc8806e2c4674d743e2866208334e164 StaticDependenciesID=b61f13cc48e28f049c8672342c95995a 
Number of updated asset objects reloaded before import = 0
Number of asset objects unloaded after import = 1
========================================================================
Received Import Request.
  Time of request: 2026-08-09T14:17:50.84093Z
  Time since last request: 0.031623183 seconds.
  importAddress: GUID: 3c27241480b39b822a4305571a1aeff3 - Path: Assets/photo-1549948558-1c6406684186.pdf - Importer: PreviewImporter
Importing 'GUID: 3c27241480b39b822a4305571a1aeff3 - Path: Assets/photo-1549948558-1c6406684186.pdf - Importer: PreviewImporter' with importer (PreviewImporter)
Imported 'GUID: 3c27241480b39b822a4305571a1aeff3' -> (Import Result ID: 'deaea504429ac73becf2e21d81538b0a') in 0.000 seconds [static and dynamic dependencies]. Details - ImportResultOutputID=efd38dbd823597621477cd94e769067f DependenciesID=ebd0313f3606beed7705cc0d196e09f5 StaticDependenciesID=93051924a48386313d5c57986a0774fa 
Number of updated asset objects reloaded before import = 0
Number of asset objects unloaded after import = 1
========================================================================
Received Import Request.
  Time of request: 2026-08-09T14:21:34.400355Z
  Time since last request: 223.54675745 seconds.
  importAddress: GUID: 14342c5d42ab2d391ad8cc1230418eb5 - Path: Assets/MainMenuUXML.uxml - Importer: PreviewImporter
Importing 'GUID: 14342c5d42ab2d391ad8cc1230418eb5 - Path: Assets/MainMenuUXML.uxml - Importer: PreviewImporter' with importer (PreviewImporter)
Imported 'GUID: 14342c5d42ab2d391ad8cc1230418eb5' -> (Import Result ID: 'd047e02b32eeadcfc22a837c3515881d') in 0.005 seconds [static and dynamic dependencies]. Details - ImportResultOutputID=10be36887e43f9dffdfe07e85652ae1b DependenciesID=99f005b8efbefc11e8383ec6c6932a9d StaticDependenciesID=7b6c36644d7ef1c2a92bbf1e137ed21b 
Number of updated asset objects reloaded before import = 0
Number of asset objects unloaded after import = 5
========================================================================
Received Import Request.
  Time of request: 2026-08-09T14:21:34.87151Z
  Time since last request: 0.459219212 seconds.
  importAddress: GUID: 0251323f676325a6383f0ecf4c89d5a4 - Path: Assets/Miku.jpg - Importer: PreviewImporter
Importing 'GUID: 0251323f676325a6383f0ecf4c89d5a4 - Path: Assets/Miku.jpg - Importer: PreviewImporter' with importer (PreviewImporter)
Imported 'GUID: 0251323f676325a6383f0ecf4c89d5a4' -> (Import Result ID: '413be9ddb1e671b508341011832fdf0a') in 0.010 seconds [static and dynamic dependencies]. Details - ImportResultOutputID=f734d01c94d5279c083c043944bbe346 DependenciesID=49552b454799795a80ee534b5ddcd944 StaticDependenciesID=1bf75db726d206ba2642e02c6ae6e0de 
Number of updated asset objects reloaded before import = 0
Number of asset objects unloaded after import = 3
========================================================================
Received Import Request.
  Time of request: 2026-08-09T14:21:35.774112Z
  Time since last request: 0.883748698 seconds.
  importAddress: GUID: 0251323f676325a6383f0ecf4c89d5a4 - Path: Assets/Miku.jpg - Importer: ScriptedImporter/UnityEditor.QuickSearchModule:UnityEditor.Search:ASIAI0B
Importing 'GUID: 0251323f676325a6383f0ecf4c89d5a4 - Path: Assets/Miku.jpg - Importer: ScriptedImporter/UnityEditor.QuickSearchModule:UnityEditor.Search:ASIAI0B' with importer (ScriptedImporter : UnityEditor.QuickSearchModule:UnityEditor.Search:ASIAI0B)
Imported 'GUID: 0251323f676325a6383f0ecf4c89d5a4' -> (Import Result ID: '63b6ac626184f2ea419994d068096dda') in 0.004 seconds [static and dynamic dependencies]. Details - ImportResultOutputID=bfeecee6794ac3dbedd4464a55cea711 DependenciesID=929f903e6a78d2f4dd6b9833e20e1935 StaticDependenciesID=24bdbe754aa60c4b5f67a72aa36a53e5 
Number of updated asset objects reloaded before import = 0
Number of asset objects unloaded after import = 3
========================================================================
Received Import Request.
  Time of request: 2026-08-09T14:23:11.202175Z
  Time since last request: 95.40846240499999 seconds.
  importAddress: GUID: 14342c5d42ab2d391ad8cc1230418eb5 - Path: Assets/MainMenuUXML.uxml - Importer: PreviewImporter
Importing 'GUID: 14342c5d42ab2d391ad8cc1230418eb5 - Path: Assets/MainMenuUXML.uxml - Importer: PreviewImporter' with importer (PreviewImporter)
Imported 'GUID: 14342c5d42ab2d391ad8cc1230418eb5' -> (Import Result ID: '59b3077445d5b1499078f26e7ef473c1') in 0.001 seconds [static and dynamic dependencies]. Details - ImportResultOutputID=10be36887e43f9dffdfe07e85652ae1b DependenciesID=9d7d853144f757d9832320e343f64582 StaticDependenciesID=10a57b84dd4916426535bfacc189ff04 
Number of updated asset objects reloaded before import = 0
Number of asset objects unloaded after import = 5
========================================================================
Received Import Request.
  Time of request: 2026-08-09T14:23:12.066965Z
  Time since last request: 0.856664671 seconds.
  importAddress: GUID: 14342c5d42ab2d391ad8cc1230418eb5 - Path: Assets/MainMenuUXML.uxml - Importer: ScriptedImporter/UnityEditor.QuickSearchModule:UnityEditor.Search:ASIAI0B
Importing 'GUID: 14342c5d42ab2d391ad8cc1230418eb5 - Path: Assets/MainMenuUXML.uxml - Importer: ScriptedImporter/UnityEditor.QuickSearchModule:UnityEditor.Search:ASIAI0B' with importer (ScriptedImporter : UnityEditor.QuickSearchModule:UnityEditor.Search:ASIAI0B)
Imported 'GUID: 14342c5d42ab2d391ad8cc1230418eb5' -> (Import Result ID: '196f83e5dcd9dfdbd8d8b278d7f9030d') in 0.005 seconds [static and dynamic dependencies]. Details - ImportResultOutputID=f2c04e9cc0285ed1dcdde9f9742a7fa8 DependenciesID=f434795be5bd802aaf1bf3a7a3ff0696 StaticDependenciesID=aee4cdd9fddc9bbcb2bbda55aab2202b 
Number of updated asset objects reloaded before import = 0
Number of asset objects unloaded after import = 5
========================================================================
Received Import Request.
  Time of request: 2026-08-09T14:24:02.446656Z
  Time since last request: 50.358515763 seconds.
  importAddress: GUID: 94cf490a99c7fd590a552b9bc57ad16a - Path: Assets/Screenshot_20260809_162342.png - Importer: PreviewImporter
Importing 'GUID: 94cf490a99c7fd590a552b9bc57ad16a - Path: Assets/Screenshot_20260809_162342.png - Importer: PreviewImporter' with importer (PreviewImporter)
Imported 'GUID: 94cf490a99c7fd590a552b9bc57ad16a' -> (Import Result ID: '1ce18b7fa352c9cd532a58d326923643') in 0.027 seconds [static and dynamic dependencies]. Details - ImportResultOutputID=6c6b9eb206957a75d9ba8385ecd995ad DependenciesID=a33c1fa27d967f48ef8a98bf40bbef9d StaticDependenciesID=d5b13c6e0d5c3d6f927c941cdc3c2385 
Number of updated asset objects reloaded before import = 0
Number of asset objects unloaded after import = 3
========================================================================
Received Import Request.
  Time of request: 2026-08-09T14:24:03.441966Z
  Time since last request: 0.961949422 seconds.
  importAddress: GUID: 94cf490a99c7fd590a552b9bc57ad16a - Path: Assets/Screenshot_20260809_162342.png - Importer: ScriptedImporter/UnityEditor.QuickSearchModule:UnityEditor.Search:ASIAI0B
Importing 'GUID: 94cf490a99c7fd590a552b9bc57ad16a - Path: Assets/Screenshot_20260809_162342.png - Importer: ScriptedImporter/UnityEditor.QuickSearchModule:UnityEditor.Search:ASIAI0B' with importer (ScriptedImporter : UnityEditor.QuickSearchModule:UnityEditor.Search:ASIAI0B)
Imported 'GUID: 94cf490a99c7fd590a552b9bc57ad16a' -> (Import Result ID: '953dccd30774de86747b581ac004d073') in 0.014 seconds [static and dynamic dependencies]. Details - ImportResultOutputID=17b060d71e42903f6f0543c6b93bae42 DependenciesID=1636e93fefa7235d9be16d985bbc3e2e StaticDependenciesID=47cc09f1073ca654a53c9554ff6226ff 
Number of updated asset objects reloaded before import = 0
Number of asset objects unloaded after import = 3
========================================================================
Received Import Request.
  Time of request: 2026-08-09T14:25:25.858996Z
  Time since last request: 82.390502574 seconds.
  importAddress: GUID: 14342c5d42ab2d391ad8cc1230418eb5 - Path: Assets/MainMenuUXML.uxml - Importer: PreviewImporter
Importing 'GUID: 14342c5d42ab2d391ad8cc1230418eb5 - Path: Assets/MainMenuUXML.uxml - Importer: PreviewImporter' with importer (PreviewImporter)
Imported 'GUID: 14342c5d42ab2d391ad8cc1230418eb5' -> (Import Result ID: '1154faafabf23250ee49d303dc1c478c') in 0.002 seconds [static and dynamic dependencies]. Details - ImportResultOutputID=10be36887e43f9dffdfe07e85652ae1b DependenciesID=7eb0ed4d7617685310e8b5fb891fa4a7 StaticDependenciesID=db48c3e92663a6bc65e92ed4a5001e19 
Number of updated asset objects reloaded before import = 0
Number of asset objects unloaded after import = 6
========================================================================
Received Import Request.
  Time of request: 2026-08-09T14:25:26.814461Z
  Time since last request: 0.943128622 seconds.
  importAddress: GUID: 14342c5d42ab2d391ad8cc1230418eb5 - Path: Assets/MainMenuUXML.uxml - Importer: ScriptedImporter/UnityEditor.QuickSearchModule:UnityEditor.Search:ASIAI0B
Importing 'GUID: 14342c5d42ab2d391ad8cc1230418eb5 - Path: Assets/MainMenuUXML.uxml - Importer: ScriptedImporter/UnityEditor.QuickSearchModule:UnityEditor.Search:ASIAI0B' with importer (ScriptedImporter : UnityEditor.QuickSearchModule:UnityEditor.Search:ASIAI0B)
Imported 'GUID: 14342c5d42ab2d391ad8cc1230418eb5' -> (Import Result ID: '2627d7e03c6980617129439dc8508fbe') in 0.009 seconds [static and dynamic dependencies]. Details - ImportResultOutputID=2b5b1af0597ffd99079ed9aa54899134 DependenciesID=6e7b6b824c3b299ef1d20a1d2ebe378e StaticDependenciesID=eb136b6c663fbeedbd698a5aa52c105e 
Number of updated asset objects reloaded before import = 0
Number of asset objects unloaded after import = 6
========================================================================
Received Import Request.
  Time of request: 2026-08-09T14:55:37.189389Z
  Time since last request: 1810.32972922699992 seconds.
  importAddress: GUID: fa83635e49f026ce69f55f5b55e3b73c - Path: Assets/UI Toolkit/SettingsMenuStyle.uss - Importer: ScriptedImporter/UnityEditor.QuickSearchModule:UnityEditor.Search:ASIAI0B
Importing 'GUID: fa83635e49f026ce69f55f5b55e3b73c - Path: Assets/UI Toolkit/SettingsMenuStyle.uss - Importer: ScriptedImporter/UnityEditor.QuickSearchModule:UnityEditor.Search:ASIAI0B' with importer (ScriptedImporter : UnityEditor.QuickSearchModule:UnityEditor.Search:ASIAI0B)
Imported 'GUID: fa83635e49f026ce69f55f5b55e3b73c' -> (Import Result ID: 'f2809a9c52c85a9dcf0a764ba2a61634') in 0.008 seconds [static and dynamic dependencies]. Details - ImportResultOutputID=e30e746c08cc918cac13bfb4a32e54d5 DependenciesID=15cfa56742ffee361b55c31d362a5776 StaticDependenciesID=f903a9e1c68542e15038448fc3196661 
Number of updated asset objects reloaded before import = 0
Number of asset objects unloaded after import = 1
========================================================================
Received Prepare
AcceleratorClientConnectionCallback - disconnected - :0
Unloading 22 Unused Serialized files (Serialized files now loaded: 0)
Unloading 7351 unused Assets / (4.2 MB). Loaded Objects now: 8250.
Memory consumption went from 204.5 MB to 200.3 MB.
Total: 14.905976 ms (FindLiveObjects: 0.445872 ms CreateObjectMapping: 1.631925 ms MarkObjects: 11.189439 ms  DeleteObjects: 1.637935 ms)

Prepare: number of updated asset objects reloaded= 0
========================================================================
Received Import Request.
  Time of request: 2026-08-09T14:56:24.019315Z
  Time since last request: 46.802554941 seconds.
  importAddress: GUID: 5d50bb07ff8c68d80b763f11b4e9a1c7 - Path: Assets/Scripts/SettingsMenuSwitchScript.cs - Importer: ScriptedImporter/UnityEditor.QuickSearchModule:UnityEditor.Search:ASIAI0B
Importing 'GUID: 5d50bb07ff8c68d80b763f11b4e9a1c7 - Path: Assets/Scripts/SettingsMenuSwitchScript.cs - Importer: ScriptedImporter/UnityEditor.QuickSearchModule:UnityEditor.Search:ASIAI0B' with importer (ScriptedImporter : UnityEditor.QuickSearchModule:UnityEditor.Search:ASIAI0B)
Imported 'GUID: 5d50bb07ff8c68d80b763f11b4e9a1c7' -> (Import Result ID: '9cb2ce340c727f2430d4279c2b27b62f') in 0.002 seconds [static and dynamic dependencies]. Details - ImportResultOutputID=feb36fccf3c109ff3154835a640cf404 DependenciesID=c630861cdacdf0479985b184e2a17df8 StaticDependenciesID=f968cfd89198d641c8e5ca2440814c6f 
Number of updated asset objects reloaded before import = 0
Number of asset objects unloaded after import = 0
========================================================================
Received Prepare
AcceleratorClientConnectionCallback - disconnected - :0
[Licensing::Client] Successfully resolved entitlement details
Begin MonoManager ReloadAssembly
Native extension for LinuxStandalone target not found
[Package Manager] Failed to launch server process. Reason: Unity was launched with the -noUpm command-line argument
[Package Manager] Unable to send message (not connected to server process).
[Package Manager] Cannot connect to Unity Package Manager local server
[Package Manager] Failed to launch server process. Reason: Unity was launched with the -noUpm command-line argument
[Package Manager] Unable to send message (not connected to server process).
[Package Manager] Cannot connect to Unity Package Manager local server
Native extension for WebGL target not found
[Package Manager] Failed to launch server process. Reason: Unity was launched with the -noUpm command-line argument
[Package Manager] Unable to send message (not connected to server process).
[Package Manager] Cannot connect to Unity Package Manager local server
[Package Manager] Failed to launch server process. Reason: Unity was launched with the -noUpm command-line argument
[Package Manager] Unable to send message (not connected to server process).
[Package Manager] Cannot connect to Unity Package Manager local server
ScheduleIndexationOnStartup MainProcess:False IndexOnStartup:True
Mono: successfully reloaded assembly
- Finished resetting the current domain, in  0.478 seconds
Domain Reload Profiling: 1050ms
	BeginReloadAssembly (131ms)
		DisableScriptedObjects (10ms)
		CreateAndSetChildDomain (42ms)
	RebuildCommonClasses (5ms)
	RebuildNativeTypeToScriptingClass (6ms)
	initialDomainReloadingComplete (29ms)
	LoadAllAssembliesAndSetupDomain (400ms)
		LoadAssemblies (226ms)
		AnalyzeDomain (138ms)
			TypeCache.Refresh (11ms)
			BuildScriptInfoCaches (123ms)
			ResolveRequiredComponents (3ms)
	FinalizeReload (479ms)
		SetupLoadedEditorAssemblies (0ms)
			InitializePlatformSupportModulesInManaged (6ms)
			BeforeProcessingInitializeOnLoad (64ms)
			ProcessInitializeOnLoadAttributes (193ms)
			ProcessInitializeOnLoadMethodAttributes (67ms)
		AwakeInstancesAfterBackupRestoration (11ms)
Unloading 22 Unused Serialized files (Serialized files now loaded: 0)
Unloading 7366 unused Assets / (5.1 MB). Loaded Objects now: 8253.
Memory consumption went from 207.2 MB to 202.1 MB.
Total: 8.369722 ms (FindLiveObjects: 0.416203 ms CreateObjectMapping: 1.885706 ms MarkObjects: 4.490532 ms  DeleteObjects: 1.576642 ms)

Prepare: number of updated asset objects reloaded= 0
========================================================================
Received Prepare
AcceleratorClientConnectionCallback - disconnected - :0
[Licensing::Client] Successfully resolved entitlement details
Begin MonoManager ReloadAssembly
Native extension for LinuxStandalone target not found
[Package Manager] Failed to launch server process. Reason: Unity was launched with the -noUpm command-line argument
[Package Manager] Unable to send message (not connected to server process).
[Package Manager] Cannot connect to Unity Package Manager local server
[Package Manager] Failed to launch server process. Reason: Unity was launched with the -noUpm command-line argument
[Package Manager] Unable to send message (not connected to server process).
[Package Manager] Cannot connect to Unity Package Manager local server
Native extension for WebGL target not found
[Package Manager] Failed to launch server process. Reason: Unity was launched with the -noUpm command-line argument
[Package Manager] Unable to send message (not connected to server process).
[Package Manager] Cannot connect to Unity Package Manager local server
[Package Manager] Failed to launch server process. Reason: Unity was launched with the -noUpm command-line argument
[Package Manager] Unable to send message (not connected to server process).
[Package Manager] Cannot connect to Unity Package Manager local server
ScheduleIndexationOnStartup MainProcess:False IndexOnStartup:True
Mono: successfully reloaded assembly
- Finished resetting the current domain, in  0.495 seconds
Domain Reload Profiling: 968ms
	BeginReloadAssembly (117ms)
		DisableScriptedObjects (9ms)
		CreateAndSetChildDomain (31ms)
	RebuildCommonClasses (5ms)
	RebuildNativeTypeToScriptingClass (6ms)
	initialDomainReloadingComplete (24ms)
	LoadAllAssembliesAndSetupDomain (321ms)
		LoadAssemblies (159ms)
		AnalyzeDomain (124ms)
			TypeCache.Refresh (10ms)
			BuildScriptInfoCaches (110ms)
			ResolveRequiredComponents (3ms)
	FinalizeReload (495ms)
		SetupLoadedEditorAssemblies (0ms)
			InitializePlatformSupportModulesInManaged (6ms)
			BeforeProcessingInitializeOnLoad (60ms)
			ProcessInitializeOnLoadAttributes (229ms)
			ProcessInitializeOnLoadMethodAttributes (60ms)
		AwakeInstancesAfterBackupRestoration (11ms)
Unloading 22 Unused Serialized files (Serialized files now loaded: 0)
Unloading 7366 unused Assets / (5.4 MB). Loaded Objects now: 8256.
Memory consumption went from 207.3 MB to 201.9 MB.
Total: 7.137411 ms (FindLiveObjects: 0.403277 ms CreateObjectMapping: 1.118456 ms MarkObjects: 4.282025 ms  DeleteObjects: 1.333136 ms)

Prepare: number of updated asset objects reloaded= 0
========================================================================
Received Prepare
AcceleratorClientConnectionCallback - disconnected - :0
[Licensing::Client] Successfully resolved entitlement details
Begin MonoManager ReloadAssembly
Native extension for LinuxStandalone target not found
[Package Manager] Failed to launch server process. Reason: Unity was launched with the -noUpm command-line argument
[Package Manager] Unable to send message (not connected to server process).
[Package Manager] Cannot connect to Unity Package Manager local server
[Package Manager] Failed to launch server process. Reason: Unity was launched with the -noUpm command-line argument
[Package Manager] Unable to send message (not connected to server process).
[Package Manager] Cannot connect to Unity Package Manager local server
Native extension for WebGL target not found
[Package Manager] Failed to launch server process. Reason: Unity was launched with the -noUpm command-line argument
[Package Manager] Unable to send message (not connected to server process).
[Package Manager] Cannot connect to Unity Package Manager local server
[Package Manager] Failed to launch server process. Reason: Unity was launched with the -noUpm command-line argument
[Package Manager] Unable to send message (not connected to server process).
[Package Manager] Cannot connect to Unity Package Manager local server
ScheduleIndexationOnStartup MainProcess:False IndexOnStartup:True
Mono: successfully reloaded assembly
- Finished resetting the current domain, in  0.443 seconds
Domain Reload Profiling: 915ms
	BeginReloadAssembly (113ms)
		DisableScriptedObjects (9ms)
		CreateAndSetChildDomain (30ms)
	RebuildCommonClasses (5ms)
	RebuildNativeTypeToScriptingClass (6ms)
	initialDomainReloadingComplete (24ms)
	LoadAllAssembliesAndSetupDomain (323ms)
		LoadAssemblies (160ms)
		AnalyzeDomain (128ms)
			TypeCache.Refresh (11ms)
			BuildScriptInfoCaches (113ms)
			ResolveRequiredComponents (3ms)
	FinalizeReload (444ms)
		SetupLoadedEditorAssemblies (0ms)
			InitializePlatformSupportModulesInManaged (6ms)
			BeforeProcessingInitializeOnLoad (52ms)
			ProcessInitializeOnLoadAttributes (180ms)
			ProcessInitializeOnLoadMethodAttributes (61ms)
		AwakeInstancesAfterBackupRestoration (11ms)
Unloading 22 Unused Serialized files (Serialized files now loaded: 0)
Unloading 7366 unused Assets / (3.9 MB). Loaded Objects now: 8259.
Memory consumption went from 209.4 MB to 205.5 MB.
Total: 8.295029 ms (FindLiveObjects: 0.421291 ms CreateObjectMapping: 1.961332 ms MarkObjects: 4.451563 ms  DeleteObjects: 1.460247 ms)

Prepare: number of updated asset objects reloaded= 0
========================================================================
Received Prepare
AcceleratorClientConnectionCallback - disconnected - :0
Unloading 22 Unused Serialized files (Serialized files now loaded: 0)
Unloading 22 unused Assets / (2.6 MB). Loaded Objects now: 8259.
Memory consumption went from 205.3 MB to 202.7 MB.
Total: 5.634896 ms (FindLiveObjects: 0.244230 ms CreateObjectMapping: 0.440276 ms MarkObjects: 4.634212 ms  DeleteObjects: 0.315548 ms)

Prepare: number of updated asset objects reloaded= 0
========================================================================
Received Prepare
AcceleratorClientConnectionCallback - disconnected - :0
[Licensing::Client] Successfully resolved entitlement details
Begin MonoManager ReloadAssembly
Native extension for LinuxStandalone target not found
[Package Manager] Failed to launch server process. Reason: Unity was launched with the -noUpm command-line argument
[Package Manager] Unable to send message (not connected to server process).
[Package Manager] Cannot connect to Unity Package Manager local server
[Package Manager] Failed to launch server process. Reason: Unity was launched with the -noUpm command-line argument
[Package Manager] Unable to send message (not connected to server process).
[Package Manager] Cannot connect to Unity Package Manager local server
Native extension for WebGL target not found
[Package Manager] Failed to launch server process. Reason: Unity was launched with the -noUpm command-line argument
[Package Manager] Unable to send message (not connected to server process).
[Package Manager] Cannot connect to Unity Package Manager local server
[Package Manager] Failed to launch server process. Reason: Unity was launched with the -noUpm command-line argument
[Package Manager] Unable to send message (not connected to server process).
[Package Manager] Cannot connect to Unity Package Manager local server
ScheduleIndexationOnStartup MainProcess:False IndexOnStartup:True
Mono: successfully reloaded assembly
- Finished resetting the current domain, in  0.450 seconds
Domain Reload Profiling: 938ms
	BeginReloadAssembly (115ms)
		DisableScriptedObjects (11ms)
		CreateAndSetChildDomain (31ms)
	RebuildCommonClasses (5ms)
	RebuildNativeTypeToScriptingClass (6ms)
	initialDomainReloadingComplete (26ms)
	LoadAllAssembliesAndSetupDomain (335ms)
		LoadAssemblies (160ms)
		AnalyzeDomain (133ms)
			TypeCache.Refresh (10ms)
			BuildScriptInfoCaches (118ms)
			ResolveRequiredComponents (3ms)
	FinalizeReload (451ms)
		SetupLoadedEditorAssemblies (0ms)
			InitializePlatformSupportModulesInManaged (6ms)
			BeforeProcessingInitializeOnLoad (52ms)
			ProcessInitializeOnLoadAttributes (184ms)
			ProcessInitializeOnLoadMethodAttributes (62ms)
		AwakeInstancesAfterBackupRestoration (12ms)
Unloading 22 Unused Serialized files (Serialized files now loaded: 0)
Unloading 7366 unused Assets / (5.5 MB). Loaded Objects now: 8262.
Memory consumption went from 209.7 MB to 204.2 MB.
Total: 7.311738 ms (FindLiveObjects: 0.373110 ms CreateObjectMapping: 1.190985 ms MarkObjects: 4.287668 ms  DeleteObjects: 1.458747 ms)

Prepare: number of updated asset objects reloaded= 0
========================================================================
Received Prepare
AcceleratorClientConnectionCallback - disconnected - :0
Unloading 22 Unused Serialized files (Serialized files now loaded: 0)
Unloading 22 unused Assets / (2.6 MB). Loaded Objects now: 8262.
Memory consumption went from 205.5 MB to 202.9 MB.
Total: 7.459376 ms (FindLiveObjects: 0.234852 ms CreateObjectMapping: 0.417720 ms MarkObjects: 6.383616 ms  DeleteObjects: 0.422194 ms)

Prepare: number of updated asset objects reloaded= 0
========================================================================
Received Prepare
AcceleratorClientConnectionCallback - disconnected - :0
[Licensing::Client] Successfully resolved entitlement details
Begin MonoManager ReloadAssembly
Native extension for LinuxStandalone target not found
[Package Manager] Failed to launch server process. Reason: Unity was launched with the -noUpm command-line argument
[Package Manager] Unable to send message (not connected to server process).
[Package Manager] Cannot connect to Unity Package Manager local server
[Package Manager] Failed to launch server process. Reason: Unity was launched with the -noUpm command-line argument
[Package Manager] Unable to send message (not connected to server process).
[Package Manager] Cannot connect to Unity Package Manager local server
Native extension for WebGL target not found
[Package Manager] Failed to launch server process. Reason: Unity was launched with the -noUpm command-line argument
[Package Manager] Unable to send message (not connected to server process).
[Package Manager] Cannot connect to Unity Package Manager local server
[Package Manager] Failed to launch server process. Reason: Unity was launched with the -noUpm command-line argument
[Package Manager] Unable to send message (not connected to server process).
[Package Manager] Cannot connect to Unity Package Manager local server
ScheduleIndexationOnStartup MainProcess:False IndexOnStartup:True
Mono: successfully reloaded assembly
- Finished resetting the current domain, in  0.475 seconds
Domain Reload Profiling: 961ms
	BeginReloadAssembly (121ms)
		DisableScriptedObjects (9ms)
		CreateAndSetChildDomain (36ms)
	RebuildCommonClasses (5ms)
	RebuildNativeTypeToScriptingClass (6ms)
	initialDomainReloadingComplete (28ms)
	LoadAllAssembliesAndSetupDomain (324ms)
		LoadAssemblies (168ms)
		AnalyzeDomain (125ms)
			TypeCache.Refresh (9ms)
			BuildScriptInfoCaches (112ms)
			ResolveRequiredComponents (3ms)
	FinalizeReload (476ms)
		SetupLoadedEditorAssemblies (0ms)
			InitializePlatformSupportModulesInManaged (10ms)
			BeforeProcessingInitializeOnLoad (52ms)
			ProcessInitializeOnLoadAttributes (199ms)
			ProcessInitializeOnLoadMethodAttributes (64ms)
		AwakeInstancesAfterBackupRestoration (14ms)
Unloading 22 Unused Serialized files (Serialized files now loaded: 0)
Unloading 7366 unused Assets / (5.2 MB). Loaded Objects now: 8265.
Memory consumption went from 209.8 MB to 204.6 MB.
Total: 7.248727 ms (FindLiveObjects: 0.478674 ms CreateObjectMapping: 1.166829 ms MarkObjects: 4.218878 ms  DeleteObjects: 1.383896 ms)

Prepare: number of updated asset objects reloaded= 0
========================================================================
Received Prepare
AcceleratorClientConnectionCallback - disconnected - :0
[Licensing::Client] Successfully resolved entitlement details
Begin MonoManager ReloadAssembly
Native extension for LinuxStandalone target not found
[Package Manager] Failed to launch server process. Reason: Unity was launched with the -noUpm command-line argument
[Package Manager] Unable to send message (not connected to server process).
[Package Manager] Cannot connect to Unity Package Manager local server
[Package Manager] Failed to launch server process. Reason: Unity was launched with the -noUpm command-line argument
[Package Manager] Unable to send message (not connected to server process).
[Package Manager] Cannot connect to Unity Package Manager local server
Native extension for WebGL target not found
[Package Manager] Failed to launch server process. Reason: Unity was launched with the -noUpm command-line argument
[Package Manager] Unable to send message (not connected to server process).
[Package Manager] Cannot connect to Unity Package Manager local server
[Package Manager] Failed to launch server process. Reason: Unity was launched with the -noUpm command-line argument
[Package Manager] Unable to send message (not connected to server process).
[Package Manager] Cannot connect to Unity Package Manager local server
ScheduleIndexationOnStartup MainProcess:False IndexOnStartup:True
Mono: successfully reloaded assembly
- Finished resetting the current domain, in  0.497 seconds
Domain Reload Profiling: 983ms
	BeginReloadAssembly (125ms)
		DisableScriptedObjects (10ms)
		CreateAndSetChildDomain (44ms)
	RebuildCommonClasses (5ms)
	RebuildNativeTypeToScriptingClass (6ms)
	initialDomainReloadingComplete (27ms)
	LoadAllAssembliesAndSetupDomain (323ms)
		LoadAssemblies (160ms)
		AnalyzeDomain (126ms)
			TypeCache.Refresh (9ms)
			BuildScriptInfoCaches (112ms)
			ResolveRequiredComponents (3ms)
	FinalizeReload (497ms)
		SetupLoadedEditorAssemblies (0ms)
			InitializePlatformSupportModulesInManaged (8ms)
			BeforeProcessingInitializeOnLoad (71ms)
			ProcessInitializeOnLoadAttributes (196ms)
			ProcessInitializeOnLoadMethodAttributes (68ms)
			AfterProcessingInitializeOnLoad (5ms)
		AwakeInstancesAfterBackupRestoration (11ms)
Unloading 22 Unused Serialized files (Serialized files now loaded: 0)
Unloading 7366 unused Assets / (6.0 MB). Loaded Objects now: 8268.
Memory consumption went from 210.0 MB to 204.0 MB.
Total: 7.786819 ms (FindLiveObjects: 0.376279 ms CreateObjectMapping: 1.117617 ms MarkObjects: 4.581676 ms  DeleteObjects: 1.710402 ms)

Prepare: number of updated asset objects reloaded= 0
========================================================================
Received Prepare
AcceleratorClientConnectionCallback - disconnected - :0
[Licensing::Client] Successfully resolved entitlement details
Begin MonoManager ReloadAssembly
Native extension for LinuxStandalone target not found
[Package Manager] Failed to launch server process. Reason: Unity was launched with the -noUpm command-line argument
[Package Manager] Unable to send message (not connected to server process).
[Package Manager] Cannot connect to Unity Package Manager local server
[Package Manager] Failed to launch server process. Reason: Unity was launched with the -noUpm command-line argument
[Package Manager] Unable to send message (not connected to server process).
[Package Manager] Cannot connect to Unity Package Manager local server
Native extension for WebGL target not found
[Package Manager] Failed to launch server process. Reason: Unity was launched with the -noUpm command-line argument
[Package Manager] Unable to send message (not connected to server process).
[Package Manager] Cannot connect to Unity Package Manager local server
[Package Manager] Failed to launch server process. Reason: Unity was launched with the -noUpm command-line argument
[Package Manager] Unable to send message (not connected to server process).
[Package Manager] Cannot connect to Unity Package Manager local server
ScheduleIndexationOnStartup MainProcess:False IndexOnStartup:True
Mono: successfully reloaded assembly
- Finished resetting the current domain, in  0.457 seconds
Domain Reload Profiling: 936ms
	BeginReloadAssembly (113ms)
		DisableScriptedObjects (9ms)
		CreateAndSetChildDomain (31ms)
	RebuildCommonClasses (5ms)
	RebuildNativeTypeToScriptingClass (6ms)
	initialDomainReloadingComplete (26ms)
	LoadAllAssembliesAndSetupDomain (328ms)
		LoadAssemblies (164ms)
		AnalyzeDomain (127ms)
			TypeCache.Refresh (9ms)
			BuildScriptInfoCaches (114ms)
			ResolveRequiredComponents (3ms)
	FinalizeReload (458ms)
		SetupLoadedEditorAssemblies (0ms)
			InitializePlatformSupportModulesInManaged (6ms)
			BeforeProcessingInitializeOnLoad (52ms)
			ProcessInitializeOnLoadAttributes (186ms)
			ProcessInitializeOnLoadMethodAttributes (63ms)
		AwakeInstancesAfterBackupRestoration (11ms)
Unloading 22 Unused Serialized files (Serialized files now loaded: 0)
Unloading 7366 unused Assets / (5.3 MB). Loaded Objects now: 8271.
Memory consumption went from 210.2 MB to 204.9 MB.
Total: 9.174018 ms (FindLiveObjects: 0.494702 ms CreateObjectMapping: 2.056320 ms MarkObjects: 4.826897 ms  DeleteObjects: 1.795401 ms)

Prepare: number of updated asset objects reloaded= 0
========================================================================
Received Prepare
AcceleratorClientConnectionCallback - disconnected - :0
[Licensing::Client] Successfully resolved entitlement details
Begin MonoManager ReloadAssembly
Native extension for LinuxStandalone target not found
[Package Manager] Failed to launch server process. Reason: Unity was launched with the -noUpm command-line argument
[Package Manager] Unable to send message (not connected to server process).
[Package Manager] Cannot connect to Unity Package Manager local server
[Package Manager] Failed to launch server process. Reason: Unity was launched with the -noUpm command-line argument
[Package Manager] Unable to send message (not connected to server process).
[Package Manager] Cannot connect to Unity Package Manager local server
Native extension for WebGL target not found
[Package Manager] Failed to launch server process. Reason: Unity was launched with the -noUpm command-line argument
[Package Manager] Unable to send message (not connected to server process).
[Package Manager] Cannot connect to Unity Package Manager local server
[Package Manager] Failed to launch server process. Reason: Unity was launched with the -noUpm command-line argument
[Package Manager] Unable to send message (not connected to server process).
[Package Manager] Cannot connect to Unity Package Manager local server
ScheduleIndexationOnStartup MainProcess:False IndexOnStartup:True
Mono: successfully reloaded assembly
- Finished resetting the current domain, in  0.484 seconds
Domain Reload Profiling: 972ms
	BeginReloadAssembly (121ms)
		DisableScriptedObjects (9ms)
		CreateAndSetChildDomain (31ms)
	RebuildCommonClasses (5ms)
	RebuildNativeTypeToScriptingClass (6ms)
	initialDomainReloadingComplete (26ms)
	LoadAllAssembliesAndSetupDomain (329ms)
		LoadAssemblies (165ms)
		AnalyzeDomain (128ms)
			TypeCache.Refresh (11ms)
			BuildScriptInfoCaches (113ms)
			ResolveRequiredComponents (3ms)
	FinalizeReload (485ms)
		SetupLoadedEditorAssemblies (0ms)
			InitializePlatformSupportModulesInManaged (6ms)
			BeforeProcessingInitializeOnLoad (53ms)
			ProcessInitializeOnLoadAttributes (182ms)
			ProcessInitializeOnLoadMethodAttributes (60ms)
		AwakeInstancesAfterBackupRestoration (11ms)
Unloading 22 Unused Serialized files (Serialized files now loaded: 0)
Unloading 7366 unused Assets / (4.5 MB). Loaded Objects now: 8274.
Memory consumption went from 210.3 MB to 205.9 MB.
Total: 7.163541 ms (FindLiveObjects: 0.366040 ms CreateObjectMapping: 1.106126 ms MarkObjects: 4.490875 ms  DeleteObjects: 1.200021 ms)

Prepare: number of updated asset objects reloaded= 0
========================================================================
Received Prepare
AcceleratorClientConnectionCallback - disconnected - :0
[Licensing::Client] Successfully resolved entitlement details
Begin MonoManager ReloadAssembly
Native extension for LinuxStandalone target not found
[Package Manager] Failed to launch server process. Reason: Unity was launched with the -noUpm command-line argument
[Package Manager] Unable to send message (not connected to server process).
[Package Manager] Cannot connect to Unity Package Manager local server
[Package Manager] Failed to launch server process. Reason: Unity was launched with the -noUpm command-line argument
[Package Manager] Unable to send message (not connected to server process).
[Package Manager] Cannot connect to Unity Package Manager local server
Native extension for WebGL target not found
[Package Manager] Failed to launch server process. Reason: Unity was launched with the -noUpm command-line argument
[Package Manager] Unable to send message (not connected to server process).
[Package Manager] Cannot connect to Unity Package Manager local server
[Package Manager] Failed to launch server process. Reason: Unity was launched with the -noUpm command-line argument
[Package Manager] Unable to send message (not connected to server process).
[Package Manager] Cannot connect to Unity Package Manager local server
ScheduleIndexationOnStartup MainProcess:False IndexOnStartup:True
Mono: successfully reloaded assembly
- Finished resetting the current domain, in  0.492 seconds
Domain Reload Profiling: 979ms
	BeginReloadAssembly (117ms)
		DisableScriptedObjects (9ms)
		CreateAndSetChildDomain (34ms)
	RebuildCommonClasses (5ms)
	RebuildNativeTypeToScriptingClass (6ms)
	initialDomainReloadingComplete (27ms)
	LoadAllAssembliesAndSetupDomain (331ms)
		LoadAssemblies (168ms)
		AnalyzeDomain (127ms)
			TypeCache.Refresh (10ms)
			BuildScriptInfoCaches (112ms)
			ResolveRequiredComponents (3ms)
	FinalizeReload (493ms)
		SetupLoadedEditorAssemblies (0ms)
			InitializePlatformSupportModulesInManaged (7ms)
			BeforeProcessingInitializeOnLoad (58ms)
			ProcessInitializeOnLoadAttributes (211ms)
			ProcessInitializeOnLoadMethodAttributes (70ms)
		AwakeInstancesAfterBackupRestoration (12ms)
Unloading 22 Unused Serialized files (Serialized files now loaded: 0)
Unloading 7366 unused Assets / (4.5 MB). Loaded Objects now: 8277.
Memory consumption went from 210.5 MB to 206.0 MB.
Total: 7.585282 ms (FindLiveObjects: 0.672967 ms CreateObjectMapping: 1.096641 ms MarkObjects: 4.477885 ms  DeleteObjects: 1.337238 ms)

Prepare: number of updated asset objects reloaded= 0
========================================================================
Received Prepare
AcceleratorClientConnectionCallback - disconnected - :0
[Licensing::Client] Successfully resolved entitlement details
Begin MonoManager ReloadAssembly
Native extension for LinuxStandalone target not found
[Package Manager] Failed to launch server process. Reason: Unity was launched with the -noUpm command-line argument
[Package Manager] Unable to send message (not connected to server process).
[Package Manager] Cannot connect to Unity Package Manager local server
[Package Manager] Failed to launch server process. Reason: Unity was launched with the -noUpm command-line argument
[Package Manager] Unable to send message (not connected to server process).
[Package Manager] Cannot connect to Unity Package Manager local server
Native extension for WebGL target not found
[Package Manager] Failed to launch server process. Reason: Unity was launched with the -noUpm command-line argument
[Package Manager] Unable to send message (not connected to server process).
[Package Manager] Cannot connect to Unity Package Manager local server
[Package Manager] Failed to launch server process. Reason: Unity was launched with the -noUpm command-line argument
[Package Manager] Unable to send message (not connected to server process).
[Package Manager] Cannot connect to Unity Package Manager local server
ScheduleIndexationOnStartup MainProcess:False IndexOnStartup:True
Mono: successfully reloaded assembly
- Finished resetting the current domain, in  0.468 seconds
Domain Reload Profiling: 948ms
	BeginReloadAssembly (116ms)
		DisableScriptedObjects (9ms)
		CreateAndSetChildDomain (34ms)
	RebuildCommonClasses (5ms)
	RebuildNativeTypeToScriptingClass (6ms)
	initialDomainReloadingComplete (26ms)
	LoadAllAssembliesAndSetupDomain (325ms)
		LoadAssemblies (159ms)
		AnalyzeDomain (129ms)
			TypeCache.Refresh (9ms)
			BuildScriptInfoCaches (116ms)
			ResolveRequiredComponents (3ms)
	FinalizeReload (469ms)
		SetupLoadedEditorAssemblies (0ms)
			InitializePlatformSupportModulesInManaged (6ms)
			BeforeProcessingInitializeOnLoad (53ms)
			ProcessInitializeOnLoadAttributes (192ms)
			ProcessInitializeOnLoadMethodAttributes (69ms)
		AwakeInstancesAfterBackupRestoration (12ms)
Unloading 22 Unused Serialized files (Serialized files now loaded: 0)
Unloading 7366 unused Assets / (4.9 MB). Loaded Objects now: 8280.
Memory consumption went from 210.6 MB to 205.7 MB.
Total: 7.144686 ms (FindLiveObjects: 0.386091 ms CreateObjectMapping: 1.124725 ms MarkObjects: 4.352220 ms  DeleteObjects: 1.281098 ms)

Prepare: number of updated asset objects reloaded= 0
========================================================================
Received Prepare
AcceleratorClientConnectionCallback - disconnected - :0
Unloading 22 Unused Serialized files (Serialized files now loaded: 0)
Unloading 7351 unused Assets / (5.2 MB). Loaded Objects now: 8280.
Memory consumption went from 210.8 MB to 205.6 MB.
Total: 7.341393 ms (FindLiveObjects: 0.402781 ms CreateObjectMapping: 1.161296 ms MarkObjects: 4.358763 ms  DeleteObjects: 1.418009 ms)

Prepare: number of updated asset objects reloaded= 0
========================================================================
Received Prepare
AcceleratorClientConnectionCallback - disconnected - :0
Unloading 22 Unused Serialized files (Serialized files now loaded: 0)
Unloading 7351 unused Assets / (5.1 MB). Loaded Objects now: 8280.
Memory consumption went from 210.9 MB to 205.8 MB.
Total: 8.179810 ms (FindLiveObjects: 0.542497 ms CreateObjectMapping: 1.917009 ms MarkObjects: 4.252487 ms  DeleteObjects: 1.467090 ms)

Prepare: number of updated asset objects reloaded= 0
========================================================================
Received Prepare
AcceleratorClientConnectionCallback - disconnected - :0
[Licensing::Client] Successfully resolved entitlement details
Begin MonoManager ReloadAssembly
Native extension for LinuxStandalone target not found
[Package Manager] Failed to launch server process. Reason: Unity was launched with the -noUpm command-line argument
[Package Manager] Unable to send message (not connected to server process).
[Package Manager] Cannot connect to Unity Package Manager local server
[Package Manager] Failed to launch server process. Reason: Unity was launched with the -noUpm command-line argument
[Package Manager] Unable to send message (not connected to server process).
[Package Manager] Cannot connect to Unity Package Manager local server
Native extension for WebGL target not found
[Package Manager] Failed to launch server process. Reason: Unity was launched with the -noUpm command-line argument
[Package Manager] Unable to send message (not connected to server process).
[Package Manager] Cannot connect to Unity Package Manager local server
[Package Manager] Failed to launch server process. Reason: Unity was launched with the -noUpm command-line argument
[Package Manager] Unable to send message (not connected to server process).
[Package Manager] Cannot connect to Unity Package Manager local server
ScheduleIndexationOnStartup MainProcess:False IndexOnStartup:True
Mono: successfully reloaded assembly
- Finished resetting the current domain, in  0.473 seconds
Domain Reload Profiling: 975ms
	BeginReloadAssembly (122ms)
		DisableScriptedObjects (9ms)
		CreateAndSetChildDomain (38ms)
	RebuildCommonClasses (5ms)
	RebuildNativeTypeToScriptingClass (6ms)
	initialDomainReloadingComplete (31ms)
	LoadAllAssembliesAndSetupDomain (337ms)
		LoadAssemblies (165ms)
		AnalyzeDomain (132ms)
			TypeCache.Refresh (9ms)
			BuildScriptInfoCaches (115ms)
			ResolveRequiredComponents (5ms)
	FinalizeReload (473ms)
		SetupLoadedEditorAssemblies (0ms)
			InitializePlatformSupportModulesInManaged (7ms)
			BeforeProcessingInitializeOnLoad (53ms)
			ProcessInitializeOnLoadAttributes (190ms)
			ProcessInitializeOnLoadMethodAttributes (68ms)
		AwakeInstancesAfterBackupRestoration (11ms)
Unloading 22 Unused Serialized files (Serialized files now loaded: 0)
Unloading 7366 unused Assets / (5.1 MB). Loaded Objects now: 8283.
Memory consumption went from 211.0 MB to 205.9 MB.
Total: 9.327859 ms (FindLiveObjects: 0.714434 ms CreateObjectMapping: 2.520866 ms MarkObjects: 4.810022 ms  DeleteObjects: 1.281475 ms)

Prepare: number of updated asset objects reloaded= 0
========================================================================
Received Prepare
AcceleratorClientConnectionCallback - disconnected - :0
Begin MonoManager ReloadAssembly
Native extension for LinuxStandalone target not found
[Package Manager] Failed to launch server process. Reason: Unity was launched with the -noUpm command-line argument
[Package Manager] Unable to send message (not connected to server process).
[Package Manager] Cannot connect to Unity Package Manager local server
[Package Manager] Failed to launch server process. Reason: Unity was launched with the -noUpm command-line argument
[Package Manager] Unable to send message (not connected to server process).
[Package Manager] Cannot connect to Unity Package Manager local server
Native extension for WebGL target not found
[Package Manager] Failed to launch server process. Reason: Unity was launched with the -noUpm command-line argument
[Package Manager] Unable to send message (not connected to server process).
[Package Manager] Cannot connect to Unity Package Manager local server
[Package Manager] Failed to launch server process. Reason: Unity was launched with the -noUpm command-line argument
[Package Manager] Unable to send message (not connected to server process).
[Package Manager] Cannot connect to Unity Package Manager local server
ScheduleIndexationOnStartup MainProcess:False IndexOnStartup:True
Mono: successfully reloaded assembly
- Finished resetting the current domain, in  0.482 seconds
Domain Reload Profiling: 978ms
	BeginReloadAssembly (123ms)
		DisableScriptedObjects (9ms)
		CreateAndSetChildDomain (34ms)
	RebuildCommonClasses (5ms)
	RebuildNativeTypeToScriptingClass (6ms)
	initialDomainReloadingComplete (27ms)
	LoadAllAssembliesAndSetupDomain (334ms)
		LoadAssemblies (163ms)
		AnalyzeDomain (128ms)
			TypeCache.Refresh (10ms)
			BuildScriptInfoCaches (114ms)
			ResolveRequiredComponents (3ms)
	FinalizeReload (483ms)
		SetupLoadedEditorAssemblies (0ms)
			InitializePlatformSupportModulesInManaged (7ms)
			BeforeProcessingInitializeOnLoad (52ms)
			ProcessInitializeOnLoadAttributes (202ms)
			ProcessInitializeOnLoadMethodAttributes (61ms)
		AwakeInstancesAfterBackupRestoration (13ms)
Unloading 22 Unused Serialized files (Serialized files now loaded: 0)
Unloading 7366 unused Assets / (5.5 MB). Loaded Objects now: 8286.
Memory consumption went from 211.1 MB to 205.6 MB.
Total: 7.570857 ms (FindLiveObjects: 0.394612 ms CreateObjectMapping: 1.135856 ms MarkObjects: 4.307546 ms  DeleteObjects: 1.732193 ms)

Prepare: number of updated asset objects reloaded= 0
========================================================================
Received Prepare
AcceleratorClientConnectionCallback - disconnected - :0
[Licensing::Client] Successfully resolved entitlement details
Begin MonoManager ReloadAssembly
Native extension for LinuxStandalone target not found
[Package Manager] Failed to launch server process. Reason: Unity was launched with the -noUpm command-line argument
[Package Manager] Unable to send message (not connected to server process).
[Package Manager] Cannot connect to Unity Package Manager local server
[Package Manager] Failed to launch server process. Reason: Unity was launched with the -noUpm command-line argument
[Package Manager] Unable to send message (not connected to server process).
[Package Manager] Cannot connect to Unity Package Manager local server
Native extension for WebGL target not found
[Package Manager] Failed to launch server process. Reason: Unity was launched with the -noUpm command-line argument
[Package Manager] Unable to send message (not connected to server process).
[Package Manager] Cannot connect to Unity Package Manager local server
[Package Manager] Failed to launch server process. Reason: Unity was launched with the -noUpm command-line argument
[Package Manager] Unable to send message (not connected to server process).
[Package Manager] Cannot connect to Unity Package Manager local server
ScheduleIndexationOnStartup MainProcess:False IndexOnStartup:True
Mono: successfully reloaded assembly
- Finished resetting the current domain, in  0.496 seconds
Domain Reload Profiling: 975ms
	BeginReloadAssembly (118ms)
		DisableScriptedObjects (9ms)
		CreateAndSetChildDomain (34ms)
	RebuildCommonClasses (5ms)
	RebuildNativeTypeToScriptingClass (6ms)
	initialDomainReloadingComplete (26ms)
	LoadAllAssembliesAndSetupDomain (323ms)
		LoadAssemblies (163ms)
		AnalyzeDomain (127ms)
			TypeCache.Refresh (10ms)
			BuildScriptInfoCaches (113ms)
			ResolveRequiredComponents (3ms)
	FinalizeReload (496ms)
		SetupLoadedEditorAssemblies (0ms)
			InitializePlatformSupportModulesInManaged (8ms)
			BeforeProcessingInitializeOnLoad (55ms)
			ProcessInitializeOnLoadAttributes (221ms)
			ProcessInitializeOnLoadMethodAttributes (62ms)
		AwakeInstancesAfterBackupRestoration (11ms)
Unloading 22 Unused Serialized files (Serialized files now loaded: 0)
Unloading 7366 unused Assets / (5.9 MB). Loaded Objects now: 8289.
Memory consumption went from 211.3 MB to 205.3 MB.
Total: 8.430576 ms (FindLiveObjects: 0.431633 ms CreateObjectMapping: 1.959242 ms MarkObjects: 4.401680 ms  DeleteObjects: 1.637016 ms)

Prepare: number of updated asset objects reloaded= 0
========================================================================
Received Prepare
AcceleratorClientConnectionCallback - disconnected - :0
Unloading 22 Unused Serialized files (Serialized files now loaded: 0)
Unloading 22 unused Assets / (2.6 MB). Loaded Objects now: 8289.
Memory consumption went from 207.1 MB to 204.5 MB.
Total: 6.017194 ms (FindLiveObjects: 0.268786 ms CreateObjectMapping: 0.693198 ms MarkObjects: 4.769090 ms  DeleteObjects: 0.285569 ms)

Prepare: number of updated asset objects reloaded= 0
========================================================================
Received Prepare
AcceleratorClientConnectionCallback - disconnected - :0
Begin MonoManager ReloadAssembly
Native extension for LinuxStandalone target not found
[Package Manager] Failed to launch server process. Reason: Unity was launched with the -noUpm command-line argument
[Package Manager] Unable to send message (not connected to server process).
[Package Manager] Cannot connect to Unity Package Manager local server
[Package Manager] Failed to launch server process. Reason: Unity was launched with the -noUpm command-line argument
[Package Manager] Unable to send message (not connected to server process).
[Package Manager] Cannot connect to Unity Package Manager local server
Native extension for WebGL target not found
[Package Manager] Failed to launch server process. Reason: Unity was launched with the -noUpm command-line argument
[Package Manager] Unable to send message (not connected to server process).
[Package Manager] Cannot connect to Unity Package Manager local server
[Package Manager] Failed to launch server process. Reason: Unity was launched with the -noUpm command-line argument
[Package Manager] Unable to send message (not connected to server process).
[Package Manager] Cannot connect to Unity Package Manager local server
ScheduleIndexationOnStartup MainProcess:False IndexOnStartup:True
Mono: successfully reloaded assembly
- Finished resetting the current domain, in  0.505 seconds
Domain Reload Profiling: 988ms
	BeginReloadAssembly (115ms)
		DisableScriptedObjects (9ms)
		CreateAndSetChildDomain (33ms)
	RebuildCommonClasses (6ms)
	RebuildNativeTypeToScriptingClass (6ms)
	initialDomainReloadingComplete (26ms)
	LoadAllAssembliesAndSetupDomain (330ms)
		LoadAssemblies (157ms)
		AnalyzeDomain (128ms)
			TypeCache.Refresh (10ms)
			BuildScriptInfoCaches (115ms)
			ResolveRequiredComponents (3ms)
	FinalizeReload (506ms)
		SetupLoadedEditorAssemblies (0ms)
			InitializePlatformSupportModulesInManaged (7ms)
			BeforeProcessingInitializeOnLoad (64ms)
			ProcessInitializeOnLoadAttributes (190ms)
			ProcessInitializeOnLoadMethodAttributes (89ms)
			AfterProcessingInitializeOnLoad (3ms)
		AwakeInstancesAfterBackupRestoration (15ms)
Unloading 22 Unused Serialized files (Serialized files now loaded: 0)
Unloading 7366 unused Assets / (5.8 MB). Loaded Objects now: 8292.
Memory consumption went from 211.5 MB to 205.7 MB.
Total: 9.741991 ms (FindLiveObjects: 0.443224 ms CreateObjectMapping: 1.943893 ms MarkObjects: 5.549547 ms  DeleteObjects: 1.804599 ms)

Prepare: number of updated asset objects reloaded= 0
========================================================================
Received Prepare
AcceleratorClientConnectionCallback - disconnected - :0
[Licensing::Client] Successfully resolved entitlement details
Begin MonoManager ReloadAssembly
Native extension for LinuxStandalone target not found
[Package Manager] Failed to launch server process. Reason: Unity was launched with the -noUpm command-line argument
[Package Manager] Unable to send message (not connected to server process).
[Package Manager] Cannot connect to Unity Package Manager local server
[Package Manager] Failed to launch server process. Reason: Unity was launched with the -noUpm command-line argument
[Package Manager] Unable to send message (not connected to server process).
[Package Manager] Cannot connect to Unity Package Manager local server
Native extension for WebGL target not found
[Package Manager] Failed to launch server process. Reason: Unity was launched with the -noUpm command-line argument
[Package Manager] Unable to send message (not connected to server process).
[Package Manager] Cannot connect to Unity Package Manager local server
[Package Manager] Failed to launch server process. Reason: Unity was launched with the -noUpm command-line argument
[Package Manager] Unable to send message (not connected to server process).
[Package Manager] Cannot connect to Unity Package Manager local server
ScheduleIndexationOnStartup MainProcess:False IndexOnStartup:True
Mono: successfully reloaded assembly
- Finished resetting the current domain, in  0.465 seconds
Domain Reload Profiling: 956ms
	BeginReloadAssembly (117ms)
		DisableScriptedObjects (9ms)
		CreateAndSetChildDomain (34ms)
	RebuildCommonClasses (6ms)
	RebuildNativeTypeToScriptingClass (6ms)
	initialDomainReloadingComplete (26ms)
	LoadAllAssembliesAndSetupDomain (336ms)
		LoadAssemblies (159ms)
		AnalyzeDomain (135ms)
			TypeCache.Refresh (11ms)
			BuildScriptInfoCaches (118ms)
			ResolveRequiredComponents (5ms)
	FinalizeReload (465ms)
		SetupLoadedEditorAssemblies (0ms)
			InitializePlatformSupportModulesInManaged (7ms)
			BeforeProcessingInitializeOnLoad (59ms)
			ProcessInitializeOnLoadAttributes (188ms)
			ProcessInitializeOnLoadMethodAttributes (63ms)
			AfterProcessingInitializeOnLoad (5ms)
		AwakeInstancesAfterBackupRestoration (11ms)
Unloading 22 Unused Serialized files (Serialized files now loaded: 0)
Unloading 7366 unused Assets / (5.7 MB). Loaded Objects now: 8295.
Memory consumption went from 211.6 MB to 205.9 MB.
Total: 8.518533 ms (FindLiveObjects: 0.448796 ms CreateObjectMapping: 1.886346 ms MarkObjects: 4.647911 ms  DeleteObjects: 1.534942 ms)

Prepare: number of updated asset objects reloaded= 0
========================================================================
Received Prepare
AcceleratorClientConnectionCallback - disconnected - :0
Begin MonoManager ReloadAssembly
Native extension for LinuxStandalone target not found
[Package Manager] Failed to launch server process. Reason: Unity was launched with the -noUpm command-line argument
[Package Manager] Unable to send message (not connected to server process).
[Package Manager] Cannot connect to Unity Package Manager local server
[Package Manager] Failed to launch server process. Reason: Unity was launched with the -noUpm command-line argument
[Package Manager] Unable to send message (not connected to server process).
[Package Manager] Cannot connect to Unity Package Manager local server
Native extension for WebGL target not found
[Package Manager] Failed to launch server process. Reason: Unity was launched with the -noUpm command-line argument
[Package Manager] Unable to send message (not connected to server process).
[Package Manager] Cannot connect to Unity Package Manager local server
[Package Manager] Failed to launch server process. Reason: Unity was launched with the -noUpm command-line argument
[Package Manager] Unable to send message (not connected to server process).
[Package Manager] Cannot connect to Unity Package Manager local server
ScheduleIndexationOnStartup MainProcess:False IndexOnStartup:True
Mono: successfully reloaded assembly
- Finished resetting the current domain, in  0.467 seconds
Domain Reload Profiling: 967ms
	BeginReloadAssembly (115ms)
		DisableScriptedObjects (9ms)
		CreateAndSetChildDomain (34ms)
	RebuildCommonClasses (6ms)
	RebuildNativeTypeToScriptingClass (7ms)
	initialDomainReloadingComplete (27ms)
	LoadAllAssembliesAndSetupDomain (344ms)
		LoadAssemblies (167ms)
		AnalyzeDomain (131ms)
			TypeCache.Refresh (12ms)
			BuildScriptInfoCaches (115ms)
			ResolveRequiredComponents (3ms)
	FinalizeReload (467ms)
		SetupLoadedEditorAssemblies (0ms)
			InitializePlatformSupportModulesInManaged (7ms)
			BeforeProcessingInitializeOnLoad (60ms)
			ProcessInitializeOnLoadAttributes (188ms)
			ProcessInitializeOnLoadMethodAttributes (66ms)
		AwakeInstancesAfterBackupRestoration (12ms)
Unloading 22 Unused Serialized files (Serialized files now loaded: 0)
Unloading 7366 unused Assets / (6.2 MB). Loaded Objects now: 8298.
Memory consumption went from 211.8 MB to 205.6 MB.
Total: 10.430750 ms (FindLiveObjects: 0.790376 ms CreateObjectMapping: 2.570952 ms MarkObjects: 5.010239 ms  DeleteObjects: 2.058449 ms)

Prepare: number of updated asset objects reloaded= 0
========================================================================
Received Prepare
AcceleratorClientConnectionCallback - disconnected - :0
[Licensing::Client] Successfully resolved entitlement details
Begin MonoManager ReloadAssembly
Native extension for LinuxStandalone target not found
[Package Manager] Failed to launch server process. Reason: Unity was launched with the -noUpm command-line argument
[Package Manager] Unable to send message (not connected to server process).
[Package Manager] Cannot connect to Unity Package Manager local server
[Package Manager] Failed to launch server process. Reason: Unity was launched with the -noUpm command-line argument
[Package Manager] Unable to send message (not connected to server process).
[Package Manager] Cannot connect to Unity Package Manager local server
Native extension for WebGL target not found
[Package Manager] Failed to launch server process. Reason: Unity was launched with the -noUpm command-line argument
[Package Manager] Unable to send message (not connected to server process).
[Package Manager] Cannot connect to Unity Package Manager local server
[Package Manager] Failed to launch server process. Reason: Unity was launched with the -noUpm command-line argument
[Package Manager] Unable to send message (not connected to server process).
[Package Manager] Cannot connect to Unity Package Manager local server
ScheduleIndexationOnStartup MainProcess:False IndexOnStartup:True
Mono: successfully reloaded assembly
- Finished resetting the current domain, in  0.472 seconds
Domain Reload Profiling: 972ms
	BeginReloadAssembly (120ms)
		DisableScriptedObjects (9ms)
		CreateAndSetChildDomain (34ms)
	RebuildCommonClasses (5ms)
	RebuildNativeTypeToScriptingClass (6ms)
	initialDomainReloadingComplete (29ms)
	LoadAllAssembliesAndSetupDomain (339ms)
		LoadAssemblies (167ms)
		AnalyzeDomain (134ms)
			TypeCache.Refresh (10ms)
			BuildScriptInfoCaches (118ms)
			ResolveRequiredComponents (4ms)
	FinalizeReload (473ms)
		SetupLoadedEditorAssemblies (0ms)
			InitializePlatformSupportModulesInManaged (7ms)
			BeforeProcessingInitializeOnLoad (57ms)
			ProcessInitializeOnLoadAttributes (193ms)
			ProcessInitializeOnLoadMethodAttributes (60ms)
		AwakeInstancesAfterBackupRestoration (14ms)
Unloading 22 Unused Serialized files (Serialized files now loaded: 0)
Unloading 7366 unused Assets / (4.2 MB). Loaded Objects now: 8301.
Memory consumption went from 211.9 MB to 207.7 MB.
Total: 13.809300 ms (FindLiveObjects: 0.468673 ms CreateObjectMapping: 1.433415 ms MarkObjects: 10.412631 ms  DeleteObjects: 1.493517 ms)

Prepare: number of updated asset objects reloaded= 0
========================================================================
Received Prepare
AcceleratorClientConnectionCallback - disconnected - :0
Begin MonoManager ReloadAssembly
Native extension for LinuxStandalone target not found
[Package Manager] Failed to launch server process. Reason: Unity was launched with the -noUpm command-line argument
[Package Manager] Unable to send message (not connected to server process).
[Package Manager] Cannot connect to Unity Package Manager local server
[Package Manager] Failed to launch server process. Reason: Unity was launched with the -noUpm command-line argument
[Package Manager] Unable to send message (not connected to server process).
[Package Manager] Cannot connect to Unity Package Manager local server
Native extension for WebGL target not found
[Package Manager] Failed to launch server process. Reason: Unity was launched with the -noUpm command-line argument
[Package Manager] Unable to send message (not connected to server process).
[Package Manager] Cannot connect to Unity Package Manager local server
[Package Manager] Failed to launch server process. Reason: Unity was launched with the -noUpm command-line argument
[Package Manager] Unable to send message (not connected to server process).
[Package Manager] Cannot connect to Unity Package Manager local server
ScheduleIndexationOnStartup MainProcess:False IndexOnStartup:True
Mono: successfully reloaded assembly
- Finished resetting the current domain, in  0.507 seconds
Domain Reload Profiling: 1005ms
	BeginReloadAssembly (124ms)
		DisableScriptedObjects (9ms)
		CreateAndSetChildDomain (39ms)
	RebuildCommonClasses (5ms)
	RebuildNativeTypeToScriptingClass (8ms)
	initialDomainReloadingComplete (27ms)
	LoadAllAssembliesAndSetupDomain (334ms)
		LoadAssemblies (166ms)
		AnalyzeDomain (127ms)
			TypeCache.Refresh (10ms)
			BuildScriptInfoCaches (113ms)
			ResolveRequiredComponents (3ms)
	FinalizeReload (508ms)
		SetupLoadedEditorAssemblies (0ms)
			InitializePlatformSupportModulesInManaged (7ms)
			BeforeProcessingInitializeOnLoad (73ms)
			ProcessInitializeOnLoadAttributes (193ms)
			ProcessInitializeOnLoadMethodAttributes (63ms)
			AfterProcessingInitializeOnLoad (3ms)
		AwakeInstancesAfterBackupRestoration (16ms)
Unloading 22 Unused Serialized files (Serialized files now loaded: 0)
Unloading 7366 unused Assets / (5.2 MB). Loaded Objects now: 8304.
Memory consumption went from 212.1 MB to 206.9 MB.
Total: 7.911418 ms (FindLiveObjects: 0.470481 ms CreateObjectMapping: 1.138913 ms MarkObjects: 4.843571 ms  DeleteObjects: 1.457981 ms)

Prepare: number of updated asset objects reloaded= 0
========================================================================
Received Prepare
AcceleratorClientConnectionCallback - disconnected - :0
[Licensing::Client] Successfully resolved entitlement details
Begin MonoManager ReloadAssembly
Native extension for LinuxStandalone target not found
[Package Manager] Failed to launch server process. Reason: Unity was launched with the -noUpm command-line argument
[Package Manager] Unable to send message (not connected to server process).
[Package Manager] Cannot connect to Unity Package Manager local server
[Package Manager] Failed to launch server process. Reason: Unity was launched with the -noUpm command-line argument
[Package Manager] Unable to send message (not connected to server process).
[Package Manager] Cannot connect to Unity Package Manager local server
Native extension for WebGL target not found
[Package Manager] Failed to launch server process. Reason: Unity was launched with the -noUpm command-line argument
[Package Manager] Unable to send message (not connected to server process).
[Package Manager] Cannot connect to Unity Package Manager local server
[Package Manager] Failed to launch server process. Reason: Unity was launched with the -noUpm command-line argument
[Package Manager] Unable to send message (not connected to server process).
[Package Manager] Cannot connect to Unity Package Manager local server
ScheduleIndexationOnStartup MainProcess:False IndexOnStartup:True
Mono: successfully reloaded assembly
- Finished resetting the current domain, in  0.475 seconds
Domain Reload Profiling: 972ms
	BeginReloadAssembly (117ms)
		DisableScriptedObjects (9ms)
		CreateAndSetChildDomain (33ms)
	RebuildCommonClasses (5ms)
	RebuildNativeTypeToScriptingClass (6ms)
	initialDomainReloadingComplete (27ms)
	LoadAllAssembliesAndSetupDomain (341ms)
		LoadAssemblies (173ms)
		AnalyzeDomain (132ms)
			TypeCache.Refresh (11ms)
			BuildScriptInfoCaches (116ms)
			ResolveRequiredComponents (3ms)
	FinalizeReload (475ms)
		SetupLoadedEditorAssemblies (0ms)
			InitializePlatformSupportModulesInManaged (7ms)
			BeforeProcessingInitializeOnLoad (54ms)
			ProcessInitializeOnLoadAttributes (199ms)
			ProcessInitializeOnLoadMethodAttributes (62ms)
		AwakeInstancesAfterBackupRestoration (11ms)
Unloading 22 Unused Serialized files (Serialized files now loaded: 0)
Unloading 7366 unused Assets / (7.2 MB). Loaded Objects now: 8307.
Memory consumption went from 212.2 MB to 205.0 MB.
Total: 9.224012 ms (FindLiveObjects: 0.431832 ms CreateObjectMapping: 1.910562 ms MarkObjects: 4.673088 ms  DeleteObjects: 2.207815 ms)

Prepare: number of updated asset objects reloaded= 0
========================================================================
Received Prepare
AcceleratorClientConnectionCallback - disconnected - :0
Unloading 22 Unused Serialized files (Serialized files now loaded: 0)
Unloading 7351 unused Assets / (5.1 MB). Loaded Objects now: 8307.
Memory consumption went from 212.4 MB to 207.3 MB.
Total: 9.256132 ms (FindLiveObjects: 0.440430 ms CreateObjectMapping: 3.178392 ms MarkObjects: 4.279458 ms  DeleteObjects: 1.357250 ms)

Prepare: number of updated asset objects reloaded= 0
========================================================================
Received Prepare
AcceleratorClientConnectionCallback - disconnected - :0
[Licensing::Client] Successfully resolved entitlement details
Begin MonoManager ReloadAssembly
Native extension for LinuxStandalone target not found
[Package Manager] Failed to launch server process. Reason: Unity was launched with the -noUpm command-line argument
[Package Manager] Unable to send message (not connected to server process).
[Package Manager] Cannot connect to Unity Package Manager local server
[Package Manager] Failed to launch server process. Reason: Unity was launched with the -noUpm command-line argument
[Package Manager] Unable to send message (not connected to server process).
[Package Manager] Cannot connect to Unity Package Manager local server
Native extension for WebGL target not found
[Package Manager] Failed to launch server process. Reason: Unity was launched with the -noUpm command-line argument
[Package Manager] Unable to send message (not connected to server process).
[Package Manager] Cannot connect to Unity Package Manager local server
[Package Manager] Failed to launch server process. Reason: Unity was launched with the -noUpm command-line argument
[Package Manager] Unable to send message (not connected to server process).
[Package Manager] Cannot connect to Unity Package Manager local server
ScheduleIndexationOnStartup MainProcess:False IndexOnStartup:True
Mono: successfully reloaded assembly
- Finished resetting the current domain, in  0.506 seconds
Domain Reload Profiling: 1015ms
	BeginReloadAssembly (122ms)
		DisableScriptedObjects (9ms)
		CreateAndSetChildDomain (38ms)
	RebuildCommonClasses (5ms)
	RebuildNativeTypeToScriptingClass (6ms)
	initialDomainReloadingComplete (28ms)
	LoadAllAssembliesAndSetupDomain (346ms)
		LoadAssemblies (169ms)
		AnalyzeDomain (137ms)
			TypeCache.Refresh (13ms)
			BuildScriptInfoCaches (120ms)
			ResolveRequiredComponents (3ms)
	FinalizeReload (507ms)
		SetupLoadedEditorAssemblies (0ms)
			InitializePlatformSupportModulesInManaged (6ms)
			BeforeProcessingInitializeOnLoad (53ms)
			ProcessInitializeOnLoadAttributes (210ms)
			ProcessInitializeOnLoadMethodAttributes (78ms)
		AwakeInstancesAfterBackupRestoration (11ms)
Unloading 22 Unused Serialized files (Serialized files now loaded: 0)
Unloading 7366 unused Assets / (4.6 MB). Loaded Objects now: 8310.
Memory consumption went from 212.4 MB to 207.8 MB.
Total: 6.913630 ms (FindLiveObjects: 0.398985 ms CreateObjectMapping: 1.162827 ms MarkObjects: 4.103708 ms  DeleteObjects: 1.247681 ms)

Prepare: number of updated asset objects reloaded= 0
========================================================================
Received Prepare
AcceleratorClientConnectionCallback - disconnected - :0
Unloading 22 Unused Serialized files (Serialized files now loaded: 0)
Unloading 22 unused Assets / (2.6 MB). Loaded Objects now: 8310.
Memory consumption went from 208.2 MB to 205.6 MB.
Total: 5.249973 ms (FindLiveObjects: 0.260581 ms CreateObjectMapping: 0.428660 ms MarkObjects: 4.256993 ms  DeleteObjects: 0.303096 ms)

Prepare: number of updated asset objects reloaded= 0
========================================================================
Received Prepare
AcceleratorClientConnectionCallback - disconnected - :0
[Licensing::Client] Successfully resolved entitlement details
Begin MonoManager ReloadAssembly
Native extension for LinuxStandalone target not found
[Package Manager] Failed to launch server process. Reason: Unity was launched with the -noUpm command-line argument
[Package Manager] Unable to send message (not connected to server process).
[Package Manager] Cannot connect to Unity Package Manager local server
[Package Manager] Failed to launch server process. Reason: Unity was launched with the -noUpm command-line argument
[Package Manager] Unable to send message (not connected to server process).
[Package Manager] Cannot connect to Unity Package Manager local server
Native extension for WebGL target not found
[Package Manager] Failed to launch server process. Reason: Unity was launched with the -noUpm command-line argument
[Package Manager] Unable to send message (not connected to server process).
[Package Manager] Cannot connect to Unity Package Manager local server
[Package Manager] Failed to launch server process. Reason: Unity was launched with the -noUpm command-line argument
[Package Manager] Unable to send message (not connected to server process).
[Package Manager] Cannot connect to Unity Package Manager local server
ScheduleIndexationOnStartup MainProcess:False IndexOnStartup:True
Mono: successfully reloaded assembly
- Finished resetting the current domain, in  0.485 seconds
Domain Reload Profiling: 976ms
	BeginReloadAssembly (127ms)
		DisableScriptedObjects (13ms)
		CreateAndSetChildDomain (37ms)
	RebuildCommonClasses (5ms)
	RebuildNativeTypeToScriptingClass (6ms)
	initialDomainReloadingComplete (28ms)
	LoadAllAssembliesAndSetupDomain (323ms)
		LoadAssemblies (164ms)
		AnalyzeDomain (126ms)
			TypeCache.Refresh (9ms)
			BuildScriptInfoCaches (113ms)
			ResolveRequiredComponents (3ms)
	FinalizeReload (485ms)
		SetupLoadedEditorAssemblies (0ms)
			InitializePlatformSupportModulesInManaged (7ms)
			BeforeProcessingInitializeOnLoad (58ms)
			ProcessInitializeOnLoadAttributes (190ms)
			ProcessInitializeOnLoadMethodAttributes (72ms)
			AfterProcessingInitializeOnLoad (3ms)
		AwakeInstancesAfterBackupRestoration (12ms)
Unloading 22 Unused Serialized files (Serialized files now loaded: 0)
Unloading 7366 unused Assets / (5.1 MB). Loaded Objects now: 8313.
Memory consumption went from 212.7 MB to 207.6 MB.
Total: 8.775314 ms (FindLiveObjects: 0.481019 ms CreateObjectMapping: 1.998927 ms MarkObjects: 4.565497 ms  DeleteObjects: 1.729287 ms)

Prepare: number of updated asset objects reloaded= 0
========================================================================
Received Prepare
AcceleratorClientConnectionCallback - disconnected - :0
Begin MonoManager ReloadAssembly
Native extension for LinuxStandalone target not found
[Package Manager] Failed to launch server process. Reason: Unity was launched with the -noUpm command-line argument
[Package Manager] Unable to send message (not connected to server process).
[Package Manager] Cannot connect to Unity Package Manager local server
[Package Manager] Failed to launch server process. Reason: Unity was launched with the -noUpm command-line argument
[Package Manager] Unable to send message (not connected to server process).
[Package Manager] Cannot connect to Unity Package Manager local server
Native extension for WebGL target not found
[Package Manager] Failed to launch server process. Reason: Unity was launched with the -noUpm command-line argument
[Package Manager] Unable to send message (not connected to server process).
[Package Manager] Cannot connect to Unity Package Manager local server
[Package Manager] Failed to launch server process. Reason: Unity was launched with the -noUpm command-line argument
[Package Manager] Unable to send message (not connected to server process).
[Package Manager] Cannot connect to Unity Package Manager local server
ScheduleIndexationOnStartup MainProcess:False IndexOnStartup:True
Mono: successfully reloaded assembly
- Finished resetting the current domain, in  0.475 seconds
Domain Reload Profiling: 954ms
	BeginReloadAssembly (119ms)
		DisableScriptedObjects (9ms)
		CreateAndSetChildDomain (34ms)
	RebuildCommonClasses (6ms)
	RebuildNativeTypeToScriptingClass (6ms)
	initialDomainReloadingComplete (27ms)
	LoadAllAssembliesAndSetupDomain (320ms)
		LoadAssemblies (161ms)
		AnalyzeDomain (127ms)
			TypeCache.Refresh (9ms)
			BuildScriptInfoCaches (114ms)
			ResolveRequiredComponents (3ms)
	FinalizeReload (475ms)
		SetupLoadedEditorAssemblies (0ms)
			InitializePlatformSupportModulesInManaged (6ms)
			BeforeProcessingInitializeOnLoad (58ms)
			ProcessInitializeOnLoadAttributes (197ms)
			ProcessInitializeOnLoadMethodAttributes (62ms)
			EditorAssembliesLoaded (3ms)
		AwakeInstancesAfterBackupRestoration (12ms)
Unloading 22 Unused Serialized files (Serialized files now loaded: 0)
Unloading 7366 unused Assets / (5.6 MB). Loaded Objects now: 8316.
Memory consumption went from 212.8 MB to 207.3 MB.
Total: 7.904160 ms (FindLiveObjects: 0.497766 ms CreateObjectMapping: 1.405026 ms MarkObjects: 4.335693 ms  DeleteObjects: 1.665117 ms)

Prepare: number of updated asset objects reloaded= 0
========================================================================
Received Prepare
AcceleratorClientConnectionCallback - disconnected - :0
Unloading 22 Unused Serialized files (Serialized files now loaded: 0)
Unloading 22 unused Assets / (2.6 MB). Loaded Objects now: 8316.
Memory consumption went from 208.7 MB to 206.1 MB.
Total: 6.250801 ms (FindLiveObjects: 0.332065 ms CreateObjectMapping: 0.696862 ms MarkObjects: 4.872499 ms  DeleteObjects: 0.348685 ms)

Prepare: number of updated asset objects reloaded= 0
========================================================================
Received Prepare
AcceleratorClientConnectionCallback - disconnected - :0
Unloading 22 Unused Serialized files (Serialized files now loaded: 0)
Unloading 7351 unused Assets / (5.2 MB). Loaded Objects now: 8316.
Memory consumption went from 213.1 MB to 207.9 MB.
Total: 7.178842 ms (FindLiveObjects: 0.400899 ms CreateObjectMapping: 1.113795 ms MarkObjects: 4.211319 ms  DeleteObjects: 1.452211 ms)

Prepare: number of updated asset objects reloaded= 0
========================================================================
Received Prepare
AcceleratorClientConnectionCallback - disconnected - :0
[Licensing::Client] Successfully resolved entitlement details
Begin MonoManager ReloadAssembly
Native extension for LinuxStandalone target not found
[Package Manager] Failed to launch server process. Reason: Unity was launched with the -noUpm command-line argument
[Package Manager] Unable to send message (not connected to server process).
[Package Manager] Cannot connect to Unity Package Manager local server
[Package Manager] Failed to launch server process. Reason: Unity was launched with the -noUpm command-line argument
[Package Manager] Unable to send message (not connected to server process).
[Package Manager] Cannot connect to Unity Package Manager local server
Native extension for WebGL target not found
[Package Manager] Failed to launch server process. Reason: Unity was launched with the -noUpm command-line argument
[Package Manager] Unable to send message (not connected to server process).
[Package Manager] Cannot connect to Unity Package Manager local server
[Package Manager] Failed to launch server process. Reason: Unity was launched with the -noUpm command-line argument
[Package Manager] Unable to send message (not connected to server process).
[Package Manager] Cannot connect to Unity Package Manager local server
ScheduleIndexationOnStartup MainProcess:False IndexOnStartup:True
Mono: successfully reloaded assembly
- Finished resetting the current domain, in  0.494 seconds
Domain Reload Profiling: 993ms
	BeginReloadAssembly (128ms)
		DisableScriptedObjects (8ms)
		CreateAndSetChildDomain (41ms)
	RebuildCommonClasses (6ms)
	RebuildNativeTypeToScriptingClass (6ms)
	initialDomainReloadingComplete (25ms)
	LoadAllAssembliesAndSetupDomain (334ms)
		LoadAssemblies (166ms)
		AnalyzeDomain (132ms)
			TypeCache.Refresh (10ms)
			BuildScriptInfoCaches (118ms)
			ResolveRequiredComponents (3ms)
	FinalizeReload (494ms)
		SetupLoadedEditorAssemblies (0ms)
			InitializePlatformSupportModulesInManaged (7ms)
			BeforeProcessingInitializeOnLoad (58ms)
			ProcessInitializeOnLoadAttributes (213ms)
			ProcessInitializeOnLoadMethodAttributes (65ms)
			AfterProcessingInitializeOnLoad (3ms)
		AwakeInstancesAfterBackupRestoration (11ms)
Unloading 22 Unused Serialized files (Serialized files now loaded: 0)
Unloading 7366 unused Assets / (5.9 MB). Loaded Objects now: 8319.
Memory consumption went from 213.1 MB to 207.2 MB.
Total: 7.667909 ms (FindLiveObjects: 0.389185 ms CreateObjectMapping: 1.145069 ms MarkObjects: 4.498860 ms  DeleteObjects: 1.634280 ms)

Prepare: number of updated asset objects reloaded= 0
========================================================================
Received Prepare
AcceleratorClientConnectionCallback - disconnected - :0
Unloading 22 Unused Serialized files (Serialized files now loaded: 0)
Unloading 22 unused Assets / (2.6 MB). Loaded Objects now: 8319.
Memory consumption went from 209.0 MB to 206.4 MB.
Total: 5.347723 ms (FindLiveObjects: 0.259441 ms CreateObjectMapping: 0.423878 ms MarkObjects: 4.400069 ms  DeleteObjects: 0.263801 ms)

Prepare: number of updated asset objects reloaded= 0
========================================================================
Received Prepare
AcceleratorClientConnectionCallback - disconnected - :0
[Licensing::Client] Successfully resolved entitlement details
Begin MonoManager ReloadAssembly
Native extension for LinuxStandalone target not found
[Package Manager] Failed to launch server process. Reason: Unity was launched with the -noUpm command-line argument
[Package Manager] Unable to send message (not connected to server process).
[Package Manager] Cannot connect to Unity Package Manager local server
[Package Manager] Failed to launch server process. Reason: Unity was launched with the -noUpm command-line argument
[Package Manager] Unable to send message (not connected to server process).
[Package Manager] Cannot connect to Unity Package Manager local server
Native extension for WebGL target not found
[Package Manager] Failed to launch server process. Reason: Unity was launched with the -noUpm command-line argument
[Package Manager] Unable to send message (not connected to server process).
[Package Manager] Cannot connect to Unity Package Manager local server
[Package Manager] Failed to launch server process. Reason: Unity was launched with the -noUpm command-line argument
[Package Manager] Unable to send message (not connected to server process).
[Package Manager] Cannot connect to Unity Package Manager local server
ScheduleIndexationOnStartup MainProcess:False IndexOnStartup:True
Mono: successfully reloaded assembly
- Finished resetting the current domain, in  0.497 seconds
Domain Reload Profiling: 996ms
	BeginReloadAssembly (120ms)
		DisableScriptedObjects (9ms)
		CreateAndSetChildDomain (35ms)
	RebuildCommonClasses (6ms)
	RebuildNativeTypeToScriptingClass (6ms)
	initialDomainReloadingComplete (26ms)
	LoadAllAssembliesAndSetupDomain (340ms)
		LoadAssemblies (166ms)
		AnalyzeDomain (132ms)
			TypeCache.Refresh (10ms)
			BuildScriptInfoCaches (117ms)
			ResolveRequiredComponents (3ms)
	FinalizeReload (498ms)
		SetupLoadedEditorAssemblies (0ms)
			InitializePlatformSupportModulesInManaged (7ms)
			BeforeProcessingInitializeOnLoad (59ms)
			ProcessInitializeOnLoadAttributes (195ms)
			ProcessInitializeOnLoadMethodAttributes (72ms)
		AwakeInstancesAfterBackupRestoration (13ms)
Unloading 22 Unused Serialized files (Serialized files now loaded: 0)
Unloading 7366 unused Assets / (6.5 MB). Loaded Objects now: 8322.
Memory consumption went from 213.4 MB to 206.8 MB.
Total: 9.277786 ms (FindLiveObjects: 0.493134 ms CreateObjectMapping: 1.854210 ms MarkObjects: 4.707676 ms  DeleteObjects: 2.222141 ms)

Prepare: number of updated asset objects reloaded= 0
========================================================================
Received Prepare
AcceleratorClientConnectionCallback - disconnected - :0
[Licensing::Client] Successfully resolved entitlement details
Begin MonoManager ReloadAssembly
Native extension for LinuxStandalone target not found
[Package Manager] Failed to launch server process. Reason: Unity was launched with the -noUpm command-line argument
[Package Manager] Unable to send message (not connected to server process).
[Package Manager] Cannot connect to Unity Package Manager local server
[Package Manager] Failed to launch server process. Reason: Unity was launched with the -noUpm command-line argument
[Package Manager] Unable to send message (not connected to server process).
[Package Manager] Cannot connect to Unity Package Manager local server
Native extension for WebGL target not found
[Package Manager] Failed to launch server process. Reason: Unity was launched with the -noUpm command-line argument
[Package Manager] Unable to send message (not connected to server process).
[Package Manager] Cannot connect to Unity Package Manager local server
[Package Manager] Failed to launch server process. Reason: Unity was launched with the -noUpm command-line argument
[Package Manager] Unable to send message (not connected to server process).
[Package Manager] Cannot connect to Unity Package Manager local server
ScheduleIndexationOnStartup MainProcess:False IndexOnStartup:True
Mono: successfully reloaded assembly
- Finished resetting the current domain, in  0.492 seconds
Domain Reload Profiling: 980ms
	BeginReloadAssembly (127ms)
		DisableScriptedObjects (9ms)
		CreateAndSetChildDomain (38ms)
	RebuildCommonClasses (6ms)
	RebuildNativeTypeToScriptingClass (6ms)
	initialDomainReloadingComplete (26ms)
	LoadAllAssembliesAndSetupDomain (323ms)
		LoadAssemblies (165ms)
		AnalyzeDomain (129ms)
			TypeCache.Refresh (10ms)
			BuildScriptInfoCaches (115ms)
			ResolveRequiredComponents (3ms)
	FinalizeReload (492ms)
		SetupLoadedEditorAssemblies (0ms)
			InitializePlatformSupportModulesInManaged (7ms)
			BeforeProcessingInitializeOnLoad (53ms)
			ProcessInitializeOnLoadAttributes (201ms)
			ProcessInitializeOnLoadMethodAttributes (77ms)
		AwakeInstancesAfterBackupRestoration (12ms)
Unloading 22 Unused Serialized files (Serialized files now loaded: 0)
Unloading 7366 unused Assets / (4.6 MB). Loaded Objects now: 8325.
Memory consumption went from 213.5 MB to 208.9 MB.
Total: 8.714307 ms (FindLiveObjects: 0.453976 ms CreateObjectMapping: 1.925936 ms MarkObjects: 4.975978 ms  DeleteObjects: 1.357412 ms)

Prepare: number of updated asset objects reloaded= 0
========================================================================
Received Prepare
AcceleratorClientConnectionCallback - disconnected - :0
[Licensing::Client] Successfully resolved entitlement details
Begin MonoManager ReloadAssembly
Native extension for LinuxStandalone target not found
[Package Manager] Failed to launch server process. Reason: Unity was launched with the -noUpm command-line argument
[Package Manager] Unable to send message (not connected to server process).
[Package Manager] Cannot connect to Unity Package Manager local server
[Package Manager] Failed to launch server process. Reason: Unity was launched with the -noUpm command-line argument
[Package Manager] Unable to send message (not connected to server process).
[Package Manager] Cannot connect to Unity Package Manager local server
Native extension for WebGL target not found
[Package Manager] Failed to launch server process. Reason: Unity was launched with the -noUpm command-line argument
[Package Manager] Unable to send message (not connected to server process).
[Package Manager] Cannot connect to Unity Package Manager local server
[Package Manager] Failed to launch server process. Reason: Unity was launched with the -noUpm command-line argument
[Package Manager] Unable to send message (not connected to server process).
[Package Manager] Cannot connect to Unity Package Manager local server
ScheduleIndexationOnStartup MainProcess:False IndexOnStartup:True
Mono: successfully reloaded assembly
- Finished resetting the current domain, in  0.502 seconds
Domain Reload Profiling: 1014ms
	BeginReloadAssembly (121ms)
		DisableScriptedObjects (10ms)
		CreateAndSetChildDomain (36ms)
	RebuildCommonClasses (6ms)
	RebuildNativeTypeToScriptingClass (7ms)
	initialDomainReloadingComplete (26ms)
	LoadAllAssembliesAndSetupDomain (352ms)
		LoadAssemblies (173ms)
		AnalyzeDomain (144ms)
			TypeCache.Refresh (10ms)
			BuildScriptInfoCaches (129ms)
			ResolveRequiredComponents (3ms)
	FinalizeReload (502ms)
		SetupLoadedEditorAssemblies (0ms)
			InitializePlatformSupportModulesInManaged (7ms)
			BeforeProcessingInitializeOnLoad (54ms)
			ProcessInitializeOnLoadAttributes (210ms)
			ProcessInitializeOnLoadMethodAttributes (85ms)
		AwakeInstancesAfterBackupRestoration (11ms)
Unloading 22 Unused Serialized files (Serialized files now loaded: 0)
Unloading 7366 unused Assets / (6.1 MB). Loaded Objects now: 8328.
Memory consumption went from 213.7 MB to 207.6 MB.
Total: 8.615168 ms (FindLiveObjects: 0.443752 ms CreateObjectMapping: 1.765020 ms MarkObjects: 4.458225 ms  DeleteObjects: 1.947527 ms)

Prepare: number of updated asset objects reloaded= 0
========================================================================
Received Prepare
AcceleratorClientConnectionCallback - disconnected - :0
Unloading 22 Unused Serialized files (Serialized files now loaded: 0)
Unloading 22 unused Assets / (2.6 MB). Loaded Objects now: 8328.
Memory consumption went from 209.5 MB to 206.9 MB.
Total: 5.524061 ms (FindLiveObjects: 0.269274 ms CreateObjectMapping: 0.430312 ms MarkObjects: 4.558270 ms  DeleteObjects: 0.265672 ms)

Prepare: number of updated asset objects reloaded= 0
========================================================================
Received Prepare
AcceleratorClientConnectionCallback - disconnected - :0
Begin MonoManager ReloadAssembly
Native extension for LinuxStandalone target not found
[Package Manager] Failed to launch server process. Reason: Unity was launched with the -noUpm command-line argument
[Package Manager] Unable to send message (not connected to server process).
[Package Manager] Cannot connect to Unity Package Manager local server
[Package Manager] Failed to launch server process. Reason: Unity was launched with the -noUpm command-line argument
[Package Manager] Unable to send message (not connected to server process).
[Package Manager] Cannot connect to Unity Package Manager local server
Native extension for WebGL target not found
[Package Manager] Failed to launch server process. Reason: Unity was launched with the -noUpm command-line argument
[Package Manager] Unable to send message (not connected to server process).
[Package Manager] Cannot connect to Unity Package Manager local server
[Package Manager] Failed to launch server process. Reason: Unity was launched with the -noUpm command-line argument
[Package Manager] Unable to send message (not connected to server process).
[Package Manager] Cannot connect to Unity Package Manager local server
ScheduleIndexationOnStartup MainProcess:False IndexOnStartup:True
Mono: successfully reloaded assembly
- Finished resetting the current domain, in  0.480 seconds
Domain Reload Profiling: 984ms
	BeginReloadAssembly (125ms)
		DisableScriptedObjects (9ms)
		CreateAndSetChildDomain (41ms)
	RebuildCommonClasses (6ms)
	RebuildNativeTypeToScriptingClass (7ms)
	initialDomainReloadingComplete (28ms)
	LoadAllAssembliesAndSetupDomain (339ms)
		LoadAssemblies (166ms)
		AnalyzeDomain (127ms)
			TypeCache.Refresh (9ms)
			BuildScriptInfoCaches (113ms)
			ResolveRequiredComponents (3ms)
	FinalizeReload (480ms)
		SetupLoadedEditorAssemblies (0ms)
			InitializePlatformSupportModulesInManaged (6ms)
			BeforeProcessingInitializeOnLoad (58ms)
			ProcessInitializeOnLoadAttributes (193ms)
			ProcessInitializeOnLoadMethodAttributes (63ms)
		AwakeInstancesAfterBackupRestoration (12ms)
Unloading 22 Unused Serialized files (Serialized files now loaded: 0)
Unloading 7366 unused Assets / (5.2 MB). Loaded Objects now: 8331.
Memory consumption went from 213.9 MB to 208.7 MB.
Total: 9.182058 ms (FindLiveObjects: 0.489190 ms CreateObjectMapping: 2.009995 ms MarkObjects: 4.712045 ms  DeleteObjects: 1.969394 ms)

Prepare: number of updated asset objects reloaded= 0
========================================================================
Received Prepare
AcceleratorClientConnectionCallback - disconnected - :0
Unloading 22 Unused Serialized files (Serialized files now loaded: 0)
Unloading 22 unused Assets / (2.6 MB). Loaded Objects now: 8331.
Memory consumption went from 209.7 MB to 207.1 MB.
Total: 6.187129 ms (FindLiveObjects: 0.254509 ms CreateObjectMapping: 0.698972 ms MarkObjects: 4.936720 ms  DeleteObjects: 0.296215 ms)

Prepare: number of updated asset objects reloaded= 0
========================================================================
Received Prepare
AcceleratorClientConnectionCallback - disconnected - :0
[Licensing::Client] Successfully resolved entitlement details
Begin MonoManager ReloadAssembly
Native extension for LinuxStandalone target not found
[Package Manager] Failed to launch server process. Reason: Unity was launched with the -noUpm command-line argument
[Package Manager] Unable to send message (not connected to server process).
[Package Manager] Cannot connect to Unity Package Manager local server
[Package Manager] Failed to launch server process. Reason: Unity was launched with the -noUpm command-line argument
[Package Manager] Unable to send message (not connected to server process).
[Package Manager] Cannot connect to Unity Package Manager local server
Native extension for WebGL target not found
[Package Manager] Failed to launch server process. Reason: Unity was launched with the -noUpm command-line argument
[Package Manager] Unable to send message (not connected to server process).
[Package Manager] Cannot connect to Unity Package Manager local server
[Package Manager] Failed to launch server process. Reason: Unity was launched with the -noUpm command-line argument
[Package Manager] Unable to send message (not connected to server process).
[Package Manager] Cannot connect to Unity Package Manager local server
ScheduleIndexationOnStartup MainProcess:False IndexOnStartup:True
Mono: successfully reloaded assembly
- Finished resetting the current domain, in  0.500 seconds
Domain Reload Profiling: 996ms
	BeginReloadAssembly (115ms)
		DisableScriptedObjects (9ms)
		CreateAndSetChildDomain (32ms)
	RebuildCommonClasses (6ms)
	RebuildNativeTypeToScriptingClass (7ms)
	initialDomainReloadingComplete (31ms)
	LoadAllAssembliesAndSetupDomain (336ms)
		LoadAssemblies (166ms)
		AnalyzeDomain (131ms)
			TypeCache.Refresh (11ms)
			BuildScriptInfoCaches (116ms)
			ResolveRequiredComponents (3ms)
	FinalizeReload (501ms)
		SetupLoadedEditorAssemblies (0ms)
			InitializePlatformSupportModulesInManaged (9ms)
			BeforeProcessingInitializeOnLoad (53ms)
			ProcessInitializeOnLoadAttributes (200ms)
			ProcessInitializeOnLoadMethodAttributes (72ms)
			AfterProcessingInitializeOnLoad (3ms)
		AwakeInstancesAfterBackupRestoration (16ms)
Unloading 22 Unused Serialized files (Serialized files now loaded: 0)
Unloading 7366 unused Assets / (5.0 MB). Loaded Objects now: 8334.
Memory consumption went from 214.1 MB to 209.2 MB.
Total: 7.833580 ms (FindLiveObjects: 0.411849 ms CreateObjectMapping: 1.182982 ms MarkObjects: 4.780928 ms  DeleteObjects: 1.457198 ms)

Prepare: number of updated asset objects reloaded= 0
========================================================================
Received Prepare
AcceleratorClientConnectionCallback - disconnected - :0
Begin MonoManager ReloadAssembly
Native extension for LinuxStandalone target not found
[Package Manager] Failed to launch server process. Reason: Unity was launched with the -noUpm command-line argument
[Package Manager] Unable to send message (not connected to server process).
[Package Manager] Cannot connect to Unity Package Manager local server
[Package Manager] Failed to launch server process. Reason: Unity was launched with the -noUpm command-line argument
[Package Manager] Unable to send message (not connected to server process).
[Package Manager] Cannot connect to Unity Package Manager local server
Native extension for WebGL target not found
[Package Manager] Failed to launch server process. Reason: Unity was launched with the -noUpm command-line argument
[Package Manager] Unable to send message (not connected to server process).
[Package Manager] Cannot connect to Unity Package Manager local server
[Package Manager] Failed to launch server process. Reason: Unity was launched with the -noUpm command-line argument
[Package Manager] Unable to send message (not connected to server process).
[Package Manager] Cannot connect to Unity Package Manager local server
ScheduleIndexationOnStartup MainProcess:False IndexOnStartup:True
Mono: successfully reloaded assembly
- Finished resetting the current domain, in  0.471 seconds
Domain Reload Profiling: 976ms
	BeginReloadAssembly (125ms)
		DisableScriptedObjects (9ms)
		CreateAndSetChildDomain (35ms)
	RebuildCommonClasses (6ms)
	RebuildNativeTypeToScriptingClass (7ms)
	initialDomainReloadingComplete (27ms)
	LoadAllAssembliesAndSetupDomain (340ms)
		LoadAssemblies (176ms)
		AnalyzeDomain (128ms)
			TypeCache.Refresh (9ms)
			BuildScriptInfoCaches (114ms)
			ResolveRequiredComponents (3ms)
	FinalizeReload (472ms)
		SetupLoadedEditorAssemblies (0ms)
			InitializePlatformSupportModulesInManaged (7ms)
			BeforeProcessingInitializeOnLoad (62ms)
			ProcessInitializeOnLoadAttributes (186ms)
			ProcessInitializeOnLoadMethodAttributes (62ms)
			AfterProcessingInitializeOnLoad (3ms)
		AwakeInstancesAfterBackupRestoration (12ms)
Unloading 22 Unused Serialized files (Serialized files now loaded: 0)
Unloading 7366 unused Assets / (5.6 MB). Loaded Objects now: 8337.
Memory consumption went from 214.3 MB to 208.7 MB.
Total: 9.737340 ms (FindLiveObjects: 0.373563 ms CreateObjectMapping: 1.122249 ms MarkObjects: 6.131853 ms  DeleteObjects: 2.108963 ms)

Prepare: number of updated asset objects reloaded= 0
========================================================================
Received Prepare
AcceleratorClientConnectionCallback - disconnected - :0
Unloading 22 Unused Serialized files (Serialized files now loaded: 0)
Unloading 22 unused Assets / (2.6 MB). Loaded Objects now: 8337.
Memory consumption went from 210.1 MB to 207.5 MB.
Total: 5.570805 ms (FindLiveObjects: 0.288040 ms CreateObjectMapping: 0.427046 ms MarkObjects: 4.583426 ms  DeleteObjects: 0.271750 ms)

Prepare: number of updated asset objects reloaded= 0
========================================================================
Received Prepare
AcceleratorClientConnectionCallback - disconnected - :0
[Licensing::Client] Successfully resolved entitlement details
Begin MonoManager ReloadAssembly
Native extension for LinuxStandalone target not found
[Package Manager] Failed to launch server process. Reason: Unity was launched with the -noUpm command-line argument
[Package Manager] Unable to send message (not connected to server process).
[Package Manager] Cannot connect to Unity Package Manager local server
[Package Manager] Failed to launch server process. Reason: Unity was launched with the -noUpm command-line argument
[Package Manager] Unable to send message (not connected to server process).
[Package Manager] Cannot connect to Unity Package Manager local server
Native extension for WebGL target not found
[Package Manager] Failed to launch server process. Reason: Unity was launched with the -noUpm command-line argument
[Package Manager] Unable to send message (not connected to server process).
[Package Manager] Cannot connect to Unity Package Manager local server
[Package Manager] Failed to launch server process. Reason: Unity was launched with the -noUpm command-line argument
[Package Manager] Unable to send message (not connected to server process).
[Package Manager] Cannot connect to Unity Package Manager local server
ScheduleIndexationOnStartup MainProcess:False IndexOnStartup:True
Mono: successfully reloaded assembly
- Finished resetting the current domain, in  0.505 seconds
Domain Reload Profiling: 1021ms
	BeginReloadAssembly (121ms)
		DisableScriptedObjects (9ms)
		CreateAndSetChildDomain (35ms)
	RebuildCommonClasses (6ms)
	RebuildNativeTypeToScriptingClass (6ms)
	initialDomainReloadingComplete (26ms)
	LoadAllAssembliesAndSetupDomain (356ms)
		LoadAssemblies (163ms)
		AnalyzeDomain (143ms)
			TypeCache.Refresh (12ms)
			BuildScriptInfoCaches (126ms)
			ResolveRequiredComponents (3ms)
	FinalizeReload (505ms)
		SetupLoadedEditorAssemblies (0ms)
			InitializePlatformSupportModulesInManaged (11ms)
			BeforeProcessingInitializeOnLoad (75ms)
			ProcessInitializeOnLoadAttributes (200ms)
			ProcessInitializeOnLoadMethodAttributes (63ms)
		AwakeInstancesAfterBackupRestoration (14ms)
Unloading 22 Unused Serialized files (Serialized files now loaded: 0)
Unloading 7366 unused Assets / (5.6 MB). Loaded Objects now: 8340.
Memory consumption went from 214.4 MB to 208.8 MB.
Total: 7.691643 ms (FindLiveObjects: 0.417820 ms CreateObjectMapping: 1.192922 ms MarkObjects: 4.587864 ms  DeleteObjects: 1.492580 ms)

Prepare: number of updated asset objects reloaded= 0
========================================================================
Received Prepare
AcceleratorClientConnectionCallback - disconnected - :0
Unloading 22 Unused Serialized files (Serialized files now loaded: 0)
Unloading 22 unused Assets / (2.6 MB). Loaded Objects now: 8340.
Memory consumption went from 210.3 MB to 207.7 MB.
Total: 7.163950 ms (FindLiveObjects: 0.263164 ms CreateObjectMapping: 0.702300 ms MarkObjects: 5.937110 ms  DeleteObjects: 0.260877 ms)

Prepare: number of updated asset objects reloaded= 0
========================================================================
Received Prepare
AcceleratorClientConnectionCallback - disconnected - :0
Unloading 22 Unused Serialized files (Serialized files now loaded: 0)
Unloading 22 unused Assets / (2.6 MB). Loaded Objects now: 8340.
Memory consumption went from 210.3 MB to 207.7 MB.
Total: 5.761713 ms (FindLiveObjects: 0.268586 ms CreateObjectMapping: 0.453408 ms MarkObjects: 4.593308 ms  DeleteObjects: 0.445679 ms)

Prepare: number of updated asset objects reloaded= 0
========================================================================
Received Prepare
AcceleratorClientConnectionCallback - disconnected - :0
[Licensing::Client] Successfully resolved entitlement details
Begin MonoManager ReloadAssembly
Native extension for LinuxStandalone target not found
[Package Manager] Failed to launch server process. Reason: Unity was launched with the -noUpm command-line argument
[Package Manager] Unable to send message (not connected to server process).
[Package Manager] Cannot connect to Unity Package Manager local server
[Package Manager] Failed to launch server process. Reason: Unity was launched with the -noUpm command-line argument
[Package Manager] Unable to send message (not connected to server process).
[Package Manager] Cannot connect to Unity Package Manager local server
Native extension for WebGL target not found
[Package Manager] Failed to launch server process. Reason: Unity was launched with the -noUpm command-line argument
[Package Manager] Unable to send message (not connected to server process).
[Package Manager] Cannot connect to Unity Package Manager local server
[Package Manager] Failed to launch server process. Reason: Unity was launched with the -noUpm command-line argument
[Package Manager] Unable to send message (not connected to server process).
[Package Manager] Cannot connect to Unity Package Manager local server
ScheduleIndexationOnStartup MainProcess:False IndexOnStartup:True
Mono: successfully reloaded assembly
- Finished resetting the current domain, in  0.497 seconds
Domain Reload Profiling: 1007ms
	BeginReloadAssembly (123ms)
		DisableScriptedObjects (9ms)
		CreateAndSetChildDomain (35ms)
	RebuildCommonClasses (6ms)
	RebuildNativeTypeToScriptingClass (6ms)
	initialDomainReloadingComplete (25ms)
	LoadAllAssembliesAndSetupDomain (349ms)
		LoadAssemblies (168ms)
		AnalyzeDomain (137ms)
			TypeCache.Refresh (11ms)
			BuildScriptInfoCaches (121ms)
			ResolveRequiredComponents (3ms)
	FinalizeReload (498ms)
		SetupLoadedEditorAssemblies (0ms)
			InitializePlatformSupportModulesInManaged (7ms)
			BeforeProcessingInitializeOnLoad (62ms)
			ProcessInitializeOnLoadAttributes (187ms)
			ProcessInitializeOnLoadMethodAttributes (87ms)
		AwakeInstancesAfterBackupRestoration (15ms)
Unloading 22 Unused Serialized files (Serialized files now loaded: 0)
Unloading 7366 unused Assets / (5.9 MB). Loaded Objects now: 8343.
Memory consumption went from 214.8 MB to 208.8 MB.
Total: 8.440673 ms (FindLiveObjects: 0.430262 ms CreateObjectMapping: 1.909383 ms MarkObjects: 4.472010 ms  DeleteObjects: 1.628384 ms)

Prepare: number of updated asset objects reloaded= 0
========================================================================
Received Prepare
AcceleratorClientConnectionCallback - disconnected - :0
Begin MonoManager ReloadAssembly
Native extension for LinuxStandalone target not found
[Package Manager] Failed to launch server process. Reason: Unity was launched with the -noUpm command-line argument
[Package Manager] Unable to send message (not connected to server process).
[Package Manager] Cannot connect to Unity Package Manager local server
[Package Manager] Failed to launch server process. Reason: Unity was launched with the -noUpm command-line argument
[Package Manager] Unable to send message (not connected to server process).
[Package Manager] Cannot connect to Unity Package Manager local server
Native extension for WebGL target not found
[Package Manager] Failed to launch server process. Reason: Unity was launched with the -noUpm command-line argument
[Package Manager] Unable to send message (not connected to server process).
[Package Manager] Cannot connect to Unity Package Manager local server
[Package Manager] Failed to launch server process. Reason: Unity was launched with the -noUpm command-line argument
[Package Manager] Unable to send message (not connected to server process).
[Package Manager] Cannot connect to Unity Package Manager local server
ScheduleIndexationOnStartup MainProcess:False IndexOnStartup:True
Mono: successfully reloaded assembly
- Finished resetting the current domain, in  0.505 seconds
Domain Reload Profiling: 1008ms
	BeginReloadAssembly (130ms)
		DisableScriptedObjects (9ms)
		CreateAndSetChildDomain (42ms)
	RebuildCommonClasses (6ms)
	RebuildNativeTypeToScriptingClass (6ms)
	initialDomainReloadingComplete (28ms)
	LoadAllAssembliesAndSetupDomain (331ms)
		LoadAssemblies (168ms)
		AnalyzeDomain (127ms)
			TypeCache.Refresh (9ms)
			BuildScriptInfoCaches (114ms)
			ResolveRequiredComponents (3ms)
	FinalizeReload (506ms)
		SetupLoadedEditorAssemblies (0ms)
			InitializePlatformSupportModulesInManaged (7ms)
			BeforeProcessingInitializeOnLoad (54ms)
			ProcessInitializeOnLoadAttributes (210ms)
			ProcessInitializeOnLoadMethodAttributes (77ms)
		AwakeInstancesAfterBackupRestoration (12ms)
Unloading 22 Unused Serialized files (Serialized files now loaded: 0)
Unloading 7366 unused Assets / (4.3 MB). Loaded Objects now: 8346.
Memory consumption went from 214.9 MB to 210.7 MB.
Total: 7.490998 ms (FindLiveObjects: 0.426406 ms CreateObjectMapping: 1.143987 ms MarkObjects: 4.632705 ms  DeleteObjects: 1.287439 ms)

Prepare: number of updated asset objects reloaded= 0
========================================================================
Received Prepare
AcceleratorClientConnectionCallback - disconnected - :0
Begin MonoManager ReloadAssembly
Native extension for LinuxStandalone target not found
[Package Manager] Failed to launch server process. Reason: Unity was launched with the -noUpm command-line argument
[Package Manager] Unable to send message (not connected to server process).
[Package Manager] Cannot connect to Unity Package Manager local server
[Package Manager] Failed to launch server process. Reason: Unity was launched with the -noUpm command-line argument
[Package Manager] Unable to send message (not connected to server process).
[Package Manager] Cannot connect to Unity Package Manager local server
Native extension for WebGL target not found
[Package Manager] Failed to launch server process. Reason: Unity was launched with the -noUpm command-line argument
[Package Manager] Unable to send message (not connected to server process).
[Package Manager] Cannot connect to Unity Package Manager local server
[Package Manager] Failed to launch server process. Reason: Unity was launched with the -noUpm command-line argument
[Package Manager] Unable to send message (not connected to server process).
[Package Manager] Cannot connect to Unity Package Manager local server
ScheduleIndexationOnStartup MainProcess:False IndexOnStartup:True
Mono: successfully reloaded assembly
- Finished resetting the current domain, in  0.460 seconds
Domain Reload Profiling: 958ms
	BeginReloadAssembly (126ms)
		DisableScriptedObjects (9ms)
		CreateAndSetChildDomain (38ms)
	RebuildCommonClasses (6ms)
	RebuildNativeTypeToScriptingClass (6ms)
	initialDomainReloadingComplete (27ms)
	LoadAllAssembliesAndSetupDomain (333ms)
		LoadAssemblies (165ms)
		AnalyzeDomain (129ms)
			TypeCache.Refresh (11ms)
			BuildScriptInfoCaches (114ms)
			ResolveRequiredComponents (3ms)
	FinalizeReload (460ms)
		SetupLoadedEditorAssemblies (0ms)
			InitializePlatformSupportModulesInManaged (6ms)
			BeforeProcessingInitializeOnLoad (52ms)
			ProcessInitializeOnLoadAttributes (185ms)
			ProcessInitializeOnLoadMethodAttributes (63ms)
		AwakeInstancesAfterBackupRestoration (13ms)
Unloading 22 Unused Serialized files (Serialized files now loaded: 0)
Unloading 7366 unused Assets / (3.8 MB). Loaded Objects now: 8349.
Memory consumption went from 215.1 MB to 211.3 MB.
Total: 11.432118 ms (FindLiveObjects: 0.468080 ms CreateObjectMapping: 1.475233 ms MarkObjects: 7.851348 ms  DeleteObjects: 1.636800 ms)

Prepare: number of updated asset objects reloaded= 0
========================================================================
Received Prepare
AcceleratorClientConnectionCallback - disconnected - :0
Unloading 22 Unused Serialized files (Serialized files now loaded: 0)
Unloading 22 unused Assets / (2.6 MB). Loaded Objects now: 8349.
Memory consumption went from 210.9 MB to 208.3 MB.
Total: 6.002859 ms (FindLiveObjects: 0.272628 ms CreateObjectMapping: 0.702246 ms MarkObjects: 4.751534 ms  DeleteObjects: 0.275998 ms)

Prepare: number of updated asset objects reloaded= 0
========================================================================
Received Prepare
AcceleratorClientConnectionCallback - disconnected - :0
[Licensing::Client] Successfully resolved entitlement details
Begin MonoManager ReloadAssembly
Native extension for LinuxStandalone target not found
[Package Manager] Failed to launch server process. Reason: Unity was launched with the -noUpm command-line argument
[Package Manager] Unable to send message (not connected to server process).
[Package Manager] Cannot connect to Unity Package Manager local server
[Package Manager] Failed to launch server process. Reason: Unity was launched with the -noUpm command-line argument
[Package Manager] Unable to send message (not connected to server process).
[Package Manager] Cannot connect to Unity Package Manager local server
Native extension for WebGL target not found
[Package Manager] Failed to launch server process. Reason: Unity was launched with the -noUpm command-line argument
[Package Manager] Unable to send message (not connected to server process).
[Package Manager] Cannot connect to Unity Package Manager local server
[Package Manager] Failed to launch server process. Reason: Unity was launched with the -noUpm command-line argument
[Package Manager] Unable to send message (not connected to server process).
[Package Manager] Cannot connect to Unity Package Manager local server
ScheduleIndexationOnStartup MainProcess:False IndexOnStartup:True
Mono: successfully reloaded assembly
- Finished resetting the current domain, in  0.514 seconds
Domain Reload Profiling: 1027ms
	BeginReloadAssembly (124ms)
		DisableScriptedObjects (9ms)
		CreateAndSetChildDomain (39ms)
	RebuildCommonClasses (6ms)
	RebuildNativeTypeToScriptingClass (6ms)
	initialDomainReloadingComplete (26ms)
	LoadAllAssembliesAndSetupDomain (350ms)
		LoadAssemblies (180ms)
		AnalyzeDomain (136ms)
			TypeCache.Refresh (12ms)
			BuildScriptInfoCaches (120ms)
			ResolveRequiredComponents (3ms)
	FinalizeReload (515ms)
		SetupLoadedEditorAssemblies (0ms)
			InitializePlatformSupportModulesInManaged (7ms)
			BeforeProcessingInitializeOnLoad (57ms)
			ProcessInitializeOnLoadAttributes (211ms)
			ProcessInitializeOnLoadMethodAttributes (76ms)
			AfterProcessingInitializeOnLoad (5ms)
		AwakeInstancesAfterBackupRestoration (14ms)
Unloading 22 Unused Serialized files (Serialized files now loaded: 0)
Unloading 7366 unused Assets / (5.5 MB). Loaded Objects now: 8352.
Memory consumption went from 215.3 MB to 209.8 MB.
Total: 8.410955 ms (FindLiveObjects: 0.443333 ms CreateObjectMapping: 1.975562 ms MarkObjects: 4.378080 ms  DeleteObjects: 1.613301 ms)

Prepare: number of updated asset objects reloaded= 0
========================================================================
Received Prepare
AcceleratorClientConnectionCallback - disconnected - :0
Unloading 22 Unused Serialized files (Serialized files now loaded: 0)
Unloading 22 unused Assets / (2.6 MB). Loaded Objects now: 8352.
Memory consumption went from 211.2 MB to 208.6 MB.
Total: 5.457580 ms (FindLiveObjects: 0.279561 ms CreateObjectMapping: 0.444385 ms MarkObjects: 4.439298 ms  DeleteObjects: 0.293494 ms)

Prepare: number of updated asset objects reloaded= 0
========================================================================
Received Prepare
AcceleratorClientConnectionCallback - disconnected - :0
Unloading 22 Unused Serialized files (Serialized files now loaded: 0)
Unloading 22 unused Assets / (2.6 MB). Loaded Objects now: 8352.
Memory consumption went from 211.2 MB to 208.6 MB.
Total: 5.211677 ms (FindLiveObjects: 0.337750 ms CreateObjectMapping: 0.476142 ms MarkObjects: 4.112289 ms  DeleteObjects: 0.284985 ms)

Prepare: number of updated asset objects reloaded= 0
========================================================================
Received Prepare
AcceleratorClientConnectionCallback - disconnected - :0
Unloading 22 Unused Serialized files (Serialized files now loaded: 0)
Unloading 22 unused Assets / (2.6 MB). Loaded Objects now: 8352.
Memory consumption went from 211.3 MB to 208.7 MB.
Total: 5.674216 ms (FindLiveObjects: 0.324545 ms CreateObjectMapping: 0.457456 ms MarkObjects: 4.633087 ms  DeleteObjects: 0.258489 ms)

Prepare: number of updated asset objects reloaded= 0
========================================================================
Received Prepare
AcceleratorClientConnectionCallback - disconnected - :0
Unloading 22 Unused Serialized files (Serialized files now loaded: 0)
Unloading 7351 unused Assets / (4.7 MB). Loaded Objects now: 8352.
Memory consumption went from 215.7 MB to 211.0 MB.
Total: 6.900004 ms (FindLiveObjects: 0.386264 ms CreateObjectMapping: 1.131614 ms MarkObjects: 4.089260 ms  DeleteObjects: 1.292400 ms)

Prepare: number of updated asset objects reloaded= 0
========================================================================
Received Prepare
AcceleratorClientConnectionCallback - disconnected - :0
[Licensing::Client] Successfully resolved entitlement details
Begin MonoManager ReloadAssembly
Native extension for LinuxStandalone target not found
[Package Manager] Failed to launch server process. Reason: Unity was launched with the -noUpm command-line argument
[Package Manager] Unable to send message (not connected to server process).
[Package Manager] Cannot connect to Unity Package Manager local server
[Package Manager] Failed to launch server process. Reason: Unity was launched with the -noUpm command-line argument
[Package Manager] Unable to send message (not connected to server process).
[Package Manager] Cannot connect to Unity Package Manager local server
Native extension for WebGL target not found
[Package Manager] Failed to launch server process. Reason: Unity was launched with the -noUpm command-line argument
[Package Manager] Unable to send message (not connected to server process).
[Package Manager] Cannot connect to Unity Package Manager local server
[Package Manager] Failed to launch server process. Reason: Unity was launched with the -noUpm command-line argument
[Package Manager] Unable to send message (not connected to server process).
[Package Manager] Cannot connect to Unity Package Manager local server
ScheduleIndexationOnStartup MainProcess:False IndexOnStartup:True
Mono: successfully reloaded assembly
- Finished resetting the current domain, in  0.472 seconds
Domain Reload Profiling: 994ms
	BeginReloadAssembly (123ms)
		DisableScriptedObjects (12ms)
		CreateAndSetChildDomain (34ms)
	RebuildCommonClasses (6ms)
	RebuildNativeTypeToScriptingClass (7ms)
	initialDomainReloadingComplete (26ms)
	LoadAllAssembliesAndSetupDomain (361ms)
		LoadAssemblies (179ms)
		AnalyzeDomain (138ms)
			TypeCache.Refresh (11ms)
			BuildScriptInfoCaches (123ms)
			ResolveRequiredComponents (4ms)
	FinalizeReload (473ms)
		SetupLoadedEditorAssemblies (0ms)
			InitializePlatformSupportModulesInManaged (7ms)
			BeforeProcessingInitializeOnLoad (54ms)
			ProcessInitializeOnLoadAttributes (187ms)
			ProcessInitializeOnLoadMethodAttributes (70ms)
		AwakeInstancesAfterBackupRestoration (14ms)
Unloading 22 Unused Serialized files (Serialized files now loaded: 0)
Unloading 7366 unused Assets / (2.9 MB). Loaded Objects now: 8355.
Memory consumption went from 215.7 MB to 212.8 MB.
Total: 8.918840 ms (FindLiveObjects: 0.392766 ms CreateObjectMapping: 1.156929 ms MarkObjects: 6.010584 ms  DeleteObjects: 1.357762 ms)

Prepare: number of updated asset objects reloaded= 0
========================================================================
Received Prepare
AcceleratorClientConnectionCallback - disconnected - :0
Unloading 22 Unused Serialized files (Serialized files now loaded: 0)
Unloading 22 unused Assets / (2.6 MB). Loaded Objects now: 8355.
Memory consumption went from 211.6 MB to 208.9 MB.
Total: 6.130644 ms (FindLiveObjects: 0.328696 ms CreateObjectMapping: 0.472860 ms MarkObjects: 4.986862 ms  DeleteObjects: 0.341694 ms)

Prepare: number of updated asset objects reloaded= 0
Editor requested this worker to shutdown with reason: Editor is closing down
AcceleratorClientConnectionCallback - disconnected - :0
AssetImportWorker is now disconnected from the server
Process exiting

SDL leaked 2 allocations
Turn on UNITY_SDL_ALLOCATION_TRACKING for detailed information.
Vulkan PSO: data extracted [new size=24456, old size=0, incomplete=0]
Vulkan PSO: Saved size[24456] path[/tmp/DefaultCompany/Testing/vulkan_pso_cache.bin] success=1 headerChanged=1 sizeChanged=1
Internal: Possible leak. All render target surfaces should be removed from IdMap when destructed using RenderTargetMap::Remove(RenderSurfaceBase* rs).
