Unity Editor version:    6000.5.7f1 (017862109af0)
Branch:                  6000.5/staging
Build type:              Release
Batch mode:              NO
System name:             Linux
Distro version:          #1 SMP PREEMPT_DYNAMIC Mon Jul 20 03:39:43 UTC 2026
Kernel version:          7.1.4-200.nobara.fc44.x86_64
Architecture:            x86_64
Window Protocol:         Wayland (XWayland)
Available memory:        15771 MB
Date:                    2026-08-09T16:25:20Z
[Licensing::Module] Trying to connect to existing licensing client channel...
[Licensing::IpcConnector] Successfully connected to: "LicenseClient-soul514y3r" at "2026-08-09T16:25:20.040143Z"
[SignatureVerifier] Application signature verification not supported on this platform.
[Licensing::Client] Error: HandshakeResponse reported an error:
	ResponseCode: 505
	ResponseStatus: Unsupported protocol version '1.18.1'.
[Licensing::Module] Error: Failed to handshake to channel: "LicenseClient-soul514y3r"
[Licensing::IpcConnector] LicenseClient-soul514y3r channel disconnected successfully.
[Licensing::IpcConnector] Channel LicenseClient-soul514y3r-6000.5.7 doesn't exist
[Licensing::Module] Successfully launched the LicensingClient (PId: 56400)
Selected window backend: (null) 
[Licensing::IpcConnector] Successfully connected to: "LicenseClient-soul514y3r-6000.5.7" at "2026-08-09T16:25:20.418473Z"
[SignatureVerifier] Application signature verification not supported on this platform.
[Licensing::Client] Handshaking with LicensingClient:
  Version:                 1.18.1+9fbee8e
  Session Id:              e4ee8496a36440b3afcc44cd2e620ba8
  Correlation Id:          8d762c1b344d5dfbf36067161997012a
  External correlation Id: 4002912764403043840
  Machine Id:              CLXAWEl1GSjeYbU5y6/8MBaKse4=
[Licensing::Module] Successfully connected to LicensingClient on channel: "LicenseClient-soul514y3r-6000.5.7" (connect: 0.38s, validation: 0.04s, handshake: 0.00s)
[Licensing::IpcConnector] Successfully connected to: "LicenseClient-soul514y3r-6000.5.7-notifications" at "2026-08-09T16:25:20.456576Z"
[Licensing::Module] Connected to LicensingClient (PId: 56400, launch time: 0.00, total connection time: 0.41s)
[Licensing::Client] Successfully updated the access token
[Licensing::Module] Successfully updated the access token UBBOU0EFJZ...
[Licensing::Client] Successfully resolved entitlement details
[Licensing::Module] License group:
  Id: 5773748877896-UnityPersXXXX
  Product: Unity Personal
  Type: Assigned
  Expiration: Unlimited
[Licensing::Client] Successfully updated license, isAsync: True, time: 0.00
[Licensing::Client] Successfully resolved entitlement details
[Licensing::Module] Licensing Background thread has ended after 0.43s
Desktop is 3840 x 1080 @ 60 Hz
Initialize udev device monitor.

COMMAND LINE ARGUMENTS:
/home/soul514y3r/Unity/Hub/Editor/6000.5.7f1/Editor/Unity
-projectpath
/home/soul514y3r/Unity/Projects/Testing
-acceptSoftwareTermsForThisRunOnly
-useHub
-hubIPC
-cloudEnvironment
production
-licensingIpc
LicenseClient-soul514y3r
-hubSessionId
eef8a345-b7fe-47e4-969f-9101f8f6cf6d
-accessToken
UBBOU0EFJZezu1alH80q8L_uinJ_fetiMMkL0es3xns005f
Successfully changed project path to: /home/soul514y3r/Unity/Projects/Testing
/home/soul514y3r/Unity/Projects/Testing
[UnityMemory] Configuration Parameters - Can be set up in boot.config
    "memorysetup-temp-allocator-size-gi-baking-worker=262144"
    "memorysetup-temp-allocator-size-gi-baking-worker=262144"
    "memorysetup-temp-allocator-size-gi-baking-worker=262144"
    "memorysetup-temp-allocator-size-gi-baking-worker=262144"
    "memorysetup-temp-allocator-size-gi-baking-worker=262144"
    "memorysetup-temp-allocator-size-nav-mesh-worker=65536"
    "memorysetup-temp-allocator-size-audio-worker=65536"
    "memorysetup-temp-allocator-size-cloud-worker=32768"
    "memorysetup-allocator-temp-initial-block-size-main=262144"
    "memorysetup-allocator-temp-initial-block-size-worker=262144"
    "memorysetup-temp-allocator-size-preload-manager=33554432"
    "memorysetup-temp-allocator-size-gfx=262144"
    "memorysetup-temp-allocator-size-background-worker=32768"
    "memorysetup-temp-allocator-size-job-worker=262144"
    "memorysetup-bucket-allocator-granularity=16"
    "memorysetup-bucket-allocator-bucket-count=8"
    "memorysetup-bucket-allocator-block-size=33554432"
    "memorysetup-bucket-allocator-block-count=8"
    "memorysetup-main-allocator-block-size=16777216"
    "memorysetup-thread-allocator-block-size=16777216"
    "memorysetup-main-allocator-mimalloc-enabled=0"
    "memorysetup-gfx-main-allocator-block-size=16777216"
    "memorysetup-gfx-thread-allocator-block-size=16777216"
    "memorysetup-cache-allocator-block-size=4194304"
    "memorysetup-typetree-allocator-block-size=2097152"
    "memorysetup-profiler-bucket-allocator-granularity=16"
    "memorysetup-profiler-bucket-allocator-bucket-count=8"
    "memorysetup-profiler-bucket-allocator-block-size=33554432"
    "memorysetup-profiler-bucket-allocator-block-count=8"
    "memorysetup-profiler-allocator-block-size=16777216"
    "memorysetup-profiler-editor-allocator-block-size=1048576"
    "memorysetup-temp-allocator-size-main=16777216"
    "memorysetup-job-temp-allocator-block-size=2097152"
    "memorysetup-job-temp-allocator-block-size-background=1048576"
    "memorysetup-job-temp-allocator-reduction-small-platforms=262144"
Player connection [140391832473024]  Target information:

Player connection [140391832473024]  * "[IP] 192.168.10.171 [Port] 55504 [Flags] 2 [Guid] 1867326842 [EditorId] 1867326842 [Version] 1048832 [Id] LinuxEditor(16,192.168.10.171) [Debug] 1 [PackageName] LinuxEditor [ProjectName] Editor" 

Player connection [140391832473024] Host joined multi-casting on [225.0.0.222:54997]...
Player connection [140391832473024] Host joined alternative multi-casting on [225.0.0.222:34997]...
Input System module state changed to: Initialized.
[Physics::Module] Initialized fallback backend.
[Physics::Module] Id: 0xdecafbad
[Package Manager] Connected to IPC stream "Upm-56371" after 0.2 seconds.
[Licensing::Client] Successfully resolved entitlement details
Library Redirect Path: Library/
[Physics::Module] Selected backend.
[Physics::Module] Name: PhysX
[Physics::Module] Id: 0xf2b8ea05
[Physics::Module] SDK Version: 4.1.2
[Physics::Module] Integration Version: 1.0.0
[Physics::Module] Threading Mode: Multi-Threaded
Package Manager log level set to [2]
[Package Manager] Restoring resolved packages state from cache
[Licensing::Client] Successfully resolved entitlement details
[Package Manager] Registered 68 packages:
  Packages from [https://packages.unity.com]:
    com.unity.2d.animation@15.1.0 (location: /home/soul514y3r/Unity/Projects/Testing/Library/PackageCache/com.unity.2d.animation@6d5a363ae647)
    com.unity.2d.aseprite@5.0.3 (location: /home/soul514y3r/Unity/Projects/Testing/Library/PackageCache/com.unity.2d.aseprite@d13865913efa)
    com.unity.2d.psdimporter@14.0.3 (location: /home/soul514y3r/Unity/Projects/Testing/Library/PackageCache/com.unity.2d.psdimporter@5d82044f9e43)
    com.unity.2d.spriteshape@15.0.3 (location: /home/soul514y3r/Unity/Projects/Testing/Library/PackageCache/com.unity.2d.spriteshape@fcb7ec61a58b)
    com.unity.2d.tilemap.extras@8.0.3 (location: /home/soul514y3r/Unity/Projects/Testing/Library/PackageCache/com.unity.2d.tilemap.extras@a80140457adc)
    com.unity.2d.tooling@3.0.1 (location: /home/soul514y3r/Unity/Projects/Testing/Library/PackageCache/com.unity.2d.tooling@6f06ffb033c0)
    com.unity.collab-proxy@2.13.5 (location: /home/soul514y3r/Unity/Projects/Testing/Library/PackageCache/com.unity.collab-proxy@120d77864ebc)
    com.unity.ide.rider@3.0.38 (location: /home/soul514y3r/Unity/Projects/Testing/Library/PackageCache/com.unity.ide.rider@1f60b3138684)
    com.unity.ide.visualstudio@2.0.26 (location: /home/soul514y3r/Unity/Projects/Testing/Library/PackageCache/com.unity.ide.visualstudio@a99d56dec63f)
    com.unity.inputsystem@1.20.0 (location: /home/soul514y3r/Unity/Projects/Testing/Library/PackageCache/com.unity.inputsystem@7a4e1a2a8194)
    com.unity.sdk.linux-x86_64@1.1.0 (location: /home/soul514y3r/Unity/Projects/Testing/Library/PackageCache/com.unity.sdk.linux-x86_64@6d12be270055)
    com.unity.timeline@1.8.12 (location: /home/soul514y3r/Unity/Projects/Testing/Library/PackageCache/com.unity.timeline@8cd8509afae5)
    com.unity.toolchain.linux-x86_64-linux@1.1.0 (location: /home/soul514y3r/Unity/Projects/Testing/Library/PackageCache/com.unity.toolchain.linux-x86_64-linux@d0308bf9d559)
    com.unity.visualscripting@1.9.12 (location: /home/soul514y3r/Unity/Projects/Testing/Library/PackageCache/com.unity.visualscripting@4edfcc09512f)
    com.unity.sysroot.base@1.1.0 (location: /home/soul514y3r/Unity/Projects/Testing/Library/PackageCache/com.unity.sysroot.base@3559fe1aa613)
    com.unity.2d.common@14.0.1 (location: /home/soul514y3r/Unity/Projects/Testing/Library/PackageCache/com.unity.2d.common@73badf92ba8b)
    com.unity.searcher@4.9.4 (location: /home/soul514y3r/Unity/Projects/Testing/Library/PackageCache/com.unity.searcher@d45a78918735)
    com.unity.burst@1.8.30 (location: /home/soul514y3r/Unity/Projects/Testing/Library/PackageCache/com.unity.burst@2f3d916873ea)
    com.unity.nuget.mono-cecil@1.11.6 (location: /home/soul514y3r/Unity/Projects/Testing/Library/PackageCache/com.unity.nuget.mono-cecil@ecb9724e46ff)
    com.unity.test-framework.performance@3.5.0 (location: /home/soul514y3r/Unity/Projects/Testing/Library/PackageCache/com.unity.test-framework.performance@8b56083ec0f0)
  Built-in packages:
    com.unity.2d.sprite@1.0.0 (location: /home/soul514y3r/Unity/Projects/Testing/Library/PackageCache/com.unity.2d.sprite@d43791c37639)
    com.unity.2d.tilemap@1.0.0 (location: /home/soul514y3r/Unity/Projects/Testing/Library/PackageCache/com.unity.2d.tilemap@b2e842def0b1)
    com.unity.multiplayer.center@1.0.1 (location: /home/soul514y3r/Unity/Projects/Testing/Library/PackageCache/com.unity.multiplayer.center@095ed72d0927)
    com.unity.render-pipelines.universal@17.5.0 (location: /home/soul514y3r/Unity/Projects/Testing/Library/PackageCache/com.unity.render-pipelines.universal@0b9e41c8baf6)
    com.unity.test-framework@1.7.0 (location: /home/soul514y3r/Unity/Projects/Testing/Library/PackageCache/com.unity.test-framework@773a3a4953ad)
    com.unity.ugui@2.5.0 (location: /home/soul514y3r/Unity/Projects/Testing/Library/PackageCache/com.unity.ugui@eaac5bf1c7b5)
    com.unity.modules.accessibility@1.0.0 (location: /home/soul514y3r/Unity/Projects/Testing/Library/PackageCache/com.unity.modules.accessibility)
    com.unity.modules.adaptiveperformance@1.0.0 (location: /home/soul514y3r/Unity/Projects/Testing/Library/PackageCache/com.unity.modules.adaptiveperformance)
    com.unity.modules.ai@1.0.0 (location: /home/soul514y3r/Unity/Projects/Testing/Library/PackageCache/com.unity.modules.ai)
    com.unity.modules.androidjni@1.0.0 (location: /home/soul514y3r/Unity/Projects/Testing/Library/PackageCache/com.unity.modules.androidjni)
    com.unity.modules.animation@1.0.0 (location: /home/soul514y3r/Unity/Projects/Testing/Library/PackageCache/com.unity.modules.animation)
    com.unity.modules.assetbundle@1.0.0 (location: /home/soul514y3r/Unity/Projects/Testing/Library/PackageCache/com.unity.modules.assetbundle)
    com.unity.modules.audio@1.0.0 (location: /home/soul514y3r/Unity/Projects/Testing/Library/PackageCache/com.unity.modules.audio)
    com.unity.modules.cloth@1.0.0 (location: /home/soul514y3r/Unity/Projects/Testing/Library/PackageCache/com.unity.modules.cloth)
    com.unity.modules.director@1.0.0 (location: /home/soul514y3r/Unity/Projects/Testing/Library/PackageCache/com.unity.modules.director)
    com.unity.modules.imageconversion@1.0.0 (location: /home/soul514y3r/Unity/Projects/Testing/Library/PackageCache/com.unity.modules.imageconversion)
    com.unity.modules.imgui@1.0.0 (location: /home/soul514y3r/Unity/Projects/Testing/Library/PackageCache/com.unity.modules.imgui)
    com.unity.modules.jsonserialize@1.0.0 (location: /home/soul514y3r/Unity/Projects/Testing/Library/PackageCache/com.unity.modules.jsonserialize)
    com.unity.modules.particlesystem@1.0.0 (location: /home/soul514y3r/Unity/Projects/Testing/Library/PackageCache/com.unity.modules.particlesystem)
    com.unity.modules.physics@1.0.0 (location: /home/soul514y3r/Unity/Projects/Testing/Library/PackageCache/com.unity.modules.physics)
    com.unity.modules.physics2d@1.0.0 (location: /home/soul514y3r/Unity/Projects/Testing/Library/PackageCache/com.unity.modules.physics2d)
    com.unity.modules.physicscore2d@1.0.0 (location: /home/soul514y3r/Unity/Projects/Testing/Library/PackageCache/com.unity.modules.physicscore2d)
    com.unity.modules.screencapture@1.0.0 (location: /home/soul514y3r/Unity/Projects/Testing/Library/PackageCache/com.unity.modules.screencapture)
    com.unity.modules.terrain@1.0.0 (location: /home/soul514y3r/Unity/Projects/Testing/Library/PackageCache/com.unity.modules.terrain)
    com.unity.modules.terrainphysics@1.0.0 (location: /home/soul514y3r/Unity/Projects/Testing/Library/PackageCache/com.unity.modules.terrainphysics)
    com.unity.modules.tilemap@1.0.0 (location: /home/soul514y3r/Unity/Projects/Testing/Library/PackageCache/com.unity.modules.tilemap)
    com.unity.modules.ui@1.0.0 (location: /home/soul514y3r/Unity/Projects/Testing/Library/PackageCache/com.unity.modules.ui)
    com.unity.modules.uielements@1.0.0 (location: /home/soul514y3r/Unity/Projects/Testing/Library/PackageCache/com.unity.modules.uielements)
    com.unity.modules.umbra@1.0.0 (location: /home/soul514y3r/Unity/Projects/Testing/Library/PackageCache/com.unity.modules.umbra)
    com.unity.modules.unityanalytics@1.0.0 (location: /home/soul514y3r/Unity/Projects/Testing/Library/PackageCache/com.unity.modules.unityanalytics)
    com.unity.modules.unitywebrequest@1.0.0 (location: /home/soul514y3r/Unity/Projects/Testing/Library/PackageCache/com.unity.modules.unitywebrequest)
    com.unity.modules.unitywebrequestassetbundle@1.0.0 (location: /home/soul514y3r/Unity/Projects/Testing/Library/PackageCache/com.unity.modules.unitywebrequestassetbundle)
    com.unity.modules.unitywebrequestaudio@1.0.0 (location: /home/soul514y3r/Unity/Projects/Testing/Library/PackageCache/com.unity.modules.unitywebrequestaudio)
    com.unity.modules.unitywebrequesttexture@1.0.0 (location: /home/soul514y3r/Unity/Projects/Testing/Library/PackageCache/com.unity.modules.unitywebrequesttexture)
    com.unity.modules.unitywebrequestwww@1.0.0 (location: /home/soul514y3r/Unity/Projects/Testing/Library/PackageCache/com.unity.modules.unitywebrequestwww)
    com.unity.modules.vectorgraphics@1.0.0 (location: /home/soul514y3r/Unity/Projects/Testing/Library/PackageCache/com.unity.modules.vectorgraphics)
    com.unity.modules.vehicles@1.0.0 (location: /home/soul514y3r/Unity/Projects/Testing/Library/PackageCache/com.unity.modules.vehicles)
    com.unity.modules.video@1.0.0 (location: /home/soul514y3r/Unity/Projects/Testing/Library/PackageCache/com.unity.modules.video)
    com.unity.modules.wind@1.0.0 (location: /home/soul514y3r/Unity/Projects/Testing/Library/PackageCache/com.unity.modules.wind)
    com.unity.modules.xr@1.0.0 (location: /home/soul514y3r/Unity/Projects/Testing/Library/PackageCache/com.unity.modules.xr)
    com.unity.modules.subsystems@1.0.0 (location: /home/soul514y3r/Unity/Projects/Testing/Library/PackageCache/com.unity.modules.subsystems)
    com.unity.modules.hierarchycore@1.0.0 (location: /home/soul514y3r/Unity/Projects/Testing/Library/PackageCache/com.unity.modules.hierarchycore)
    com.unity.ext.nunit@2.1.0 (location: /home/soul514y3r/Unity/Projects/Testing/Library/PackageCache/com.unity.ext.nunit@9054f8d1d690)
    com.unity.render-pipelines.core@17.5.0 (location: /home/soul514y3r/Unity/Projects/Testing/Library/PackageCache/com.unity.render-pipelines.core@b41cd0859ceb)
    com.unity.shadergraph@17.5.0 (location: /home/soul514y3r/Unity/Projects/Testing/Library/PackageCache/com.unity.shadergraph@d5dbee5c0619)
    com.unity.render-pipelines.universal-config@17.5.0 (location: /home/soul514y3r/Unity/Projects/Testing/Library/PackageCache/com.unity.render-pipelines.universal-config@47de94ac0cce)
    com.unity.collections@6.5.0 (location: /home/soul514y3r/Unity/Projects/Testing/Library/PackageCache/com.unity.collections@c461d9198d5e)
    com.unity.mathematics@1.4.0 (location: /home/soul514y3r/Unity/Projects/Testing/Library/PackageCache/com.unity.mathematics@bdc7f308708c)
[Subsystems] No new subsystems found in resolved package list.
[Package Manager] Done registering packages in 0,00 seconds
Artifact Garbage Collection - Removed 2 unused hashed content files
Refreshing native plugins compatible for Editor in 27,05 ms, found 1 plugins.
Initialize engine version: 6000.5.7f1 (017862109af0)
[Subsystems] Discovering subsystems at path /home/soul514y3r/Unity/Hub/Editor/6000.5.7f1/Editor/Data/Resources/UnitySubsystems
[Subsystems] Discovering subsystems at path /home/soul514y3r/Unity/Projects/Testing/Assets
GfxDevice: creating device client; kGfxThreadingModeThreaded
[vulkan] LoadVulkanLibrary libvulkan.so.1[vulkan] Loaded instance function vkGetInstanceProcAddr
[vulkan] Loaded instance function vkGetInstanceProcAddr
[vulkan] Loaded instance function vkCreateInstance
[vulkan] Loaded instance function vkEnumerateInstanceExtensionProperties
[vulkan] Loaded instance function vkEnumerateInstanceLayerProperties
[vulkan] Loaded instance function vkEnumerateInstanceVersion
[Vulkan init] extensions: count=27
[Vulkan init] extensions: name=VK_EXT_acquire_drm_display [enabled=0, external=0]
[Vulkan init] extensions: name=VK_EXT_acquire_xlib_display [enabled=0, external=0]
[Vulkan init] extensions: name=VK_EXT_debug_report [enabled=0, external=0]
[Vulkan init] extensions: name=VK_EXT_debug_utils [enabled=1, external=0]
[Vulkan init] extensions: name=VK_EXT_direct_mode_display [enabled=0, external=0]
[Vulkan init] extensions: name=VK_EXT_display_surface_counter [enabled=0, external=0]
[Vulkan init] extensions: name=VK_EXT_headless_surface [enabled=0, external=0]
[Vulkan init] extensions: name=VK_EXT_layer_settings [enabled=0, external=0]
[Vulkan init] extensions: name=VK_EXT_surface_maintenance1 [enabled=0, external=0]
[Vulkan init] extensions: name=VK_EXT_swapchain_colorspace [enabled=1, external=0]
[Vulkan init] extensions: name=VK_KHR_device_group_creation [enabled=0, external=0]
[Vulkan init] extensions: name=VK_KHR_display [enabled=1, external=0]
[Vulkan init] extensions: name=VK_KHR_external_fence_capabilities [enabled=1, external=0]
[Vulkan init] extensions: name=VK_KHR_external_memory_capabilities [enabled=1, external=0]
[Vulkan init] extensions: name=VK_KHR_external_semaphore_capabilities [enabled=1, external=0]
[Vulkan init] extensions: name=VK_KHR_get_display_properties2 [enabled=0, external=0]
[Vulkan init] extensions: name=VK_KHR_get_physical_device_properties2 [enabled=1, external=0]
[Vulkan init] extensions: name=VK_KHR_get_surface_capabilities2 [enabled=0, external=0]
[Vulkan init] extensions: name=VK_KHR_portability_enumeration [enabled=0, external=0]
[Vulkan init] extensions: name=VK_KHR_surface [enabled=1, external=0]
[Vulkan init] extensions: name=VK_KHR_surface_maintenance1 [enabled=0, external=0]
[Vulkan init] extensions: name=VK_KHR_surface_protected_capabilities [enabled=0, external=0]
[Vulkan init] extensions: name=VK_KHR_wayland_surface [enabled=1, external=0]
[Vulkan init] extensions: name=VK_KHR_xcb_surface [enabled=0, external=0]
[Vulkan init] extensions: name=VK_KHR_xlib_surface [enabled=1, external=0]
[Vulkan init] extensions: name=VK_LUNARG_direct_driver_loading [enabled=0, external=0]
[Vulkan init] extensions: name=VK_NV_display_stereo [enabled=0, external=0]
[vulkan] Loaded instance function vkDestroyInstance
[vulkan] Loaded instance function vkGetPhysicalDeviceProperties
[vulkan] Loaded instance function vkEnumeratePhysicalDevices
[Vulkan init] SelectPhysicalDevice requestedDeviceIndex=-1 xrDevice=(nil)
[Vulkan init] Physical Device 0x56537df1c4c0 [0]: "NVIDIA GeForce RTX 3060" deviceType=2 vendorID=10de deviceID=2504
[Vulkan init] Physical Device 0x56537df1c590 [1]: "llvmpipe (LLVM 22.1.8, 256 bits)" deviceType=4 vendorID=10005 deviceID=0
Vulkan detection: 2
[Vulkan init] extensions: count=27
[Vulkan init] extensions: name=VK_EXT_acquire_drm_display [enabled=0, external=0]
[Vulkan init] extensions: name=VK_EXT_acquire_xlib_display [enabled=0, external=0]
[Vulkan init] extensions: name=VK_EXT_debug_report [enabled=0, external=0]
[Vulkan init] extensions: name=VK_EXT_debug_utils [enabled=1, external=0]
[Vulkan init] extensions: name=VK_EXT_direct_mode_display [enabled=0, external=0]
[Vulkan init] extensions: name=VK_EXT_display_surface_counter [enabled=0, external=0]
[Vulkan init] extensions: name=VK_EXT_headless_surface [enabled=0, external=0]
[Vulkan init] extensions: name=VK_EXT_layer_settings [enabled=0, external=0]
[Vulkan init] extensions: name=VK_EXT_surface_maintenance1 [enabled=0, external=0]
[Vulkan init] extensions: name=VK_EXT_swapchain_colorspace [enabled=1, external=0]
[Vulkan init] extensions: name=VK_KHR_device_group_creation [enabled=0, external=0]
[Vulkan init] extensions: name=VK_KHR_display [enabled=1, external=0]
[Vulkan init] extensions: name=VK_KHR_external_fence_capabilities [enabled=1, external=0]
[Vulkan init] extensions: name=VK_KHR_external_memory_capabilities [enabled=1, external=0]
[Vulkan init] extensions: name=VK_KHR_external_semaphore_capabilities [enabled=1, external=0]
[Vulkan init] extensions: name=VK_KHR_get_display_properties2 [enabled=0, external=0]
[Vulkan init] extensions: name=VK_KHR_get_physical_device_properties2 [enabled=1, external=0]
[Vulkan init] extensions: name=VK_KHR_get_surface_capabilities2 [enabled=0, external=0]
[Vulkan init] extensions: name=VK_KHR_portability_enumeration [enabled=0, external=0]
[Vulkan init] extensions: name=VK_KHR_surface [enabled=1, external=0]
[Vulkan init] extensions: name=VK_KHR_surface_maintenance1 [enabled=0, external=0]
[Vulkan init] extensions: name=VK_KHR_surface_protected_capabilities [enabled=0, external=0]
[Vulkan init] extensions: name=VK_KHR_wayland_surface [enabled=1, external=0]
[Vulkan init] extensions: name=VK_KHR_xcb_surface [enabled=0, external=0]
[Vulkan init] extensions: name=VK_KHR_xlib_surface [enabled=1, external=0]
[Vulkan init] extensions: name=VK_LUNARG_direct_driver_loading [enabled=0, external=0]
[Vulkan init] extensions: name=VK_NV_display_stereo [enabled=0, external=0]
[vulkan] Loaded instance function vkDestroyInstance
[vulkan] Loaded instance function vkGetPhysicalDeviceProperties
[vulkan] Loaded instance function vkEnumeratePhysicalDevices
[vulkan] Loaded instance function vkGetDeviceProcAddr
[vulkan] Loaded instance function vkGetPhysicalDeviceFeatures
[vulkan] Loaded instance function vkGetPhysicalDeviceFormatProperties
[vulkan] Loaded instance function vkGetPhysicalDeviceImageFormatProperties
[vulkan] Loaded instance function vkGetPhysicalDeviceQueueFamilyProperties
[vulkan] Loaded instance function vkGetPhysicalDeviceMemoryProperties
[vulkan] Loaded instance function vkCreateDevice
[vulkan] Loaded instance function vkEnumerateDeviceExtensionProperties
[vulkan] Loaded instance function vkEnumerateDeviceLayerProperties
[vulkan] Loaded instance function vkGetPhysicalDeviceSparseImageFormatProperties
[vulkan] Loaded instance function vkDestroySurfaceKHR
[vulkan] Loaded instance function vkGetPhysicalDeviceSurfaceSupportKHR
[vulkan] Loaded instance function vkGetPhysicalDeviceSurfaceCapabilitiesKHR
[vulkan] Loaded instance function vkGetPhysicalDeviceSurfaceFormatsKHR
[vulkan] Loaded instance function vkGetPhysicalDeviceSurfacePresentModesKHR
[vulkan] Loaded instance function vkCreateSwapchainKHR
[vulkan] Loaded instance function vkDestroySwapchainKHR
[vulkan] Loaded instance function vkGetSwapchainImagesKHR
[vulkan] Loaded instance function vkAcquireNextImageKHR
[vulkan] Loaded instance function vkQueuePresentKHR
[vulkan] Loaded instance function vkGetPhysicalDeviceDisplayPropertiesKHR
[vulkan] Loaded instance function vkGetPhysicalDeviceDisplayPlanePropertiesKHR
[vulkan] Loaded instance function vkGetDisplayPlaneSupportedDisplaysKHR
[vulkan] Loaded instance function vkGetDisplayModePropertiesKHR
[vulkan] Loaded instance function vkCreateDisplayModeKHR
[vulkan] Loaded instance function vkGetDisplayPlaneCapabilitiesKHR
[vulkan] Loaded instance function vkCreateDisplayPlaneSurfaceKHR
[vulkan] Loaded instance function vkCreateSharedSwapchainsKHR
[vulkan] Loaded instance function vkCreateXlibSurfaceKHR
[vulkan] Loaded instance function vkGetPhysicalDeviceXlibPresentationSupportKHR
[vulkan] Loaded instance function vkSetHdrMetadataEXT
[vulkan] Loaded instance function vkGetPhysicalDeviceFeatures2KHR
[vulkan] Loaded instance function vkGetPhysicalDeviceProperties2KHR
[vulkan] Loaded instance function vkGetPhysicalDeviceFormatProperties2KHR
[vulkan] Loaded instance function vkGetPhysicalDeviceImageFormatProperties2KHR
[vulkan] Loaded instance function vkGetPhysicalDeviceQueueFamilyProperties2KHR
[vulkan] Loaded instance function vkGetPhysicalDeviceMemoryProperties2KHR
[vulkan] Loaded instance function vkGetPhysicalDeviceSparseImageFormatProperties2KHR
[vulkan] Loaded instance function vkGetSemaphoreFdKHR
[vulkan] Loaded instance function vkImportSemaphoreFdKHR
[vulkan] Loaded instance function vkGetFenceFdKHR
[vulkan] Loaded instance function vkImportFenceFdKHR
[vulkan] Loaded instance function vkCreateSamplerYcbcrConversionKHR
[vulkan] Loaded instance function vkDestroySamplerYcbcrConversionKHR
[vulkan] Loaded instance function vkBindBufferMemory2KHR
[vulkan] Loaded instance function vkBindImageMemory2KHR
[vulkan] Loaded instance function vkWaitForPresentKHR
[vulkan] Loaded instance function vkGetPhysicalDeviceExternalSemaphorePropertiesKHR
[vulkan] Loaded instance function vkGetPhysicalDeviceExternalFencePropertiesKHR
[vulkan] Loaded instance function vkGetPhysicalDeviceFragmentShadingRatesKHR
[vulkan] Loaded instance function vkSetDebugUtilsObjectNameEXT
[vulkan] Loaded instance function vkSetDebugUtilsObjectTagEXT
[vulkan] Loaded instance function vkQueueBeginDebugUtilsLabelEXT
[vulkan] Loaded instance function vkQueueEndDebugUtilsLabelEXT
[vulkan] Loaded instance function vkQueueInsertDebugUtilsLabelEXT
[vulkan] Loaded instance function vkCmdBeginDebugUtilsLabelEXT
[vulkan] Loaded instance function vkCmdEndDebugUtilsLabelEXT
[vulkan] Loaded instance function vkCmdInsertDebugUtilsLabelEXT
[Vulkan init] SelectPhysicalDevice requestedDeviceIndex=-1 xrDevice=(nil)
[Vulkan init] Physical Device 0x56537dcd52c0 [0]: "NVIDIA GeForce RTX 3060" deviceType=2 vendorID=10de deviceID=2504
[Vulkan init] Physical Device 0x56537dd0ae70 [1]: "llvmpipe (LLVM 22.1.8, 256 bits)" deviceType=4 vendorID=10005 deviceID=0
[Vulkan init] Selected physical device 0x56537dcd52c0
[Vulkan init] Graphics queue count=1
[Vulkan init] extensions: count=273
[Vulkan init] extensions: name=VK_AMD_buffer_marker [enabled=0, external=0]
[Vulkan init] extensions: name=VK_EXT_4444_formats [enabled=1, external=0]
[Vulkan init] extensions: name=VK_EXT_attachment_feedback_loop_dynamic_state [enabled=0, external=0]
[Vulkan init] extensions: name=VK_EXT_attachment_feedback_loop_layout [enabled=0, external=0]
[Vulkan init] extensions: name=VK_EXT_blend_operation_advanced [enabled=0, external=0]
[Vulkan init] extensions: name=VK_EXT_border_color_swizzle [enabled=0, external=0]
[Vulkan init] extensions: name=VK_EXT_buffer_device_address [enabled=0, external=0]
[Vulkan init] extensions: name=VK_EXT_calibrated_timestamps [enabled=0, external=0]
[Vulkan init] extensions: name=VK_EXT_color_write_enable [enabled=0, external=0]
[Vulkan init] extensions: name=VK_EXT_conditional_rendering [enabled=0, external=0]
[Vulkan init] extensions: name=VK_EXT_conservative_rasterization [enabled=1, external=0]
[Vulkan init] extensions: name=VK_EXT_custom_border_color [enabled=0, external=0]
[Vulkan init] extensions: name=VK_EXT_custom_resolve [enabled=0, external=0]
[Vulkan init] extensions: name=VK_EXT_depth_bias_control [enabled=0, external=0]
[Vulkan init] extensions: name=VK_EXT_depth_clamp_control [enabled=0, external=0]
[Vulkan init] extensions: name=VK_EXT_depth_clamp_zero_one [enabled=0, external=0]
[Vulkan init] extensions: name=VK_EXT_depth_clip_control [enabled=0, external=0]
[Vulkan init] extensions: name=VK_EXT_depth_clip_enable [enabled=0, external=0]
[Vulkan init] extensions: name=VK_EXT_depth_range_unrestricted [enabled=0, external=0]
[Vulkan init] extensions: name=VK_EXT_descriptor_buffer [enabled=0, external=0]
[Vulkan init] extensions: name=VK_EXT_descriptor_heap [enabled=0, external=0]
[Vulkan init] extensions: name=VK_EXT_descriptor_indexing [enabled=0, external=0]
[Vulkan init] extensions: name=VK_EXT_device_address_binding_report [enabled=0, external=0]
[Vulkan init] extensions: name=VK_EXT_device_fault [enabled=0, external=0]
[Vulkan init] extensions: name=VK_EXT_device_generated_commands [enabled=0, external=0]
[Vulkan init] extensions: name=VK_EXT_discard_rectangles [enabled=0, external=0]
[Vulkan init] extensions: name=VK_EXT_display_control [enabled=0, external=0]
[Vulkan init] extensions: name=VK_EXT_dynamic_rendering_unused_attachments [enabled=0, external=0]
[Vulkan init] extensions: name=VK_EXT_extended_dynamic_state [enabled=0, external=0]
[Vulkan init] extensions: name=VK_EXT_extended_dynamic_state2 [enabled=0, external=0]
[Vulkan init] extensions: name=VK_EXT_extended_dynamic_state3 [enabled=0, external=0]
[Vulkan init] extensions: name=VK_EXT_external_memory_dma_buf [enabled=0, external=0]
[Vulkan init] extensions: name=VK_EXT_external_memory_host [enabled=1, external=0]
[Vulkan init] extensions: name=VK_EXT_fragment_shader_interlock [enabled=0, external=0]
[Vulkan init] extensions: name=VK_EXT_global_priority [enabled=0, external=0]
[Vulkan init] extensions: name=VK_EXT_global_priority_query [enabled=0, external=0]
[Vulkan init] extensions: name=VK_EXT_graphics_pipeline_library [enabled=0, external=0]
[Vulkan init] extensions: name=VK_EXT_hdr_metadata [enabled=1, external=0]
[Vulkan init] extensions: name=VK_EXT_host_image_copy [enabled=0, external=0]
[Vulkan init] extensions: name=VK_EXT_host_query_reset [enabled=0, external=0]
[Vulkan init] extensions: name=VK_EXT_image_2d_view_of_3d [enabled=0, external=0]
[Vulkan init] extensions: name=VK_EXT_image_drm_format_modifier [enabled=0, external=0]
[Vulkan init] extensions: name=VK_EXT_image_robustness [enabled=0, external=0]
[Vulkan init] extensions: name=VK_EXT_image_sliced_view_of_3d [enabled=0, external=0]
[Vulkan init] extensions: name=VK_EXT_image_view_min_lod [enabled=0, external=0]
[Vulkan init] extensions: name=VK_EXT_index_type_uint8 [enabled=0, external=0]
[Vulkan init] extensions: name=VK_EXT_inline_uniform_block [enabled=0, external=0]
[Vulkan init] extensions: name=VK_EXT_legacy_vertex_attributes [enabled=0, external=0]
[Vulkan init] extensions: name=VK_EXT_line_rasterization [enabled=0, external=0]
[Vulkan init] extensions: name=VK_EXT_load_store_op_none [enabled=1, external=0]
[Vulkan init] extensions: name=VK_EXT_map_memory_placed [enabled=0, external=0]
[Vulkan init] extensions: name=VK_EXT_memory_budget [enabled=1, external=0]
[Vulkan init] extensions: name=VK_EXT_memory_decompression [enabled=0, external=0]
[Vulkan init] extensions: name=VK_EXT_memory_priority [enabled=1, external=0]
[Vulkan init] extensions: name=VK_EXT_mesh_shader [enabled=0, external=0]
[Vulkan init] extensions: name=VK_EXT_multi_draw [enabled=0, external=0]
[Vulkan init] extensions: name=VK_EXT_mutable_descriptor_type [enabled=0, external=0]
[Vulkan init] extensions: name=VK_EXT_nested_command_buffer [enabled=0, external=0]
[Vulkan init] extensions: name=VK_EXT_non_seamless_cube_map [enabled=0, external=0]
[Vulkan init] extensions: name=VK_EXT_opacity_micromap [enabled=0, external=0]
[Vulkan init] extensions: name=VK_EXT_pageable_device_local_memory [enabled=0, external=0]
[Vulkan init] extensions: name=VK_EXT_pci_bus_info [enabled=0, external=0]
[Vulkan init] extensions: name=VK_EXT_physical_device_drm [enabled=0, external=0]
[Vulkan init] extensions: name=VK_EXT_pipeline_creation_cache_control [enabled=0, external=0]
[Vulkan init] extensions: name=VK_EXT_pipeline_creation_feedback [enabled=0, external=0]
[Vulkan init] extensions: name=VK_EXT_pipeline_library_group_handles [enabled=0, external=0]
[Vulkan init] extensions: name=VK_EXT_pipeline_robustness [enabled=0, external=0]
[Vulkan init] extensions: name=VK_EXT_post_depth_coverage [enabled=0, external=0]
[Vulkan init] extensions: name=VK_EXT_present_mode_fifo_latest_ready [enabled=0, external=0]
[Vulkan init] extensions: name=VK_EXT_present_timing [enabled=0, external=0]
[Vulkan init] extensions: name=VK_EXT_primitive_topology_list_restart [enabled=0, external=0]
[Vulkan init] extensions: name=VK_EXT_primitives_generated_query [enabled=0, external=0]
[Vulkan init] extensions: name=VK_EXT_private_data [enabled=0, external=0]
[Vulkan init] extensions: name=VK_EXT_provoking_vertex [enabled=0, external=0]
[Vulkan init] extensions: name=VK_EXT_queue_family_foreign [enabled=1, external=0]
[Vulkan init] extensions: name=VK_EXT_ray_tracing_invocation_reorder [enabled=0, external=0]
[Vulkan init] extensions: name=VK_EXT_robustness2 [enabled=0, external=0]
[Vulkan init] extensions: name=VK_EXT_sample_locations [enabled=0, external=0]
[Vulkan init] extensions: name=VK_EXT_sampler_filter_minmax [enabled=0, external=0]
[Vulkan init] extensions: name=VK_EXT_scalar_block_layout [enabled=1, external=0]
[Vulkan init] extensions: name=VK_EXT_separate_stencil_usage [enabled=0, external=0]
[Vulkan init] extensions: name=VK_EXT_shader_64bit_indexing [enabled=0, external=0]
[Vulkan init] extensions: name=VK_EXT_shader_atomic_float [enabled=0, external=0]
[Vulkan init] extensions: name=VK_EXT_shader_demote_to_helper_invocation [enabled=1, external=0]
[Vulkan init] extensions: name=VK_EXT_shader_image_atomic_int64 [enabled=0, external=0]
[Vulkan init] extensions: name=VK_EXT_shader_module_identifier [enabled=0, external=0]
[Vulkan init] extensions: name=VK_EXT_shader_object [enabled=0, external=0]
[Vulkan init] extensions: name=VK_EXT_shader_replicated_composites [enabled=0, external=0]
[Vulkan init] extensions: name=VK_EXT_shader_subgroup_ballot [enabled=0, external=0]
[Vulkan init] extensions: name=VK_EXT_shader_subgroup_vote [enabled=0, external=0]
[Vulkan init] extensions: name=VK_EXT_shader_uniform_buffer_unsized_array [enabled=0, external=0]
[Vulkan init] extensions: name=VK_EXT_shader_viewport_index_layer [enabled=1, external=0]
[Vulkan init] extensions: name=VK_EXT_subgroup_size_control [enabled=0, external=0]
[Vulkan init] extensions: name=VK_EXT_swapchain_maintenance1 [enabled=0, external=0]
[Vulkan init] extensions: name=VK_EXT_texel_buffer_alignment [enabled=0, external=0]
[Vulkan init] extensions: name=VK_EXT_tooling_info [enabled=0, external=0]
[Vulkan init] extensions: name=VK_EXT_transform_feedback [enabled=0, external=0]
[Vulkan init] extensions: name=VK_EXT_vertex_attribute_divisor [enabled=0, external=0]
[Vulkan init] extensions: name=VK_EXT_vertex_attribute_robustness [enabled=0, external=0]
[Vulkan init] extensions: name=VK_EXT_vertex_input_dynamic_state [enabled=1, external=0]
[Vulkan init] extensions: name=VK_EXT_ycbcr_2plane_444_formats [enabled=0, external=0]
[Vulkan init] extensions: name=VK_EXT_ycbcr_image_arrays [enabled=0, external=0]
[Vulkan init] extensions: name=VK_EXT_zero_initialize_device_memory [enabled=0, external=0]
[Vulkan init] extensions: name=VK_GOOGLE_hlsl_functionality1 [enabled=0, external=0]
[Vulkan init] extensions: name=VK_GOOGLE_user_type [enabled=0, external=0]
[Vulkan init] extensions: name=VK_KHR_16bit_storage [enabled=1, external=0]
[Vulkan init] extensions: name=VK_KHR_8bit_storage [enabled=0, external=0]
[Vulkan init] extensions: name=VK_KHR_acceleration_structure [enabled=0, external=0]
[Vulkan init] extensions: name=VK_KHR_bind_memory2 [enabled=1, external=0]
[Vulkan init] extensions: name=VK_KHR_buffer_device_address [enabled=0, external=0]
[Vulkan init] extensions: name=VK_KHR_calibrated_timestamps [enabled=0, external=0]
[Vulkan init] extensions: name=VK_KHR_compute_shader_derivatives [enabled=0, external=0]
[Vulkan init] extensions: name=VK_KHR_cooperative_matrix [enabled=0, external=0]
[Vulkan init] extensions: name=VK_KHR_copy_commands2 [enabled=0, external=0]
[Vulkan init] extensions: name=VK_KHR_copy_memory_indirect [enabled=0, external=0]
[Vulkan init] extensions: name=VK_KHR_create_renderpass2 [enabled=1, external=0]
[Vulkan init] extensions: name=VK_KHR_dedicated_allocation [enabled=1, external=0]
[Vulkan init] extensions: name=VK_KHR_deferred_host_operations [enabled=0, external=0]
[Vulkan init] extensions: name=VK_KHR_depth_clamp_zero_one [enabled=0, external=0]
[Vulkan init] extensions: name=VK_KHR_depth_stencil_resolve [enabled=1, external=0]
[Vulkan init] extensions: name=VK_KHR_descriptor_update_template [enabled=1, external=0]
[Vulkan init] extensions: name=VK_KHR_device_group [enabled=0, external=0]
[Vulkan init] extensions: name=VK_KHR_draw_indirect_count [enabled=0, external=0]
[Vulkan init] extensions: name=VK_KHR_driver_properties [enabled=1, external=0]
[Vulkan init] extensions: name=VK_KHR_dynamic_rendering [enabled=0, external=0]
[Vulkan init] extensions: name=VK_KHR_dynamic_rendering_local_read [enabled=0, external=0]
[Vulkan init] extensions: name=VK_KHR_external_fence [enabled=1, external=0]
[Vulkan init] extensions: name=VK_KHR_external_fence_fd [enabled=1, external=0]
[Vulkan init] extensions: name=VK_KHR_external_memory [enabled=1, external=0]
[Vulkan init] extensions: name=VK_KHR_external_memory_fd [enabled=1, external=0]
[Vulkan init] extensions: name=VK_KHR_external_semaphore [enabled=1, external=0]
[Vulkan init] extensions: name=VK_KHR_external_semaphore_fd [enabled=1, external=0]
[Vulkan init] extensions: name=VK_KHR_format_feature_flags2 [enabled=0, external=0]
[Vulkan init] extensions: name=VK_KHR_fragment_shader_barycentric [enabled=0, external=0]
[Vulkan init] extensions: name=VK_KHR_fragment_shading_rate [enabled=1, external=0]
[Vulkan init] extensions: name=VK_KHR_get_memory_requirements2 [enabled=1, external=0]
[Vulkan init] extensions: name=VK_KHR_global_priority [enabled=0, external=0]
[Vulkan init] extensions: name=VK_KHR_image_format_list [enabled=1, external=0]
[Vulkan init] extensions: name=VK_KHR_imageless_framebuffer [enabled=0, external=0]
[Vulkan init] extensions: name=VK_KHR_incremental_present [enabled=0, external=0]
[Vulkan init] extensions: name=VK_KHR_index_type_uint8 [enabled=0, external=0]
[Vulkan init] extensions: name=VK_KHR_line_rasterization [enabled=0, external=0]
[Vulkan init] extensions: name=VK_KHR_load_store_op_none [enabled=0, external=0]
[Vulkan init] extensions: name=VK_KHR_maintenance1 [enabled=1, external=0]
[Vulkan init] extensions: name=VK_KHR_maintenance10 [enabled=0, external=0]
[Vulkan init] extensions: name=VK_KHR_maintenance2 [enabled=1, external=0]
[Vulkan init] extensions: name=VK_KHR_maintenance3 [enabled=0, external=0]
[Vulkan init] extensions: name=VK_KHR_maintenance4 [enabled=0, external=0]
[Vulkan init] extensions: name=VK_KHR_maintenance5 [enabled=0, external=0]
[Vulkan init] extensions: name=VK_KHR_maintenance6 [enabled=0, external=0]
[Vulkan init] extensions: name=VK_KHR_maintenance7 [enabled=0, external=0]
[Vulkan init] extensions: name=VK_KHR_maintenance8 [enabled=0, external=0]
[Vulkan init] extensions: name=VK_KHR_maintenance9 [enabled=0, external=0]
[Vulkan init] extensions: name=VK_KHR_map_memory2 [enabled=0, external=0]
[Vulkan init] extensions: name=VK_KHR_multiview [enabled=1, external=0]
[Vulkan init] extensions: name=VK_KHR_pipeline_binary [enabled=0, external=0]
[Vulkan init] extensions: name=VK_KHR_pipeline_executable_properties [enabled=0, external=0]
[Vulkan init] extensions: name=VK_KHR_pipeline_library [enabled=0, external=0]
[Vulkan init] extensions: name=VK_KHR_present_id [enabled=1, external=0]
[Vulkan init] extensions: name=VK_KHR_present_id2 [enabled=0, external=0]
[Vulkan init] extensions: name=VK_KHR_present_mode_fifo_latest_ready [enabled=0, external=0]
[Vulkan init] extensions: name=VK_KHR_present_wait [enabled=1, external=0]
[Vulkan init] extensions: name=VK_KHR_present_wait2 [enabled=0, external=0]
[Vulkan init] extensions: name=VK_KHR_push_descriptor [enabled=0, external=0]
[Vulkan init] extensions: name=VK_KHR_ray_query [enabled=0, external=0]
[Vulkan init] extensions: name=VK_KHR_ray_tracing_maintenance1 [enabled=0, external=0]
[Vulkan init] extensions: name=VK_KHR_ray_tracing_pipeline [enabled=0, external=0]
[Vulkan init] extensions: name=VK_KHR_ray_tracing_position_fetch [enabled=0, external=0]
[Vulkan init] extensions: name=VK_KHR_relaxed_block_layout [enabled=0, external=0]
[Vulkan init] extensions: name=VK_KHR_robustness2 [enabled=0, external=0]
[Vulkan init] extensions: name=VK_KHR_sampler_mirror_clamp_to_edge [enabled=1, external=0]
[Vulkan init] extensions: name=VK_KHR_sampler_ycbcr_conversion [enabled=1, external=0]
[Vulkan init] extensions: name=VK_KHR_separate_depth_stencil_layouts [enabled=0, external=0]
[Vulkan init] extensions: name=VK_KHR_shader_atomic_int64 [enabled=1, external=0]
[Vulkan init] extensions: name=VK_KHR_shader_bfloat16 [enabled=0, external=0]
[Vulkan init] extensions: name=VK_KHR_shader_clock [enabled=0, external=0]
[Vulkan init] extensions: name=VK_KHR_shader_draw_parameters [enabled=0, external=0]
[Vulkan init] extensions: name=VK_KHR_shader_expect_assume [enabled=0, external=0]
[Vulkan init] extensions: name=VK_KHR_shader_float16_int8 [enabled=1, external=0]
[Vulkan init] extensions: name=VK_KHR_shader_float_controls [enabled=0, external=0]
[Vulkan init] extensions: name=VK_KHR_shader_float_controls2 [enabled=0, external=0]
[Vulkan init] extensions: name=VK_KHR_shader_fma [enabled=0, external=0]
[Vulkan init] extensions: name=VK_KHR_shader_integer_dot_product [enabled=0, external=0]
[Vulkan init] extensions: name=VK_KHR_shader_maximal_reconvergence [enabled=0, external=0]
[Vulkan init] extensions: name=VK_KHR_shader_non_semantic_info [enabled=1, external=0]
[Vulkan init] extensions: name=VK_KHR_shader_quad_control [enabled=0, external=0]
[Vulkan init] extensions: name=VK_KHR_shader_relaxed_extended_instruction [enabled=0, external=0]
[Vulkan init] extensions: name=VK_KHR_shader_subgroup_extended_types [enabled=0, external=0]
[Vulkan init] extensions: name=VK_KHR_shader_subgroup_rotate [enabled=0, external=0]
[Vulkan init] extensions: name=VK_KHR_shader_subgroup_uniform_control_flow [enabled=0, external=0]
[Vulkan init] extensions: name=VK_KHR_shader_terminate_invocation [enabled=0, external=0]
[Vulkan init] extensions: name=VK_KHR_shader_untyped_pointers [enabled=0, external=0]
[Vulkan init] extensions: name=VK_KHR_shared_presentable_image [enabled=0, external=0]
[Vulkan init] extensions: name=VK_KHR_spirv_1_4 [enabled=0, external=0]
[Vulkan init] extensions: name=VK_KHR_storage_buffer_storage_class [enabled=1, external=0]
[Vulkan init] extensions: name=VK_KHR_swapchain [enabled=1, external=0]
[Vulkan init] extensions: name=VK_KHR_swapchain_maintenance1 [enabled=0, external=0]
[Vulkan init] extensions: name=VK_KHR_swapchain_mutable_format [enabled=1, external=0]
[Vulkan init] extensions: name=VK_KHR_synchronization2 [enabled=0, external=0]
[Vulkan init] extensions: name=VK_KHR_timeline_semaphore [enabled=0, external=0]
[Vulkan init] extensions: name=VK_KHR_unified_image_layouts [enabled=0, external=0]
[Vulkan init] extensions: name=VK_KHR_uniform_buffer_standard_layout [enabled=0, external=0]
[Vulkan init] extensions: name=VK_KHR_variable_pointers [enabled=0, external=0]
[Vulkan init] extensions: name=VK_KHR_vertex_attribute_divisor [enabled=0, external=0]
[Vulkan init] extensions: name=VK_KHR_video_decode_av1 [enabled=0, external=0]
[Vulkan init] extensions: name=VK_KHR_video_decode_h264 [enabled=0, external=0]
[Vulkan init] extensions: name=VK_KHR_video_decode_h265 [enabled=0, external=0]
[Vulkan init] extensions: name=VK_KHR_video_decode_queue [enabled=0, external=0]
[Vulkan init] extensions: name=VK_KHR_video_decode_vp9 [enabled=0, external=0]
[Vulkan init] extensions: name=VK_KHR_video_encode_h264 [enabled=0, external=0]
[Vulkan init] extensions: name=VK_KHR_video_encode_h265 [enabled=0, external=0]
[Vulkan init] extensions: name=VK_KHR_video_encode_intra_refresh [enabled=0, external=0]
[Vulkan init] extensions: name=VK_KHR_video_encode_quantization_map [enabled=0, external=0]
[Vulkan init] extensions: name=VK_KHR_video_encode_queue [enabled=0, external=0]
[Vulkan init] extensions: name=VK_KHR_video_maintenance1 [enabled=0, external=0]
[Vulkan init] extensions: name=VK_KHR_video_maintenance2 [enabled=0, external=0]
[Vulkan init] extensions: name=VK_KHR_video_queue [enabled=0, external=0]
[Vulkan init] extensions: name=VK_KHR_vulkan_memory_model [enabled=0, external=0]
[Vulkan init] extensions: name=VK_KHR_workgroup_memory_explicit_layout [enabled=0, external=0]
[Vulkan init] extensions: name=VK_KHR_zero_initialize_workgroup_memory [enabled=0, external=0]
[Vulkan init] extensions: name=VK_NVX_binary_import [enabled=0, external=0]
[Vulkan init] extensions: name=VK_NVX_image_view_handle [enabled=0, external=0]
[Vulkan init] extensions: name=VK_NVX_multiview_per_view_attributes [enabled=0, external=0]
[Vulkan init] extensions: name=VK_NV_clip_space_w_scaling [enabled=0, external=0]
[Vulkan init] extensions: name=VK_NV_cluster_acceleration_structure [enabled=0, external=0]
[Vulkan init] extensions: name=VK_NV_compute_occupancy_priority [enabled=0, external=0]
[Vulkan init] extensions: name=VK_NV_compute_shader_derivatives [enabled=0, external=0]
[Vulkan init] extensions: name=VK_NV_cooperative_matrix [enabled=0, external=0]
[Vulkan init] extensions: name=VK_NV_cooperative_matrix2 [enabled=0, external=0]
[Vulkan init] extensions: name=VK_NV_cooperative_vector [enabled=0, external=0]
[Vulkan init] extensions: name=VK_NV_copy_memory_indirect [enabled=0, external=0]
[Vulkan init] extensions: name=VK_NV_corner_sampled_image [enabled=0, external=0]
[Vulkan init] extensions: name=VK_NV_coverage_reduction_mode [enabled=0, external=0]
[Vulkan init] extensions: name=VK_NV_cuda_kernel_launch [enabled=0, external=0]
[Vulkan init] extensions: name=VK_NV_dedicated_allocation [enabled=0, external=0]
[Vulkan init] extensions: name=VK_NV_dedicated_allocation_image_aliasing [enabled=0, external=0]
[Vulkan init] extensions: name=VK_NV_descriptor_pool_overallocation [enabled=0, external=0]
[Vulkan init] extensions: name=VK_NV_device_diagnostic_checkpoints [enabled=0, external=0]
[Vulkan init] extensions: name=VK_NV_device_diagnostics_config [enabled=0, external=0]
[Vulkan init] extensions: name=VK_NV_device_generated_commands [enabled=0, external=0]
[Vulkan init] extensions: name=VK_NV_device_generated_commands_compute [enabled=0, external=0]
[Vulkan init] extensions: name=VK_NV_disk_cache_utils [enabled=0, external=0]
[Vulkan init] extensions: name=VK_NV_extended_sparse_address_space [enabled=0, external=0]
[Vulkan init] extensions: name=VK_NV_fill_rectangle [enabled=0, external=0]
[Vulkan init] extensions: name=VK_NV_fragment_coverage_to_color [enabled=0, external=0]
[Vulkan init] extensions: name=VK_NV_fragment_shader_barycentric [enabled=0, external=0]
[Vulkan init] extensions: name=VK_NV_fragment_shading_rate_enums [enabled=0, external=0]
[Vulkan init] extensions: name=VK_NV_framebuffer_mixed_samples [enabled=0, external=0]
[Vulkan init] extensions: name=VK_NV_geometry_shader_passthrough [enabled=0, external=0]
[Vulkan init] extensions: name=VK_NV_inherited_viewport_scissor [enabled=0, external=0]
[Vulkan init] extensions: name=VK_NV_internal_nvpresent [enabled=0, external=0]
[Vulkan init] extensions: name=VK_NV_linear_color_attachment [enabled=0, external=0]
[Vulkan init] extensions: name=VK_NV_low_latency [enabled=0, external=0]
[Vulkan init] extensions: name=VK_NV_low_latency2 [enabled=0, external=0]
[Vulkan init] extensions: name=VK_NV_memory_decompression [enabled=0, external=0]
[Vulkan init] extensions: name=VK_NV_mesh_shader [enabled=0, external=0]
[Vulkan init] extensions: name=VK_NV_optical_flow [enabled=0, external=0]
[Vulkan init] extensions: name=VK_NV_partitioned_acceleration_structure [enabled=0, external=0]
[Vulkan init] extensions: name=VK_NV_present_metering [enabled=0, external=0]
[Vulkan init] extensions: name=VK_NV_raw_access_chains [enabled=0, external=0]
[Vulkan init] extensions: name=VK_NV_ray_tracing [enabled=0, external=0]
[Vulkan init] extensions: name=VK_NV_ray_tracing_invocation_reorder [enabled=0, external=0]
[Vulkan init] extensions: name=VK_NV_ray_tracing_motion_blur [enabled=0, external=0]
[Vulkan init] extensions: name=VK_NV_representative_fragment_test [enabled=0, external=0]
[Vulkan init] extensions: name=VK_NV_sample_mask_override_coverage [enabled=0, external=0]
[Vulkan init] extensions: name=VK_NV_scissor_exclusive [enabled=0, external=0]
[Vulkan init] extensions: name=VK_NV_shader_atomic_float16_vector [enabled=0, external=0]
[Vulkan init] extensions: name=VK_NV_shader_image_footprint [enabled=0, external=0]
[Vulkan init] extensions: name=VK_NV_shader_sm_builtins [enabled=0, external=0]
[Vulkan init] extensions: name=VK_NV_shader_subgroup_partitioned [enabled=0, external=0]
[Vulkan init] extensions: name=VK_NV_shading_rate_image [enabled=0, external=0]
[Vulkan init] extensions: name=VK_NV_viewport_array2 [enabled=0, external=0]
[Vulkan init] extensions: name=VK_NV_viewport_swizzle [enabled=0, external=0]
[vulkan] Loaded device function vkDestroyDevice
[vulkan] Loaded device function vkGetDeviceQueue
[vulkan] Loaded device function vkQueueSubmit
[vulkan] Loaded device function vkQueueWaitIdle
[vulkan] Loaded device function vkDeviceWaitIdle
[vulkan] Loaded device function vkAllocateMemory
[vulkan] Loaded device function vkFreeMemory
[vulkan] Loaded device function vkMapMemory
[vulkan] Loaded device function vkUnmapMemory
[vulkan] Loaded device function vkFlushMappedMemoryRanges
[vulkan] Loaded device function vkInvalidateMappedMemoryRanges
[vulkan] Loaded device function vkGetDeviceMemoryCommitment
[vulkan] Loaded device function vkBindBufferMemory
[vulkan] Loaded device function vkBindImageMemory
[vulkan] Loaded device function vkGetBufferMemoryRequirements
[vulkan] Loaded device function vkGetImageMemoryRequirements
[vulkan] Loaded device function vkGetImageSparseMemoryRequirements
[vulkan] Loaded device function vkQueueBindSparse
[vulkan] Loaded device function vkCreateFence
[vulkan] Loaded device function vkDestroyFence
[vulkan] Loaded device function vkResetFences
[vulkan] Loaded device function vkGetFenceStatus
[vulkan] Loaded device function vkWaitForFences
[vulkan] Loaded device function vkCreateSemaphore
[vulkan] Loaded device function vkDestroySemaphore
[vulkan] Loaded device function vkCreateEvent
[vulkan] Loaded device function vkDestroyEvent
[vulkan] Loaded device function vkGetEventStatus
[vulkan] Loaded device function vkSetEvent
[vulkan] Loaded device function vkResetEvent
[vulkan] Loaded device function vkCreateQueryPool
[vulkan] Loaded device function vkDestroyQueryPool
[vulkan] Loaded device function vkGetQueryPoolResults
[vulkan] Loaded device function vkCreateBuffer
[vulkan] Loaded device function vkDestroyBuffer
[vulkan] Loaded device function vkCreateBufferView
[vulkan] Loaded device function vkDestroyBufferView
[vulkan] Loaded device function vkCreateImage
[vulkan] Loaded device function vkDestroyImage
[vulkan] Loaded device function vkGetImageSubresourceLayout
[vulkan] Loaded device function vkCreateImageView
[vulkan] Loaded device function vkDestroyImageView
[vulkan] Loaded device function vkCreateShaderModule
[vulkan] Loaded device function vkDestroyShaderModule
[vulkan] Loaded device function vkCreatePipelineCache
[vulkan] Loaded device function vkDestroyPipelineCache
[vulkan] Loaded device function vkGetPipelineCacheData
[vulkan] Loaded device function vkMergePipelineCaches
[vulkan] Loaded device function vkCreateGraphicsPipelines
[vulkan] Loaded device function vkCreateComputePipelines
[vulkan] Loaded device function vkDestroyPipeline
[vulkan] Loaded device function vkCreatePipelineLayout
[vulkan] Loaded device function vkDestroyPipelineLayout
[vulkan] Loaded device function vkCreateSampler
[vulkan] Loaded device function vkDestroySampler
[vulkan] Loaded device function vkCreateDescriptorSetLayout
[vulkan] Loaded device function vkDestroyDescriptorSetLayout
[vulkan] Loaded device function vkCreateDescriptorPool
[vulkan] Loaded device function vkDestroyDescriptorPool
[vulkan] Loaded device function vkResetDescriptorPool
[vulkan] Loaded device function vkAllocateDescriptorSets
[vulkan] Loaded device function vkFreeDescriptorSets
[vulkan] Loaded device function vkUpdateDescriptorSets
[vulkan] Loaded device function vkCreateFramebuffer
[vulkan] Loaded device function vkDestroyFramebuffer
[vulkan] Loaded device function vkCreateRenderPass
[vulkan] Loaded device function vkDestroyRenderPass
[vulkan] Loaded device function vkGetRenderAreaGranularity
[vulkan] Loaded device function vkCreateCommandPool
[vulkan] Loaded device function vkDestroyCommandPool
[vulkan] Loaded device function vkResetCommandPool
[vulkan] Loaded device function vkAllocateCommandBuffers
[vulkan] Loaded device function vkFreeCommandBuffers
[vulkan] Loaded device function vkBeginCommandBuffer
[vulkan] Loaded device function vkEndCommandBuffer
[vulkan] Loaded device function vkResetCommandBuffer
[vulkan] Loaded device function vkCmdBindPipeline
[vulkan] Loaded device function vkCmdSetViewport
[vulkan] Loaded device function vkCmdSetScissor
[vulkan] Loaded device function vkCmdSetLineWidth
[vulkan] Loaded device function vkCmdSetDepthBias
[vulkan] Loaded device function vkCmdSetBlendConstants
[vulkan] Loaded device function vkCmdSetDepthBounds
[vulkan] Loaded device function vkCmdSetStencilCompareMask
[vulkan] Loaded device function vkCmdSetStencilWriteMask
[vulkan] Loaded device function vkCmdSetStencilReference
[vulkan] Loaded device function vkCmdBindDescriptorSets
[vulkan] Loaded device function vkCmdBindIndexBuffer
[vulkan] Loaded device function vkCmdBindVertexBuffers
[vulkan] Loaded device function vkCmdDraw
[vulkan] Loaded device function vkCmdDrawIndexed
[vulkan] Loaded device function vkCmdDrawIndirect
[vulkan] Loaded device function vkCmdDrawIndexedIndirect
[vulkan] Loaded device function vkCmdDispatch
[vulkan] Loaded device function vkCmdDispatchIndirect
[vulkan] Loaded device function vkCmdCopyBuffer
[vulkan] Loaded device function vkCmdCopyImage
[vulkan] Loaded device function vkCmdBlitImage
[vulkan] Loaded device function vkCmdCopyBufferToImage
[vulkan] Loaded device function vkCmdCopyImageToBuffer
[vulkan] Loaded device function vkCmdUpdateBuffer
[vulkan] Loaded device function vkCmdFillBuffer
[vulkan] Loaded device function vkCmdClearColorImage
[vulkan] Loaded device function vkCmdClearDepthStencilImage
[vulkan] Loaded device function vkCmdClearAttachments
[vulkan] Loaded device function vkCmdResolveImage
[vulkan] Loaded device function vkCmdSetEvent
[vulkan] Loaded device function vkCmdResetEvent
[vulkan] Loaded device function vkCmdWaitEvents
[vulkan] Loaded device function vkCmdPipelineBarrier
[vulkan] Loaded device function vkCmdBeginQuery
[vulkan] Loaded device function vkCmdEndQuery
[vulkan] Loaded device function vkCmdResetQueryPool
[vulkan] Loaded device function vkCmdWriteTimestamp
[vulkan] Loaded device function vkCmdCopyQueryPoolResults
[vulkan] Loaded device function vkCmdPushConstants
[vulkan] Loaded device function vkCmdBeginRenderPass
[vulkan] Loaded device function vkCmdNextSubpass
[vulkan] Loaded device function vkCmdEndRenderPass
[vulkan] Loaded device function vkCmdExecuteCommands
[vulkan] Loaded device function vkGetImageMemoryRequirements2KHR
[vulkan] Loaded device function vkGetBufferMemoryRequirements2KHR
[vulkan] Loaded device function vkGetImageSparseMemoryRequirements2KHR
[vulkan] Loaded device function vkCreateDescriptorUpdateTemplateKHR
[vulkan] Loaded device function vkDestroyDescriptorUpdateTemplateKHR
[vulkan] Loaded device function vkUpdateDescriptorSetWithTemplateKHR
[vulkan] Loaded device function vkCmdBeginRenderPass2KHR
[vulkan] Loaded device function vkCmdEndRenderPass2KHR
[vulkan] Loaded device function vkCmdNextSubpass2KHR
[vulkan] Loaded device function vkCreateRenderPass2KHR
[vulkan] Loaded device function vkCmdSetVertexInputEXT
[vulkan] Loaded device function vkCmdSetFragmentShadingRateKHR
[vulkan] Failed to load device function vkGetFramebufferTilePropertiesQCOM
[vulkan] Loaded instance function vkGetFramebufferTilePropertiesQCOM
[vulkan] Failed to load device function vkDebugMarkerSetObjectTagEXT
[vulkan] Loaded instance function vkDebugMarkerSetObjectTagEXT
[vulkan] Failed to load device function vkDebugMarkerSetObjectNameEXT
[vulkan] Loaded instance function vkDebugMarkerSetObjectNameEXT
[vulkan] Failed to load device function vkCmdDebugMarkerBeginEXT
[vulkan] Loaded instance function vkCmdDebugMarkerBeginEXT
[vulkan] Failed to load device function vkCmdDebugMarkerEndEXT
[vulkan] Loaded instance function vkCmdDebugMarkerEndEXT
[vulkan] Failed to load device function vkCmdDebugMarkerInsertEXT
[vulkan] Loaded instance function vkCmdDebugMarkerInsertEXT
Vulkan API version 1.1.0 (1.4.329 supported by driver, 1.1.0 requested)
Vulkan vendor=[NVIDIA] id=[10de]
Vulkan renderer=[NVIDIA GeForce RTX 3060] id=[2504]
Vulkan device type 2
Vulkan driverversion=[595.336.0 (0x94d50000)] uint=[-1797980160]
Vulkan driverLibraryString=[NVIDIA (4), 595.84]
Vulkan PSO: Cache data successfully loaded [size=447761,path=/tmp/DefaultCompany/Testing/vulkan_pso_cache.bin]
Initialize mono
Mono path[0] = '/home/soul514y3r/Unity/Hub/Editor/6000.5.7f1/Editor/Data/Managed'
Mono path[1] = '/home/soul514y3r/Unity/Hub/Editor/6000.5.7f1/Editor/Data/BCLExtensions/runtime/netstandard2.1'
Mono path[2] = '/home/soul514y3r/Unity/Hub/Editor/6000.5.7f1/Editor/Data/MonoBleedingEdge/lib/mono/unityjit-linux'
Mono config path = '/home/soul514y3r/Unity/Hub/Editor/6000.5.7f1/Editor/Data/MonoBleedingEdge/etc'
Using monoOptions --debugger-agent=transport=dt_socket,embedding=1,server=y,suspend=n,address=127.0.0.1:56371
CodeReloadManager initialized
ImportWorker Server TCP listen port: 0
AcceleratorClientConnectionCallback - disconnected - :0
Begin MonoManager ReloadAssembly
Registering precompiled unity dll's ...
Register platform support module: /home/soul514y3r/Unity/Hub/Editor/6000.5.7f1/Editor/Data/PlaybackEngines/WebGLSupport/UnityEditor.WebGL.Extensions.dll
Register platform support module: /home/soul514y3r/Unity/Hub/Editor/6000.5.7f1/Editor/Data/PlaybackEngines/LinuxStandaloneSupport/UnityEditor.LinuxStandalone.Extensions.dll
Registered in 0,000700 seconds.
Native extension for LinuxStandalone target not found
Native extension for WebGL target not found
[Licensing::Client] Successfully resolved entitlement details
ScheduleIndexationOnStartup MainProcess:False IndexOnStartup:True
Mono: successfully reloaded assembly
- Finished resetting the current domain, in  2,338 seconds
Domain Reload Profiling: 2638ms
	BeginReloadAssembly (69ms)
		CreateAndSetChildDomain (10ms)
	RebuildCommonClasses (3ms)
	RebuildNativeTypeToScriptingClass (6ms)
	initialDomainReloadingComplete (39ms)
	LoadAllAssembliesAndSetupDomain (182ms)
		LoadAssemblies (59ms)
		AnalyzeDomain (130ms)
			TypeCache.Refresh (130ms)
				TypeCache.ScanAssembly (121ms)
	FinalizeReload (2340ms)
		SetupLoadedEditorAssemblies (0ms)
			InitializePlatformSupportModulesInManaged (4ms)
			BeforeProcessingInitializeOnLoad (51ms)
			ProcessInitializeOnLoadAttributes (89ms)
			ProcessInitializeOnLoadMethodAttributes (2151ms)
[Licensing::Client] Successfully resolved entitlement details
Application.AssetDatabase Initial Refresh Start
[Licensing::Client] Successfully resolved entitlement details
[Licensing::Client] Successfully resolved entitlement details
[Package Manager] Done resolving packages in 0,20 seconds
[Licensing::Client] Successfully resolved entitlement details
[Package Manager] Registered 68 packages:
  Packages from [https://packages.unity.com]:
    com.unity.2d.animation@15.1.0 (location: /home/soul514y3r/Unity/Projects/Testing/Library/PackageCache/com.unity.2d.animation@6d5a363ae647)
    com.unity.2d.aseprite@5.0.3 (location: /home/soul514y3r/Unity/Projects/Testing/Library/PackageCache/com.unity.2d.aseprite@d13865913efa)
    com.unity.2d.psdimporter@14.0.3 (location: /home/soul514y3r/Unity/Projects/Testing/Library/PackageCache/com.unity.2d.psdimporter@5d82044f9e43)
    com.unity.2d.spriteshape@15.0.3 (location: /home/soul514y3r/Unity/Projects/Testing/Library/PackageCache/com.unity.2d.spriteshape@fcb7ec61a58b)
    com.unity.2d.tilemap.extras@8.0.3 (location: /home/soul514y3r/Unity/Projects/Testing/Library/PackageCache/com.unity.2d.tilemap.extras@a80140457adc)
    com.unity.2d.tooling@3.0.1 (location: /home/soul514y3r/Unity/Projects/Testing/Library/PackageCache/com.unity.2d.tooling@6f06ffb033c0)
    com.unity.collab-proxy@2.13.5 (location: /home/soul514y3r/Unity/Projects/Testing/Library/PackageCache/com.unity.collab-proxy@120d77864ebc)
    com.unity.ide.rider@3.0.38 (location: /home/soul514y3r/Unity/Projects/Testing/Library/PackageCache/com.unity.ide.rider@1f60b3138684)
    com.unity.ide.visualstudio@2.0.26 (location: /home/soul514y3r/Unity/Projects/Testing/Library/PackageCache/com.unity.ide.visualstudio@a99d56dec63f)
    com.unity.inputsystem@1.20.0 (location: /home/soul514y3r/Unity/Projects/Testing/Library/PackageCache/com.unity.inputsystem@7a4e1a2a8194)
    com.unity.sdk.linux-x86_64@1.1.0 (location: /home/soul514y3r/Unity/Projects/Testing/Library/PackageCache/com.unity.sdk.linux-x86_64@6d12be270055)
    com.unity.timeline@1.8.12 (location: /home/soul514y3r/Unity/Projects/Testing/Library/PackageCache/com.unity.timeline@8cd8509afae5)
    com.unity.toolchain.linux-x86_64-linux@1.1.0 (location: /home/soul514y3r/Unity/Projects/Testing/Library/PackageCache/com.unity.toolchain.linux-x86_64-linux@d0308bf9d559)
    com.unity.visualscripting@1.9.12 (location: /home/soul514y3r/Unity/Projects/Testing/Library/PackageCache/com.unity.visualscripting@4edfcc09512f)
    com.unity.sysroot.base@1.1.0 (location: /home/soul514y3r/Unity/Projects/Testing/Library/PackageCache/com.unity.sysroot.base@3559fe1aa613)
    com.unity.2d.common@14.0.1 (location: /home/soul514y3r/Unity/Projects/Testing/Library/PackageCache/com.unity.2d.common@73badf92ba8b)
    com.unity.searcher@4.9.4 (location: /home/soul514y3r/Unity/Projects/Testing/Library/PackageCache/com.unity.searcher@d45a78918735)
    com.unity.burst@1.8.30 (location: /home/soul514y3r/Unity/Projects/Testing/Library/PackageCache/com.unity.burst@2f3d916873ea)
    com.unity.nuget.mono-cecil@1.11.6 (location: /home/soul514y3r/Unity/Projects/Testing/Library/PackageCache/com.unity.nuget.mono-cecil@ecb9724e46ff)
    com.unity.test-framework.performance@3.5.0 (location: /home/soul514y3r/Unity/Projects/Testing/Library/PackageCache/com.unity.test-framework.performance@8b56083ec0f0)
  Built-in packages:
    com.unity.2d.sprite@1.0.0 (location: /home/soul514y3r/Unity/Projects/Testing/Library/PackageCache/com.unity.2d.sprite@d43791c37639)
    com.unity.2d.tilemap@1.0.0 (location: /home/soul514y3r/Unity/Projects/Testing/Library/PackageCache/com.unity.2d.tilemap@b2e842def0b1)
    com.unity.multiplayer.center@1.0.1 (location: /home/soul514y3r/Unity/Projects/Testing/Library/PackageCache/com.unity.multiplayer.center@095ed72d0927)
    com.unity.render-pipelines.universal@17.5.0 (location: /home/soul514y3r/Unity/Projects/Testing/Library/PackageCache/com.unity.render-pipelines.universal@0b9e41c8baf6)
    com.unity.test-framework@1.7.0 (location: /home/soul514y3r/Unity/Projects/Testing/Library/PackageCache/com.unity.test-framework@773a3a4953ad)
    com.unity.ugui@2.5.0 (location: /home/soul514y3r/Unity/Projects/Testing/Library/PackageCache/com.unity.ugui@eaac5bf1c7b5)
    com.unity.modules.accessibility@1.0.0 (location: /home/soul514y3r/Unity/Projects/Testing/Library/PackageCache/com.unity.modules.accessibility)
    com.unity.modules.adaptiveperformance@1.0.0 (location: /home/soul514y3r/Unity/Projects/Testing/Library/PackageCache/com.unity.modules.adaptiveperformance)
    com.unity.modules.ai@1.0.0 (location: /home/soul514y3r/Unity/Projects/Testing/Library/PackageCache/com.unity.modules.ai)
    com.unity.modules.androidjni@1.0.0 (location: /home/soul514y3r/Unity/Projects/Testing/Library/PackageCache/com.unity.modules.androidjni)
    com.unity.modules.animation@1.0.0 (location: /home/soul514y3r/Unity/Projects/Testing/Library/PackageCache/com.unity.modules.animation)
    com.unity.modules.assetbundle@1.0.0 (location: /home/soul514y3r/Unity/Projects/Testing/Library/PackageCache/com.unity.modules.assetbundle)
    com.unity.modules.audio@1.0.0 (location: /home/soul514y3r/Unity/Projects/Testing/Library/PackageCache/com.unity.modules.audio)
    com.unity.modules.cloth@1.0.0 (location: /home/soul514y3r/Unity/Projects/Testing/Library/PackageCache/com.unity.modules.cloth)
    com.unity.modules.director@1.0.0 (location: /home/soul514y3r/Unity/Projects/Testing/Library/PackageCache/com.unity.modules.director)
    com.unity.modules.imageconversion@1.0.0 (location: /home/soul514y3r/Unity/Projects/Testing/Library/PackageCache/com.unity.modules.imageconversion)
    com.unity.modules.imgui@1.0.0 (location: /home/soul514y3r/Unity/Projects/Testing/Library/PackageCache/com.unity.modules.imgui)
    com.unity.modules.jsonserialize@1.0.0 (location: /home/soul514y3r/Unity/Projects/Testing/Library/PackageCache/com.unity.modules.jsonserialize)
    com.unity.modules.particlesystem@1.0.0 (location: /home/soul514y3r/Unity/Projects/Testing/Library/PackageCache/com.unity.modules.particlesystem)
    com.unity.modules.physics@1.0.0 (location: /home/soul514y3r/Unity/Projects/Testing/Library/PackageCache/com.unity.modules.physics)
    com.unity.modules.physics2d@1.0.0 (location: /home/soul514y3r/Unity/Projects/Testing/Library/PackageCache/com.unity.modules.physics2d)
    com.unity.modules.physicscore2d@1.0.0 (location: /home/soul514y3r/Unity/Projects/Testing/Library/PackageCache/com.unity.modules.physicscore2d)
    com.unity.modules.screencapture@1.0.0 (location: /home/soul514y3r/Unity/Projects/Testing/Library/PackageCache/com.unity.modules.screencapture)
    com.unity.modules.terrain@1.0.0 (location: /home/soul514y3r/Unity/Projects/Testing/Library/PackageCache/com.unity.modules.terrain)
    com.unity.modules.terrainphysics@1.0.0 (location: /home/soul514y3r/Unity/Projects/Testing/Library/PackageCache/com.unity.modules.terrainphysics)
    com.unity.modules.tilemap@1.0.0 (location: /home/soul514y3r/Unity/Projects/Testing/Library/PackageCache/com.unity.modules.tilemap)
    com.unity.modules.ui@1.0.0 (location: /home/soul514y3r/Unity/Projects/Testing/Library/PackageCache/com.unity.modules.ui)
    com.unity.modules.uielements@1.0.0 (location: /home/soul514y3r/Unity/Projects/Testing/Library/PackageCache/com.unity.modules.uielements)
    com.unity.modules.umbra@1.0.0 (location: /home/soul514y3r/Unity/Projects/Testing/Library/PackageCache/com.unity.modules.umbra)
    com.unity.modules.unityanalytics@1.0.0 (location: /home/soul514y3r/Unity/Projects/Testing/Library/PackageCache/com.unity.modules.unityanalytics)
    com.unity.modules.unitywebrequest@1.0.0 (location: /home/soul514y3r/Unity/Projects/Testing/Library/PackageCache/com.unity.modules.unitywebrequest)
    com.unity.modules.unitywebrequestassetbundle@1.0.0 (location: /home/soul514y3r/Unity/Projects/Testing/Library/PackageCache/com.unity.modules.unitywebrequestassetbundle)
    com.unity.modules.unitywebrequestaudio@1.0.0 (location: /home/soul514y3r/Unity/Projects/Testing/Library/PackageCache/com.unity.modules.unitywebrequestaudio)
    com.unity.modules.unitywebrequesttexture@1.0.0 (location: /home/soul514y3r/Unity/Projects/Testing/Library/PackageCache/com.unity.modules.unitywebrequesttexture)
    com.unity.modules.unitywebrequestwww@1.0.0 (location: /home/soul514y3r/Unity/Projects/Testing/Library/PackageCache/com.unity.modules.unitywebrequestwww)
    com.unity.modules.vectorgraphics@1.0.0 (location: /home/soul514y3r/Unity/Projects/Testing/Library/PackageCache/com.unity.modules.vectorgraphics)
    com.unity.modules.vehicles@1.0.0 (location: /home/soul514y3r/Unity/Projects/Testing/Library/PackageCache/com.unity.modules.vehicles)
    com.unity.modules.video@1.0.0 (location: /home/soul514y3r/Unity/Projects/Testing/Library/PackageCache/com.unity.modules.video)
    com.unity.modules.wind@1.0.0 (location: /home/soul514y3r/Unity/Projects/Testing/Library/PackageCache/com.unity.modules.wind)
    com.unity.modules.xr@1.0.0 (location: /home/soul514y3r/Unity/Projects/Testing/Library/PackageCache/com.unity.modules.xr)
    com.unity.modules.subsystems@1.0.0 (location: /home/soul514y3r/Unity/Projects/Testing/Library/PackageCache/com.unity.modules.subsystems)
    com.unity.modules.hierarchycore@1.0.0 (location: /home/soul514y3r/Unity/Projects/Testing/Library/PackageCache/com.unity.modules.hierarchycore)
    com.unity.ext.nunit@2.1.0 (location: /home/soul514y3r/Unity/Projects/Testing/Library/PackageCache/com.unity.ext.nunit@9054f8d1d690)
    com.unity.render-pipelines.core@17.5.0 (location: /home/soul514y3r/Unity/Projects/Testing/Library/PackageCache/com.unity.render-pipelines.core@b41cd0859ceb)
    com.unity.shadergraph@17.5.0 (location: /home/soul514y3r/Unity/Projects/Testing/Library/PackageCache/com.unity.shadergraph@d5dbee5c0619)
    com.unity.render-pipelines.universal-config@17.5.0 (location: /home/soul514y3r/Unity/Projects/Testing/Library/PackageCache/com.unity.render-pipelines.universal-config@47de94ac0cce)
    com.unity.collections@6.5.0 (location: /home/soul514y3r/Unity/Projects/Testing/Library/PackageCache/com.unity.collections@c461d9198d5e)
    com.unity.mathematics@1.4.0 (location: /home/soul514y3r/Unity/Projects/Testing/Library/PackageCache/com.unity.mathematics@bdc7f308708c)
[Subsystems] No new subsystems found in resolved package list.
[Package Manager] Done registering packages in 0,00 seconds
info: Microsoft.Hosting.Lifetime[14]
      Now listening on: http://unix:/tmp/ilpp.sock-9071cb6af3cecd8558e432c7e10fb0f8
info: Microsoft.Hosting.Lifetime[0]
      Application started. Press Ctrl+C to shut down.
info: Microsoft.Hosting.Lifetime[0]
      Hosting environment: Production
info: Microsoft.Hosting.Lifetime[0]
      Content root path: /home/soul514y3r/Unity/Projects/Testing
info: Microsoft.AspNetCore.Hosting.Diagnostics[1]
      Request starting HTTP/2 POST http://ilpp/UnityILPP.PostProcessing/Ping - application/grpc -
info: Microsoft.AspNetCore.Routing.EndpointMiddleware[0]
      Executing endpoint 'gRPC - /UnityILPP.PostProcessing/Ping'
info: Microsoft.AspNetCore.Routing.EndpointMiddleware[1]
      Executed endpoint 'gRPC - /UnityILPP.PostProcessing/Ping'
info: Microsoft.AspNetCore.Hosting.Diagnostics[2]
      Request finished HTTP/2 POST http://ilpp/UnityILPP.PostProcessing/Ping - 200 - application/grpc 32.5850ms
Starting: /home/soul514y3r/Unity/Hub/Editor/6000.5.7f1/Editor/Data/Tools/BuildPipeline/bee_backend --ipc --defer-dag-verification --dagfile="Library/Bee/2400b0aE.dag" --continue-on-failure --profile="Library/Bee/backend1.traceevents" ScriptAssemblies
WorkingDir: /home/soul514y3r/Unity/Projects/Testing
info: Microsoft.AspNetCore.Hosting.Diagnostics[1]
      Request starting HTTP/2 POST http://ilpp/UnityILPP.PostProcessing/ConfigurePostProcessors - application/grpc -
info: Microsoft.AspNetCore.Routing.EndpointMiddleware[0]
      Executing endpoint 'gRPC - /UnityILPP.PostProcessing/ConfigurePostProcessors'
warn: Unity.ILPP.Runner.PostProcessingAssemblyLoadContext[0]
      Assembly system.runtime.interopservices.windowsruntime has duplicate hint path. Ignoring "/home/soul514y3r/Unity/Hub/Editor/6000.5.7f1/Editor/Data/UnityReferenceAssemblies/unity-4.8-api/Facades/System.Runtime.InteropServices.WindowsRuntime.dll" in favor of "/home/soul514y3r/Unity/Hub/Editor/6000.5.7f1/Editor/Data/NetStandard/Extensions/2.0.0/System.Runtime.InteropServices.WindowsRuntime.dll"
warn: Unity.ILPP.Runner.PostProcessingAssemblyLoadContext[0]
      Assembly system.componentmodel.composition has duplicate hint path. Ignoring "/home/soul514y3r/Unity/Hub/Editor/6000.5.7f1/Editor/Data/UnityReferenceAssemblies/unity-4.8-api/System.ComponentModel.Composition.dll" in favor of "/home/soul514y3r/Unity/Hub/Editor/6000.5.7f1/Editor/Data/NetStandard/compat/2.1.0/shims/netfx/System.ComponentModel.Composition.dll"
info: Unity.ILPP.Runner.PostProcessingAssemblyLoadContext[0]
      Resolved Unity.Burst.Cecil, Version=0.11.6.0, Culture=neutral, PublicKeyToken=50cebf1cceb9d05e with Library/PackageCache/com.unity.burst@2f3d916873ea/Unity.Burst.CodeGen/Unity.Burst.Cecil.dll
info: Unity.ILPP.Runner.PostProcessingAssemblyLoadContext[0]
      Resolved Mono.Cecil, Version=0.11.5.0, Culture=neutral, PublicKeyToken=50cebf1cceb9d05e with Library/PackageCache/com.unity.nuget.mono-cecil@ecb9724e46ff/Mono.Cecil.dll
info: Microsoft.AspNetCore.Routing.EndpointMiddleware[1]
      Executed endpoint 'gRPC - /UnityILPP.PostProcessing/ConfigurePostProcessors'
info: Microsoft.AspNetCore.Hosting.Diagnostics[2]
      Request finished HTTP/2 POST http://ilpp/UnityILPP.PostProcessing/ConfigurePostProcessors - 200 - application/grpc 25.6103ms
ExitCode: 0 Duration: 0s119ms
[ 816/1078  0s] ILPP-Configuration Library/ilpp-configuration.nevergeneratedoutput
*** Tundra build success (0.10 seconds), 1 items updated, 1078 evaluated
Total cache size 75888160
Total cache size after purge 75888160, took 00:00:00.0131356
AssetDatabase: script compilation time: 0,548793s
Begin MonoManager ReloadAssembly
Native extension for LinuxStandalone target not found
Native extension for WebGL target not found
ScheduleIndexationOnStartup MainProcess:True IndexOnStartup:True
Mono: successfully reloaded assembly
- Finished resetting the current domain, in  2,310 seconds
Domain Reload Profiling: 2849ms
	BeginReloadAssembly (145ms)
		DisableScriptedObjects (12ms)
		CreateAndSetChildDomain (56ms)
	RebuildCommonClasses (6ms)
	RebuildNativeTypeToScriptingClass (6ms)
	initialDomainReloadingComplete (31ms)
	LoadAllAssembliesAndSetupDomain (347ms)
		LoadAssemblies (162ms)
		AnalyzeDomain (157ms)
			TypeCache.Refresh (108ms)
				TypeCache.ScanAssembly (99ms)
			BuildScriptInfoCaches (43ms)
			ResolveRequiredComponents (5ms)
	FinalizeReload (2314ms)
		SetupLoadedEditorAssemblies (0ms)
			InitializePlatformSupportModulesInManaged (7ms)
			BeforeProcessingInitializeOnLoad (54ms)
			ProcessInitializeOnLoadAttributes (1895ms)
			ProcessInitializeOnLoadMethodAttributes (168ms)
		AwakeInstancesAfterBackupRestoration (10ms)
Starting new worker id: 0 with log in /home/soul514y3r/Unity/Projects/Testing/Logs/AssetImportWorkerHW0.log

Asset Pipeline Refresh (id=22571e1473eec17cda3e53f9152d160a): Total: 4.282 seconds - Initiated by InitialRefreshV2(ForceSynchronousImport)
	(Values over 0.05ms)
	Summary:
		Imports: total=0 (actual=0, local cache=0, cache server=0)
		Asset DB Process Time: managed=0 ms, native=2901 ms
		Asset DB Callback time: managed=32 ms, native=208 ms
		Scripting: domain reloads=1, domain reload time=559 ms, compile time=550 ms, other=30 ms
		Project Asset Count: scripts=1616, non-scripts=3159
		Asset File Changes: new=0, changed=0, moved=0, deleted=0
		Scan Filter Count: 1
	InvokePackagesCallback: 208,295ms
	ApplyChangesToAssetFolders: 0,215ms
	Scan: 324,016ms
	Collect global state as custom dependencies: 10,263ms
	CategorizeScriptCompilationAssets: 32,575ms
	ProcessAssetsWithTransientArtifactChanges: 52,753ms
	CategorizeAssets: 37,129ms
	CompileScripts: 549,668ms
	ImportOutOfDateAssets: 2372,698ms (2329,542ms without children)
		UnloadImportedAssets: 0,547ms
		EnsureUptoDateAssetsAreRegisteredWithGuidPM: 0,443ms
		ImportSchedulerStart: 42,133ms
	PostProcessAllAssets: 32,826ms
		MonoPostProcessAllAssets: 32,761ms
			UniversalRenderPipelineGlobalSettingsPostprocessor.OnPostprocessAllAssets 10.506ms
			SyncVS.PostprocessSyncProject 6.249ms
			WindowAssetPostprocessingWatcher.OnPostprocessAllAssets 1.852ms
			SpeedTree9Postprocessor.OnPostprocessAllAssets 1.444ms
			EditModeScopePostprocessor.OnPostprocessAllAssets 0.911ms
			RenderPipelineGlobalSettingsPostprocessor.OnPostprocessAllAssets 0.626ms
			ReferencedClipsPostProcessor.OnPostprocessAllAssets 0.573ms
			ShaderReflectionAssetPostProcessor.OnPostprocessAllAssets 0.321ms
			AssetDatabaseCallbacks.OnPostprocessAllAssets 0.169ms
			InputActionAssetPostprocessor.OnPostprocessAllAssets 0.166ms
			TerrainToolbarOverlayPostProcessor.OnPostprocessAllAssets 0.119ms
			ProjectSettingsPostprocessor.OnPostprocessAllAssets 0.106ms
	UnloadStreamsBegin: 1,309ms
	PersistCurrentRevisions: 0,165ms
	GenerateScriptTypeHashes: 1,184ms
	GenerateScriptTypeSerializationHashes: 2,016ms
	Untracked: 659,058ms

Application.AssetDatabase Initial Refresh End
AutoLocale: current locale expects 'C' but got 'sv_SE.utf8'Launched and connected shader compiler UnityShaderCompiler after 0.02 seconds
Scanning for USB devices : 6.252ms
Initializing Unity extensions:
UpdateMenuTitleForLanguage: 10
[MODES] ModeService[none].Initialize
[MODES] ModeService[none].LoadModes
[MODES] Loading mode Default (0) for mode-current-id-Testing
Unloading 25 Unused Serialized files (Serialized files now loaded: 0)
Loaded scene 'Assets/Scenes/SampleScene.unity'
	Deserialize:            4.564 ms
	Integration:            294.677 ms
	Integration of assets:  0.018 ms
	Thread Wait Time:       0.003 ms
	Total Operation Time:   299.263 ms
Unloading 7381 unused Assets / (4.9 MB). Loaded Objects now: 8334.
Memory consumption went from 292.0 MB to 287.1 MB.
Total: 11.488111 ms (FindLiveObjects: 0.894952 ms CreateObjectMapping: 2.197962 ms MarkObjects: 6.682803 ms  DeleteObjects: 1.711425 ms)

[LAYOUT] About to load UserSettings/Layouts/default-6000.dwlt, keepMainWindow=False
Worker ready: AssetImportWorkerHW0 0
[LAYOUT] About to save layout /home/soul514y3r/Unity/Projects/Testing/UserSettings/Layouts/default-6000.dwlt
[LAYOUT] About to save layout /home/soul514y3r/.config/unity3d/Preferences/Editor-5.x/Layouts/current/default-6000.dwlt
[MODES] ModeService[default].InitializeCurrentMode
[MODES] ModeService[default].RaiseModeChanged(default, default)
Disable old input system
[Project] Loading completed in 10.955 seconds
	Project init time: 				8.455 seconds
		Template init time: 		0.000 seconds
		Package Manager init time: 		0.154 seconds
		Asset Database init time: 		0.195 seconds
		Global illumination init time: 	0.011 seconds
		Assemblies load time: 			2.651 seconds
		Unity extensions init time: 	0.038 seconds
		Asset Database refresh time: 	4.287 seconds
	Scene opening time: 			1.739 seconds
##utp:{"type":"ProjectInfo","version":2,"phase":"Immediate","time":1786292730990,"processId":56371,"projectLoad":10.955450170999999,"projectInit":8.454981457,"templateInit":0.0,"packageManagerInit":0.15439383,"assetDatabaseInit":0.194856103,"globalIlluminationInit":0.010883728,"assembliesLoad":2.650597347,"unityExtensionsInit":0.038382614,"assetDatabaseRefresh":4.286661819,"sceneOpening":1.739037881}
##utp:{"type":"EditorInfo","version":2,"phase":"Immediate","time":1786292730990,"processId":56371,"editorVersion":"6000.5.7f1 (017862109af0)","branch":"6000.5/staging","buildType":"Release","platform":"Linux"}
Start Indexing on Editor startup
[Indexing] Starting Initial Indexing for Assets
Created GICache directory at /home/soul514y3r/.cache/unity3d/GiCache. Took: 0.001s, timestamps: [10.966 - 10.967]
[Licensing::Client] Successfully resolved entitlement details
Asset Pipeline Refresh (id=ebee03754a4d409e0be8d324dc88a562): Total: 0.190 seconds - Initiated by RefreshV2(ForceSynchronousImport)
[Licensing::Client] Successfully resolved entitlement details
[Licensing::Client] Successfully updated the access token
[Licensing::Module] Successfully updated access token: "UBBOU0EF"... (expires: 2026-08-09T16:47:22Z)
Asset Pipeline Refresh (id=ad46ff4dd0546782390489d2fce9a7dd): Total: 0.059 seconds - Initiated by RefreshV2(ForceSynchronousImport)
[Licensing::Client] Successfully resolved entitlement details
[Licensing::Client] Successfully resolved entitlement details
[Licensing::Client] Successfully resolved entitlement details
Starting new worker id: 1 with log in /home/soul514y3r/Unity/Projects/Testing/Logs/AssetImportWorkerHW1.log
[Worker0] Imported GUID: 8c9cfa26abfee488c85f1582747f6a02 - Path: Assets/Scenes/SampleScene.unity - Importer: ScriptedImporter/UnityEditor.QuickSearchModule:UnityEditor.Search:ASIAI0B -> (ImportResultId: '02e3a973f71f61658808d73e9f54d6d6') in 0.045765229 seconds
[Worker0] Imported GUID: fa83635e49f026ce69f55f5b55e3b73c - Path: Assets/UI Toolkit/SettingsMenuStyle.uss - Importer: ScriptedImporter/UnityEditor.QuickSearchModule:UnityEditor.Search:ASIAI0B -> (ImportResultId: 'c813a1e12b2beb17c19575d05888c2d4') in 0.022810229 seconds
[Worker0] Imported GUID: 5d50bb07ff8c68d80b763f11b4e9a1c7 - Path: Assets/Scripts/SettingsMenuSwitchScript.cs - Importer: ScriptedImporter/UnityEditor.QuickSearchModule:UnityEditor.Search:ASIAI0B -> (ImportResultId: '10690da7591e75d1719b4271709768a0') in 0.017080308 seconds
[Worker0] Imported GUID: c9308be7d36e55fb1a3f391a72820213 - Path: Assets/UI Toolkit/MainMenuStyle.uss - Importer: ScriptedImporter/UnityEditor.QuickSearchModule:UnityEditor.Search:ASIAI0B -> (ImportResultId: '299744ce1af73f189286525a8c18b07f') in 0.010161007 seconds
[Worker0] Imported GUID: 14342c5d42ab2d391ad8cc1230418eb5 - Path: Assets/MainMenuUXML.uxml - Importer: ScriptedImporter/UnityEditor.QuickSearchModule:UnityEditor.Search:ASIAI0B -> (ImportResultId: 'e02ee28c4336aa9f3f85b08ca94c2379') in 0.013876313 seconds
[Licensing::Client] Successfully resolved entitlement details
[Worker0] Imported GUID: 14342c5d42ab2d391ad8cc1230418eb5 - Path: Assets/MainMenuUXML.uxml - Importer: PreviewImporter -> (ImportResultId: '17fb1b9e0564a99aeaac2f17150357bd') in 0.016924635 seconds
UPID Received 'ee7b5491-1663-4ee6-93c7-696200903c89'.
Worker ready: AssetImportWorkerHW1 1
Asset Pipeline Refresh (id=e94845781b16af9a4a09228d4f594975): Total: 0.094 seconds - Initiated by RefreshV2(AllowForceSynchronousImport)
Importing 'GUID: 4054f428fae8c55f0a122c88be57a313 - Path: Assets/Hatsune_Miku_-_Ievan_Polkka_(mp3.pm).mp3' with importer (AudioImporter)
Imported 'GUID: 4054f428fae8c55f0a122c88be57a313' -> (Import Result ID: '6cb8bca734153fedcf009e35d759a0ea') in 1.716 seconds [static and dynamic dependencies]. Details - ImportResultOutputID=485e3ca9f828be8a304962e6d93faeed DependenciesID=b2a041a04fd700b7716ba8ef27302ea2 StaticDependenciesID=2953fc1e7522ca22500e418e88618e2c 

Asset Pipeline Refresh (id=e1c6bb97eeb92f326b652fdf592cd309): Total: 2.022 seconds - Initiated by RefreshV2(NoUpdateAssetOptions)
	(Values over 0.05ms)
	Summary:
		Imports: total=1 (actual=1, local cache=0, cache server=0)
		Asset DB Process Time: managed=6 ms, native=1864 ms
		Asset DB Callback time: managed=145 ms, native=5 ms
		Scripting: domain reloads=0, domain reload time=0 ms, compile time=0 ms, other=0 ms
		Project Asset Count: scripts=1616, non-scripts=3160
		Asset File Changes: new=1, changed=1, moved=0, deleted=0
		Scan Filter Count: 1
	ApplyChangesToAssetFolders: 0.256ms
	Scan: 57.920ms
	Collect global state as custom dependencies: 0.065ms
	OnSourceAssetsModified: 0.477ms
	ProcessAssetsWithTransientArtifactChanges: 0.068ms
	CategorizeAssets: 14.116ms
	ImportOutOfDateAssets: 1794.829ms (17.701ms without children)
		ImportManagerImport: 1718.636ms (1.661ms without children)
			UpdateCategorizedAssets: 0.077ms
		UnloadImportedAssets: 0.120ms
		EnsureUptoDateAssetsAreRegisteredWithGuidPM: 0.995ms
		ImportSchedulerStart: 57.346ms
	PostProcessAllAssets: 137.800ms
		XRBuildSystem.XRAssetImported 1.403ms
		MonoPostProcessAllAssets: 135.945ms
			AssetPostprocessor.OnPostprocessAllAssets 108.133ms
			BuilderAssetPostprocessor.OnPostprocessAllAssets 6.987ms
			SampleDependencyImporterPostProcessor.OnPostprocessAllAssets 5.329ms
			SpriteEditorTexturePostprocessor.OnPostprocessAllAssets 1.149ms
			RetainedModeAssetPostprocessor.OnPostprocessAllAssets 1.043ms
			SyncVS.PostprocessSyncProject 0.951ms
			MaterialPostprocessor.OnPostprocessAllAssets 0.811ms
			ShaderGraphAssetPostProcessor.OnPostprocessAllAssets 0.795ms
			SpriteSlicePostprocessor.OnPostprocessAllAssets 0.638ms
			ArtifactBrowserPostProcessor.OnPostprocessAllAssets 0.627ms
			SpriteShapeAssetPostProcessor.OnPostprocessAllAssets 0.579ms
			UVCSAssetPostprocessor.OnPostprocessAllAssets 0.565ms
			TMPro_TexturePostProcessor.OnPostprocessAllAssets 0.518ms
			AssetProcessor.OnPostprocessAllAssets 0.491ms
			InputActionJsonNameModifierAssetProcessor.OnPostprocessAllAssets 0.474ms
			AssetChangedListener.OnPostprocessAllAssets 0.438ms
			SpriteLibraryAssetPostprocessor.OnPostprocessAllAssets 0.396ms
			AudioMixerPostprocessor.OnPostprocessAllAssets 0.379ms
			SamplePostprocessor.OnPostprocessAllAssets 0.249ms
			TextAssetPostProcessor.OnPostprocessAllAssets 0.241ms
			InputActionAssetPostprocessor.OnPostprocessAllAssets 0.239ms
			AssetEvents.OnPostprocessAllAssets 0.223ms
			PSDImportPostProcessor.OnPostprocessAllAssets 0.220ms
			StyleCatalogPostProcessor.OnPostprocessAllAssets 0.216ms
			PostProcessor.OnPostprocessAllAssets 0.166ms
			ConfigAssetsTracker.OnPostprocessAllAssets 0.153ms
			PSDImporterAssetPostProcessor.OnPostprocessAllAssets 0.136ms
			ScenarioDriftAssetsTracker.OnPostprocessAllAssets 0.126ms
			AssetReloadNotifier.OnPostprocessAllAssets 0.097ms
			SpeedTreePostProcessor.OnPostprocessAllAssets 0.096ms
			AudioContainerPostProcessor.OnPostprocessAllAssets 0.079ms
	PostAssetChangesProfiler: 12.183ms
	GatherAllCurrentPrimaryImportResultRevisions: 0.246ms
	UnloadStreamsBegin: 0.166ms
	PersistCurrentRevisions: 0.212ms
	Untracked: 3.458ms

[Worker0] Imported GUID: 4054f428fae8c55f0a122c88be57a313 - Path: Assets/Hatsune_Miku_-_Ievan_Polkka_(mp3.pm).mp3 - Importer: PreviewImporter -> (ImportResultId: '512156720ece04a2682c71d4347ab632') in 0.062522951 seconds
[Worker0] Imported GUID: 4054f428fae8c55f0a122c88be57a313 - Path: Assets/Hatsune_Miku_-_Ievan_Polkka_(mp3.pm).mp3 - Importer: ScriptedImporter/UnityEditor.QuickSearchModule:UnityEditor.Search:ASIAI0B -> (ImportResultId: 'bc53aebc068cb8cb79a0b4a8018c6c27') in 0.014111514 seconds
SpriteAtlasPacking completed in 0.008708 sec
Entering Playmode with Reload Domain disabled.
If you experience any issues, please disable "Enter Play Mode Options" in Editor Settings
Loaded scene 'Temp/__Backupscenes/0.backup'
	Deserialize:            2.736 ms
	Integration:            701.082 ms
	Integration of assets:  0.002 ms
	Thread Wait Time:       0.006 ms
	Total Operation Time:   703.825 ms
Button found
UnityEngine.Debug:ExtractStackTraceNoAlloc (byte*,int,string)
UnityEngine.StackTraceUtility:ExtractStackTrace () (at /home/bokken/build/output/unity/unity/Runtime/Export/Scripting/StackTrace.cs:35)
UnityEngine.DebugLogHandler:Internal_Log (UnityEngine.LogType,UnityEngine.LogOption,string,UnityEngine.Object)
UnityEngine.DebugLogHandler:LogFormat (UnityEngine.LogType,UnityEngine.Object,string,object[])
UnityEngine.Logger:Log (UnityEngine.LogType,object)
UnityEngine.Debug:Log (object)
SettingsMenuSwitchScript:OnActiveTabChanged (UnityEngine.UIElements.Tab,UnityEngine.UIElements.Tab) (at Assets/Scripts/SettingsMenuSwitchScript.cs:73)
UnityEngine.UIElements.TabView:set_activeTab (UnityEngine.UIElements.Tab) (at /home/bokken/build/output/unity/unity/Modules/UIElements/Core/Controls/TabView.cs:259)
UnityEngine.UIElements.TabView:OnTabSelected (UnityEngine.UIElements.Tab) (at /home/bokken/build/output/unity/unity/Modules/UIElements/Core/Controls/TabView.cs:526)
UnityEngine.UIElements.Tab:OnTabClicked (UnityEngine.UIElements.PointerDownEvent) (at /home/bokken/build/output/unity/unity/Modules/UIElements/Core/Controls/Tab.cs:472)
UnityEngine.UIElements.EventCallbackFunctor`1<UnityEngine.UIElements.PointerDownEvent>:Invoke (UnityEngine.UIElements.EventBase) (at /home/bokken/build/output/unity/unity/Modules/UIElements/Core/Events/EventCallback.cs:64)
UnityEngine.UIElements.EventCallbackRegistry/DynamicCallbackList:Invoke (UnityEngine.UIElements.EventBase,UnityEngine.UIElements.BaseVisualElementPanel,UnityEngine.UIElements.VisualElement) (at /home/bokken/build/output/unity/unity/Modules/UIElements/Core/Events/EventCallbackRegistry.cs:298)
UnityEngine.UIElements.EventDispatchUtilities:HandleEventAcrossPropagationPathWithCompatibilityEvent (UnityEngine.UIElements.EventBase,UnityEngine.UIElements.EventBase,UnityEngine.UIElements.BaseVisualElementPanel,UnityEngine.UIElements.VisualElement,bool) (at /home/bokken/build/output/unity/unity/Modules/UIElements/Core/Events/EventDispatchUtilities.cs:334)
UnityEngine.UIElements.EventDispatchUtilities:DispatchToElementUnderPointerOrPanelRoot (UnityEngine.UIElements.EventBase,UnityEngine.UIElements.BaseVisualElementPanel,int,UnityEngine.Vector2) (at /home/bokken/build/output/unity/unity/Modules/UIElements/Core/Events/EventDispatchUtilities.cs:532)
UnityEngine.UIElements.EventDispatchUtilities:DispatchToCapturingElementOrElementUnderPointer (UnityEngine.UIElements.EventBase,UnityEngine.UIElements.BaseVisualElementPanel,int,UnityEngine.Vector2) (at /home/bokken/build/output/unity/unity/Modules/UIElements/Core/Events/EventDispatchUtilities.cs:569)
UnityEngine.UIElements.PointerDownEvent:Dispatch (UnityEngine.UIElements.BaseVisualElementPanel) (at /home/bokken/build/output/unity/unity/Modules/UIElements/Core/Events/PointerEvents.cs:1437)
UnityEngine.UIElements.EventDispatcher:ProcessEvent (UnityEngine.UIElements.EventBase,UnityEngine.UIElements.BaseVisualElementPanel) (at /home/bokken/build/output/unity/unity/Modules/UIElements/Core/EventDispatcher.cs:420)
UnityEngine.UIElements.EventDispatcher:Dispatch (UnityEngine.UIElements.EventBase,UnityEngine.UIElements.BaseVisualElementPanel,UnityEngine.UIElements.DispatchMode) (at /home/bokken/build/output/unity/unity/Modules/UIElements/Core/EventDispatcher.cs:216)
UnityEngine.UIElements.BaseVisualElementPanel:SendEvent (UnityEngine.UIElements.EventBase,UnityEngine.UIElements.DispatchMode) (at /home/bokken/build/output/unity/unity/Modules/UIElements/Core/Panel.cs:723)
UnityEngine.UIElements.VisualElement:SendEvent (UnityEngine.UIElements.EventBase) (at /home/bokken/build/output/unity/unity/Modules/UIElements/Core/VisualElement.cs:2185)
UnityEngine.UIElements.DefaultEventSystem:SendPositionBasedEvent<System.ValueTuple`3<UnityEngine.InputForUI.PointerEvent, int, single>> (UnityEngine.Vector3,UnityEngine.Vector3,int,System.Nullable`1<int>,System.Func`3<UnityEngine.Vector3, System.ValueTuple`3<UnityEngine.InputForUI.PointerEvent, int, single>, UnityEngine.UIElements.EventBase>,System.ValueTuple`3<UnityEngine.InputForUI.PointerEvent, int, single>,bool) (at /home/bokken/build/output/unity/unity/Modules/UIElements/Core/GameObjects/DefaultEventSystem.cs:293)
UnityEngine.UIElements.DefaultEventSystem/InputForUIProcessor:ProcessPointerEvent (UnityEngine.InputForUI.PointerEvent) (at /home/bokken/build/output/unity/unity/Modules/UIElements/Core/GameObjects/DefaultEventSystem.InputForUIProcessor.cs:211)
UnityEngine.UIElements.DefaultEventSystem/InputForUIProcessor:ProcessInputForUIEvents () (at /home/bokken/build/output/unity/unity/Modules/UIElements/Core/GameObjects/DefaultEventSystem.InputForUIProcessor.cs:52)
UnityEngine.UIElements.DefaultEventSystem:Update (UnityEngine.UIElements.DefaultEventSystem/UpdateMode) (at /home/bokken/build/output/unity/unity/Modules/UIElements/Core/GameObjects/DefaultEventSystem.cs:75)
UnityEngine.UIElements.UIElementsRuntimeUtility:_UpdateEventSystem () (at /home/bokken/build/output/unity/unity/Modules/UIElements/Core/UIElementsRuntimeUtility.cs:341)
UnityEngine.UIElements.UIElementsRuntimeUtility:UpdatePanels () (at /home/bokken/build/output/unity/unity/Modules/UIElements/Core/UIElementsRuntimeUtility.cs:317)
UnityEngine.UIElements.UIElementsRuntimeUtilityNative:UpdatePanels () (at /home/bokken/build/output/unity/unity/Modules/UIElements/Core/Native/UIElementsUtility.bindings.cs:18)

(Filename: Assets/Scripts/SettingsMenuSwitchScript.cs Line: 73)

TabView found
UnityEngine.Debug:ExtractStackTraceNoAlloc (byte*,int,string)
UnityEngine.StackTraceUtility:ExtractStackTrace () (at /home/bokken/build/output/unity/unity/Runtime/Export/Scripting/StackTrace.cs:35)
UnityEngine.DebugLogHandler:Internal_Log (UnityEngine.LogType,UnityEngine.LogOption,string,UnityEngine.Object)
UnityEngine.DebugLogHandler:LogFormat (UnityEngine.LogType,UnityEngine.Object,string,object[])
UnityEngine.Logger:Log (UnityEngine.LogType,object)
UnityEngine.Debug:Log (object)
SettingsMenuSwitchScript:OnActiveTabChanged (UnityEngine.UIElements.Tab,UnityEngine.UIElements.Tab) (at Assets/Scripts/SettingsMenuSwitchScript.cs:74)
UnityEngine.UIElements.TabView:set_activeTab (UnityEngine.UIElements.Tab) (at /home/bokken/build/output/unity/unity/Modules/UIElements/Core/Controls/TabView.cs:259)
UnityEngine.UIElements.TabView:OnTabSelected (UnityEngine.UIElements.Tab) (at /home/bokken/build/output/unity/unity/Modules/UIElements/Core/Controls/TabView.cs:526)
UnityEngine.UIElements.Tab:OnTabClicked (UnityEngine.UIElements.PointerDownEvent) (at /home/bokken/build/output/unity/unity/Modules/UIElements/Core/Controls/Tab.cs:472)
UnityEngine.UIElements.EventCallbackFunctor`1<UnityEngine.UIElements.PointerDownEvent>:Invoke (UnityEngine.UIElements.EventBase) (at /home/bokken/build/output/unity/unity/Modules/UIElements/Core/Events/EventCallback.cs:64)
UnityEngine.UIElements.EventCallbackRegistry/DynamicCallbackList:Invoke (UnityEngine.UIElements.EventBase,UnityEngine.UIElements.BaseVisualElementPanel,UnityEngine.UIElements.VisualElement) (at /home/bokken/build/output/unity/unity/Modules/UIElements/Core/Events/EventCallbackRegistry.cs:298)
UnityEngine.UIElements.EventDispatchUtilities:HandleEventAcrossPropagationPathWithCompatibilityEvent (UnityEngine.UIElements.EventBase,UnityEngine.UIElements.EventBase,UnityEngine.UIElements.BaseVisualElementPanel,UnityEngine.UIElements.VisualElement,bool) (at /home/bokken/build/output/unity/unity/Modules/UIElements/Core/Events/EventDispatchUtilities.cs:334)
UnityEngine.UIElements.EventDispatchUtilities:DispatchToElementUnderPointerOrPanelRoot (UnityEngine.UIElements.EventBase,UnityEngine.UIElements.BaseVisualElementPanel,int,UnityEngine.Vector2) (at /home/bokken/build/output/unity/unity/Modules/UIElements/Core/Events/EventDispatchUtilities.cs:532)
UnityEngine.UIElements.EventDispatchUtilities:DispatchToCapturingElementOrElementUnderPointer (UnityEngine.UIElements.EventBase,UnityEngine.UIElements.BaseVisualElementPanel,int,UnityEngine.Vector2) (at /home/bokken/build/output/unity/unity/Modules/UIElements/Core/Events/EventDispatchUtilities.cs:569)
UnityEngine.UIElements.PointerDownEvent:Dispatch (UnityEngine.UIElements.BaseVisualElementPanel) (at /home/bokken/build/output/unity/unity/Modules/UIElements/Core/Events/PointerEvents.cs:1437)
UnityEngine.UIElements.EventDispatcher:ProcessEvent (UnityEngine.UIElements.EventBase,UnityEngine.UIElements.BaseVisualElementPanel) (at /home/bokken/build/output/unity/unity/Modules/UIElements/Core/EventDispatcher.cs:420)
UnityEngine.UIElements.EventDispatcher:Dispatch (UnityEngine.UIElements.EventBase,UnityEngine.UIElements.BaseVisualElementPanel,UnityEngine.UIElements.DispatchMode) (at /home/bokken/build/output/unity/unity/Modules/UIElements/Core/EventDispatcher.cs:216)
UnityEngine.UIElements.BaseVisualElementPanel:SendEvent (UnityEngine.UIElements.EventBase,UnityEngine.UIElements.DispatchMode) (at /home/bokken/build/output/unity/unity/Modules/UIElements/Core/Panel.cs:723)
UnityEngine.UIElements.VisualElement:SendEvent (UnityEngine.UIElements.EventBase) (at /home/bokken/build/output/unity/unity/Modules/UIElements/Core/VisualElement.cs:2185)
UnityEngine.UIElements.DefaultEventSystem:SendPositionBasedEvent<System.ValueTuple`3<UnityEngine.InputForUI.PointerEvent, int, single>> (UnityEngine.Vector3,UnityEngine.Vector3,int,System.Nullable`1<int>,System.Func`3<UnityEngine.Vector3, System.ValueTuple`3<UnityEngine.InputForUI.PointerEvent, int, single>, UnityEngine.UIElements.EventBase>,System.ValueTuple`3<UnityEngine.InputForUI.PointerEvent, int, single>,bool) (at /home/bokken/build/output/unity/unity/Modules/UIElements/Core/GameObjects/DefaultEventSystem.cs:293)
UnityEngine.UIElements.DefaultEventSystem/InputForUIProcessor:ProcessPointerEvent (UnityEngine.InputForUI.PointerEvent) (at /home/bokken/build/output/unity/unity/Modules/UIElements/Core/GameObjects/DefaultEventSystem.InputForUIProcessor.cs:211)
UnityEngine.UIElements.DefaultEventSystem/InputForUIProcessor:ProcessInputForUIEvents () (at /home/bokken/build/output/unity/unity/Modules/UIElements/Core/GameObjects/DefaultEventSystem.InputForUIProcessor.cs:52)
UnityEngine.UIElements.DefaultEventSystem:Update (UnityEngine.UIElements.DefaultEventSystem/UpdateMode) (at /home/bokken/build/output/unity/unity/Modules/UIElements/Core/GameObjects/DefaultEventSystem.cs:75)
UnityEngine.UIElements.UIElementsRuntimeUtility:_UpdateEventSystem () (at /home/bokken/build/output/unity/unity/Modules/UIElements/Core/UIElementsRuntimeUtility.cs:341)
UnityEngine.UIElements.UIElementsRuntimeUtility:UpdatePanels () (at /home/bokken/build/output/unity/unity/Modules/UIElements/Core/UIElementsRuntimeUtility.cs:317)
UnityEngine.UIElements.UIElementsRuntimeUtilityNative:UpdatePanels () (at /home/bokken/build/output/unity/unity/Modules/UIElements/Core/Native/UIElementsUtility.bindings.cs:18)

(Filename: Assets/Scripts/SettingsMenuSwitchScript.cs Line: 74)

Button found
UnityEngine.Debug:ExtractStackTraceNoAlloc (byte*,int,string)
UnityEngine.StackTraceUtility:ExtractStackTrace () (at /home/bokken/build/output/unity/unity/Runtime/Export/Scripting/StackTrace.cs:35)
UnityEngine.DebugLogHandler:Internal_Log (UnityEngine.LogType,UnityEngine.LogOption,string,UnityEngine.Object)
UnityEngine.DebugLogHandler:LogFormat (UnityEngine.LogType,UnityEngine.Object,string,object[])
UnityEngine.Logger:Log (UnityEngine.LogType,object)
UnityEngine.Debug:Log (object)
SettingsMenuSwitchScript:OnActiveTabChanged (UnityEngine.UIElements.Tab,UnityEngine.UIElements.Tab) (at Assets/Scripts/SettingsMenuSwitchScript.cs:73)
UnityEngine.UIElements.TabView:set_activeTab (UnityEngine.UIElements.Tab) (at /home/bokken/build/output/unity/unity/Modules/UIElements/Core/Controls/TabView.cs:259)
UnityEngine.UIElements.TabView:OnTabSelected (UnityEngine.UIElements.Tab) (at /home/bokken/build/output/unity/unity/Modules/UIElements/Core/Controls/TabView.cs:526)
UnityEngine.UIElements.Tab:OnTabClicked (UnityEngine.UIElements.PointerDownEvent) (at /home/bokken/build/output/unity/unity/Modules/UIElements/Core/Controls/Tab.cs:472)
UnityEngine.UIElements.EventCallbackFunctor`1<UnityEngine.UIElements.PointerDownEvent>:Invoke (UnityEngine.UIElements.EventBase) (at /home/bokken/build/output/unity/unity/Modules/UIElements/Core/Events/EventCallback.cs:64)
UnityEngine.UIElements.EventCallbackRegistry/DynamicCallbackList:Invoke (UnityEngine.UIElements.EventBase,UnityEngine.UIElements.BaseVisualElementPanel,UnityEngine.UIElements.VisualElement) (at /home/bokken/build/output/unity/unity/Modules/UIElements/Core/Events/EventCallbackRegistry.cs:298)
UnityEngine.UIElements.EventDispatchUtilities:HandleEventAcrossPropagationPathWithCompatibilityEvent (UnityEngine.UIElements.EventBase,UnityEngine.UIElements.EventBase,UnityEngine.UIElements.BaseVisualElementPanel,UnityEngine.UIElements.VisualElement,bool) (at /home/bokken/build/output/unity/unity/Modules/UIElements/Core/Events/EventDispatchUtilities.cs:334)
UnityEngine.UIElements.EventDispatchUtilities:DispatchToElementUnderPointerOrPanelRoot (UnityEngine.UIElements.EventBase,UnityEngine.UIElements.BaseVisualElementPanel,int,UnityEngine.Vector2) (at /home/bokken/build/output/unity/unity/Modules/UIElements/Core/Events/EventDispatchUtilities.cs:532)
UnityEngine.UIElements.EventDispatchUtilities:DispatchToCapturingElementOrElementUnderPointer (UnityEngine.UIElements.EventBase,UnityEngine.UIElements.BaseVisualElementPanel,int,UnityEngine.Vector2) (at /home/bokken/build/output/unity/unity/Modules/UIElements/Core/Events/EventDispatchUtilities.cs:569)
UnityEngine.UIElements.PointerDownEvent:Dispatch (UnityEngine.UIElements.BaseVisualElementPanel) (at /home/bokken/build/output/unity/unity/Modules/UIElements/Core/Events/PointerEvents.cs:1437)
UnityEngine.UIElements.EventDispatcher:ProcessEvent (UnityEngine.UIElements.EventBase,UnityEngine.UIElements.BaseVisualElementPanel) (at /home/bokken/build/output/unity/unity/Modules/UIElements/Core/EventDispatcher.cs:420)
UnityEngine.UIElements.EventDispatcher:Dispatch (UnityEngine.UIElements.EventBase,UnityEngine.UIElements.BaseVisualElementPanel,UnityEngine.UIElements.DispatchMode) (at /home/bokken/build/output/unity/unity/Modules/UIElements/Core/EventDispatcher.cs:216)
UnityEngine.UIElements.BaseVisualElementPanel:SendEvent (UnityEngine.UIElements.EventBase,UnityEngine.UIElements.DispatchMode) (at /home/bokken/build/output/unity/unity/Modules/UIElements/Core/Panel.cs:723)
UnityEngine.UIElements.VisualElement:SendEvent (UnityEngine.UIElements.EventBase) (at /home/bokken/build/output/unity/unity/Modules/UIElements/Core/VisualElement.cs:2185)
UnityEngine.UIElements.DefaultEventSystem:SendPositionBasedEvent<System.ValueTuple`3<UnityEngine.InputForUI.PointerEvent, int, single>> (UnityEngine.Vector3,UnityEngine.Vector3,int,System.Nullable`1<int>,System.Func`3<UnityEngine.Vector3, System.ValueTuple`3<UnityEngine.InputForUI.PointerEvent, int, single>, UnityEngine.UIElements.EventBase>,System.ValueTuple`3<UnityEngine.InputForUI.PointerEvent, int, single>,bool) (at /home/bokken/build/output/unity/unity/Modules/UIElements/Core/GameObjects/DefaultEventSystem.cs:293)
UnityEngine.UIElements.DefaultEventSystem/InputForUIProcessor:ProcessPointerEvent (UnityEngine.InputForUI.PointerEvent) (at /home/bokken/build/output/unity/unity/Modules/UIElements/Core/GameObjects/DefaultEventSystem.InputForUIProcessor.cs:211)
UnityEngine.UIElements.DefaultEventSystem/InputForUIProcessor:ProcessInputForUIEvents () (at /home/bokken/build/output/unity/unity/Modules/UIElements/Core/GameObjects/DefaultEventSystem.InputForUIProcessor.cs:52)
UnityEngine.UIElements.DefaultEventSystem:Update (UnityEngine.UIElements.DefaultEventSystem/UpdateMode) (at /home/bokken/build/output/unity/unity/Modules/UIElements/Core/GameObjects/DefaultEventSystem.cs:75)
UnityEngine.UIElements.UIElementsRuntimeUtility:_UpdateEventSystem () (at /home/bokken/build/output/unity/unity/Modules/UIElements/Core/UIElementsRuntimeUtility.cs:341)
UnityEngine.UIElements.UIElementsRuntimeUtility:UpdatePanels () (at /home/bokken/build/output/unity/unity/Modules/UIElements/Core/UIElementsRuntimeUtility.cs:317)
UnityEngine.UIElements.UIElementsRuntimeUtilityNative:UpdatePanels () (at /home/bokken/build/output/unity/unity/Modules/UIElements/Core/Native/UIElementsUtility.bindings.cs:18)

(Filename: Assets/Scripts/SettingsMenuSwitchScript.cs Line: 73)

TabView found
UnityEngine.Debug:ExtractStackTraceNoAlloc (byte*,int,string)
UnityEngine.StackTraceUtility:ExtractStackTrace () (at /home/bokken/build/output/unity/unity/Runtime/Export/Scripting/StackTrace.cs:35)
UnityEngine.DebugLogHandler:Internal_Log (UnityEngine.LogType,UnityEngine.LogOption,string,UnityEngine.Object)
UnityEngine.DebugLogHandler:LogFormat (UnityEngine.LogType,UnityEngine.Object,string,object[])
UnityEngine.Logger:Log (UnityEngine.LogType,object)
UnityEngine.Debug:Log (object)
SettingsMenuSwitchScript:OnActiveTabChanged (UnityEngine.UIElements.Tab,UnityEngine.UIElements.Tab) (at Assets/Scripts/SettingsMenuSwitchScript.cs:74)
UnityEngine.UIElements.TabView:set_activeTab (UnityEngine.UIElements.Tab) (at /home/bokken/build/output/unity/unity/Modules/UIElements/Core/Controls/TabView.cs:259)
UnityEngine.UIElements.TabView:OnTabSelected (UnityEngine.UIElements.Tab) (at /home/bokken/build/output/unity/unity/Modules/UIElements/Core/Controls/TabView.cs:526)
UnityEngine.UIElements.Tab:OnTabClicked (UnityEngine.UIElements.PointerDownEvent) (at /home/bokken/build/output/unity/unity/Modules/UIElements/Core/Controls/Tab.cs:472)
UnityEngine.UIElements.EventCallbackFunctor`1<UnityEngine.UIElements.PointerDownEvent>:Invoke (UnityEngine.UIElements.EventBase) (at /home/bokken/build/output/unity/unity/Modules/UIElements/Core/Events/EventCallback.cs:64)
UnityEngine.UIElements.EventCallbackRegistry/DynamicCallbackList:Invoke (UnityEngine.UIElements.EventBase,UnityEngine.UIElements.BaseVisualElementPanel,UnityEngine.UIElements.VisualElement) (at /home/bokken/build/output/unity/unity/Modules/UIElements/Core/Events/EventCallbackRegistry.cs:298)
UnityEngine.UIElements.EventDispatchUtilities:HandleEventAcrossPropagationPathWithCompatibilityEvent (UnityEngine.UIElements.EventBase,UnityEngine.UIElements.EventBase,UnityEngine.UIElements.BaseVisualElementPanel,UnityEngine.UIElements.VisualElement,bool) (at /home/bokken/build/output/unity/unity/Modules/UIElements/Core/Events/EventDispatchUtilities.cs:334)
UnityEngine.UIElements.EventDispatchUtilities:DispatchToElementUnderPointerOrPanelRoot (UnityEngine.UIElements.EventBase,UnityEngine.UIElements.BaseVisualElementPanel,int,UnityEngine.Vector2) (at /home/bokken/build/output/unity/unity/Modules/UIElements/Core/Events/EventDispatchUtilities.cs:532)
UnityEngine.UIElements.EventDispatchUtilities:DispatchToCapturingElementOrElementUnderPointer (UnityEngine.UIElements.EventBase,UnityEngine.UIElements.BaseVisualElementPanel,int,UnityEngine.Vector2) (at /home/bokken/build/output/unity/unity/Modules/UIElements/Core/Events/EventDispatchUtilities.cs:569)
UnityEngine.UIElements.PointerDownEvent:Dispatch (UnityEngine.UIElements.BaseVisualElementPanel) (at /home/bokken/build/output/unity/unity/Modules/UIElements/Core/Events/PointerEvents.cs:1437)
UnityEngine.UIElements.EventDispatcher:ProcessEvent (UnityEngine.UIElements.EventBase,UnityEngine.UIElements.BaseVisualElementPanel) (at /home/bokken/build/output/unity/unity/Modules/UIElements/Core/EventDispatcher.cs:420)
UnityEngine.UIElements.EventDispatcher:Dispatch (UnityEngine.UIElements.EventBase,UnityEngine.UIElements.BaseVisualElementPanel,UnityEngine.UIElements.DispatchMode) (at /home/bokken/build/output/unity/unity/Modules/UIElements/Core/EventDispatcher.cs:216)
UnityEngine.UIElements.BaseVisualElementPanel:SendEvent (UnityEngine.UIElements.EventBase,UnityEngine.UIElements.DispatchMode) (at /home/bokken/build/output/unity/unity/Modules/UIElements/Core/Panel.cs:723)
UnityEngine.UIElements.VisualElement:SendEvent (UnityEngine.UIElements.EventBase) (at /home/bokken/build/output/unity/unity/Modules/UIElements/Core/VisualElement.cs:2185)
UnityEngine.UIElements.DefaultEventSystem:SendPositionBasedEvent<System.ValueTuple`3<UnityEngine.InputForUI.PointerEvent, int, single>> (UnityEngine.Vector3,UnityEngine.Vector3,int,System.Nullable`1<int>,System.Func`3<UnityEngine.Vector3, System.ValueTuple`3<UnityEngine.InputForUI.PointerEvent, int, single>, UnityEngine.UIElements.EventBase>,System.ValueTuple`3<UnityEngine.InputForUI.PointerEvent, int, single>,bool) (at /home/bokken/build/output/unity/unity/Modules/UIElements/Core/GameObjects/DefaultEventSystem.cs:293)
UnityEngine.UIElements.DefaultEventSystem/InputForUIProcessor:ProcessPointerEvent (UnityEngine.InputForUI.PointerEvent) (at /home/bokken/build/output/unity/unity/Modules/UIElements/Core/GameObjects/DefaultEventSystem.InputForUIProcessor.cs:211)
UnityEngine.UIElements.DefaultEventSystem/InputForUIProcessor:ProcessInputForUIEvents () (at /home/bokken/build/output/unity/unity/Modules/UIElements/Core/GameObjects/DefaultEventSystem.InputForUIProcessor.cs:52)
UnityEngine.UIElements.DefaultEventSystem:Update (UnityEngine.UIElements.DefaultEventSystem/UpdateMode) (at /home/bokken/build/output/unity/unity/Modules/UIElements/Core/GameObjects/DefaultEventSystem.cs:75)
UnityEngine.UIElements.UIElementsRuntimeUtility:_UpdateEventSystem () (at /home/bokken/build/output/unity/unity/Modules/UIElements/Core/UIElementsRuntimeUtility.cs:341)
UnityEngine.UIElements.UIElementsRuntimeUtility:UpdatePanels () (at /home/bokken/build/output/unity/unity/Modules/UIElements/Core/UIElementsRuntimeUtility.cs:317)
UnityEngine.UIElements.UIElementsRuntimeUtilityNative:UpdatePanels () (at /home/bokken/build/output/unity/unity/Modules/UIElements/Core/Native/UIElementsUtility.bindings.cs:18)

(Filename: Assets/Scripts/SettingsMenuSwitchScript.cs Line: 74)

TrimDiskCacheJob: Current cache size 0mb
Button found
UnityEngine.Debug:ExtractStackTraceNoAlloc (byte*,int,string)
UnityEngine.StackTraceUtility:ExtractStackTrace () (at /home/bokken/build/output/unity/unity/Runtime/Export/Scripting/StackTrace.cs:35)
UnityEngine.DebugLogHandler:Internal_Log (UnityEngine.LogType,UnityEngine.LogOption,string,UnityEngine.Object)
UnityEngine.DebugLogHandler:LogFormat (UnityEngine.LogType,UnityEngine.Object,string,object[])
UnityEngine.Logger:Log (UnityEngine.LogType,object)
UnityEngine.Debug:Log (object)
SettingsMenuSwitchScript:OnActiveTabChanged (UnityEngine.UIElements.Tab,UnityEngine.UIElements.Tab) (at Assets/Scripts/SettingsMenuSwitchScript.cs:73)
UnityEngine.UIElements.TabView:set_activeTab (UnityEngine.UIElements.Tab) (at /home/bokken/build/output/unity/unity/Modules/UIElements/Core/Controls/TabView.cs:259)
UnityEngine.UIElements.TabView:OnTabSelected (UnityEngine.UIElements.Tab) (at /home/bokken/build/output/unity/unity/Modules/UIElements/Core/Controls/TabView.cs:526)
UnityEngine.UIElements.Tab:OnTabClicked (UnityEngine.UIElements.PointerDownEvent) (at /home/bokken/build/output/unity/unity/Modules/UIElements/Core/Controls/Tab.cs:472)
UnityEngine.UIElements.EventCallbackFunctor`1<UnityEngine.UIElements.PointerDownEvent>:Invoke (UnityEngine.UIElements.EventBase) (at /home/bokken/build/output/unity/unity/Modules/UIElements/Core/Events/EventCallback.cs:64)
UnityEngine.UIElements.EventCallbackRegistry/DynamicCallbackList:Invoke (UnityEngine.UIElements.EventBase,UnityEngine.UIElements.BaseVisualElementPanel,UnityEngine.UIElements.VisualElement) (at /home/bokken/build/output/unity/unity/Modules/UIElements/Core/Events/EventCallbackRegistry.cs:298)
UnityEngine.UIElements.EventDispatchUtilities:HandleEventAcrossPropagationPathWithCompatibilityEvent (UnityEngine.UIElements.EventBase,UnityEngine.UIElements.EventBase,UnityEngine.UIElements.BaseVisualElementPanel,UnityEngine.UIElements.VisualElement,bool) (at /home/bokken/build/output/unity/unity/Modules/UIElements/Core/Events/EventDispatchUtilities.cs:334)
UnityEngine.UIElements.EventDispatchUtilities:DispatchToElementUnderPointerOrPanelRoot (UnityEngine.UIElements.EventBase,UnityEngine.UIElements.BaseVisualElementPanel,int,UnityEngine.Vector2) (at /home/bokken/build/output/unity/unity/Modules/UIElements/Core/Events/EventDispatchUtilities.cs:532)
UnityEngine.UIElements.EventDispatchUtilities:DispatchToCapturingElementOrElementUnderPointer (UnityEngine.UIElements.EventBase,UnityEngine.UIElements.BaseVisualElementPanel,int,UnityEngine.Vector2) (at /home/bokken/build/output/unity/unity/Modules/UIElements/Core/Events/EventDispatchUtilities.cs:569)
UnityEngine.UIElements.PointerDownEvent:Dispatch (UnityEngine.UIElements.BaseVisualElementPanel) (at /home/bokken/build/output/unity/unity/Modules/UIElements/Core/Events/PointerEvents.cs:1437)
UnityEngine.UIElements.EventDispatcher:ProcessEvent (UnityEngine.UIElements.EventBase,UnityEngine.UIElements.BaseVisualElementPanel) (at /home/bokken/build/output/unity/unity/Modules/UIElements/Core/EventDispatcher.cs:420)
UnityEngine.UIElements.EventDispatcher:Dispatch (UnityEngine.UIElements.EventBase,UnityEngine.UIElements.BaseVisualElementPanel,UnityEngine.UIElements.DispatchMode) (at /home/bokken/build/output/unity/unity/Modules/UIElements/Core/EventDispatcher.cs:216)
UnityEngine.UIElements.BaseVisualElementPanel:SendEvent (UnityEngine.UIElements.EventBase,UnityEngine.UIElements.DispatchMode) (at /home/bokken/build/output/unity/unity/Modules/UIElements/Core/Panel.cs:723)
UnityEngine.UIElements.VisualElement:SendEvent (UnityEngine.UIElements.EventBase) (at /home/bokken/build/output/unity/unity/Modules/UIElements/Core/VisualElement.cs:2185)
UnityEngine.UIElements.DefaultEventSystem:SendPositionBasedEvent<System.ValueTuple`3<UnityEngine.InputForUI.PointerEvent, int, single>> (UnityEngine.Vector3,UnityEngine.Vector3,int,System.Nullable`1<int>,System.Func`3<UnityEngine.Vector3, System.ValueTuple`3<UnityEngine.InputForUI.PointerEvent, int, single>, UnityEngine.UIElements.EventBase>,System.ValueTuple`3<UnityEngine.InputForUI.PointerEvent, int, single>,bool) (at /home/bokken/build/output/unity/unity/Modules/UIElements/Core/GameObjects/DefaultEventSystem.cs:293)
UnityEngine.UIElements.DefaultEventSystem/InputForUIProcessor:ProcessPointerEvent (UnityEngine.InputForUI.PointerEvent) (at /home/bokken/build/output/unity/unity/Modules/UIElements/Core/GameObjects/DefaultEventSystem.InputForUIProcessor.cs:211)
UnityEngine.UIElements.DefaultEventSystem/InputForUIProcessor:ProcessInputForUIEvents () (at /home/bokken/build/output/unity/unity/Modules/UIElements/Core/GameObjects/DefaultEventSystem.InputForUIProcessor.cs:52)
UnityEngine.UIElements.DefaultEventSystem:Update (UnityEngine.UIElements.DefaultEventSystem/UpdateMode) (at /home/bokken/build/output/unity/unity/Modules/UIElements/Core/GameObjects/DefaultEventSystem.cs:75)
UnityEngine.UIElements.UIElementsRuntimeUtility:_UpdateEventSystem () (at /home/bokken/build/output/unity/unity/Modules/UIElements/Core/UIElementsRuntimeUtility.cs:341)
UnityEngine.UIElements.UIElementsRuntimeUtility:UpdatePanels () (at /home/bokken/build/output/unity/unity/Modules/UIElements/Core/UIElementsRuntimeUtility.cs:317)
UnityEngine.UIElements.UIElementsRuntimeUtilityNative:UpdatePanels () (at /home/bokken/build/output/unity/unity/Modules/UIElements/Core/Native/UIElementsUtility.bindings.cs:18)

(Filename: Assets/Scripts/SettingsMenuSwitchScript.cs Line: 73)

TabView found
UnityEngine.Debug:ExtractStackTraceNoAlloc (byte*,int,string)
UnityEngine.StackTraceUtility:ExtractStackTrace () (at /home/bokken/build/output/unity/unity/Runtime/Export/Scripting/StackTrace.cs:35)
UnityEngine.DebugLogHandler:Internal_Log (UnityEngine.LogType,UnityEngine.LogOption,string,UnityEngine.Object)
UnityEngine.DebugLogHandler:LogFormat (UnityEngine.LogType,UnityEngine.Object,string,object[])
UnityEngine.Logger:Log (UnityEngine.LogType,object)
UnityEngine.Debug:Log (object)
SettingsMenuSwitchScript:OnActiveTabChanged (UnityEngine.UIElements.Tab,UnityEngine.UIElements.Tab) (at Assets/Scripts/SettingsMenuSwitchScript.cs:74)
UnityEngine.UIElements.TabView:set_activeTab (UnityEngine.UIElements.Tab) (at /home/bokken/build/output/unity/unity/Modules/UIElements/Core/Controls/TabView.cs:259)
UnityEngine.UIElements.TabView:OnTabSelected (UnityEngine.UIElements.Tab) (at /home/bokken/build/output/unity/unity/Modules/UIElements/Core/Controls/TabView.cs:526)
UnityEngine.UIElements.Tab:OnTabClicked (UnityEngine.UIElements.PointerDownEvent) (at /home/bokken/build/output/unity/unity/Modules/UIElements/Core/Controls/Tab.cs:472)
UnityEngine.UIElements.EventCallbackFunctor`1<UnityEngine.UIElements.PointerDownEvent>:Invoke (UnityEngine.UIElements.EventBase) (at /home/bokken/build/output/unity/unity/Modules/UIElements/Core/Events/EventCallback.cs:64)
UnityEngine.UIElements.EventCallbackRegistry/DynamicCallbackList:Invoke (UnityEngine.UIElements.EventBase,UnityEngine.UIElements.BaseVisualElementPanel,UnityEngine.UIElements.VisualElement) (at /home/bokken/build/output/unity/unity/Modules/UIElements/Core/Events/EventCallbackRegistry.cs:298)
UnityEngine.UIElements.EventDispatchUtilities:HandleEventAcrossPropagationPathWithCompatibilityEvent (UnityEngine.UIElements.EventBase,UnityEngine.UIElements.EventBase,UnityEngine.UIElements.BaseVisualElementPanel,UnityEngine.UIElements.VisualElement,bool) (at /home/bokken/build/output/unity/unity/Modules/UIElements/Core/Events/EventDispatchUtilities.cs:334)
UnityEngine.UIElements.EventDispatchUtilities:DispatchToElementUnderPointerOrPanelRoot (UnityEngine.UIElements.EventBase,UnityEngine.UIElements.BaseVisualElementPanel,int,UnityEngine.Vector2) (at /home/bokken/build/output/unity/unity/Modules/UIElements/Core/Events/EventDispatchUtilities.cs:532)
UnityEngine.UIElements.EventDispatchUtilities:DispatchToCapturingElementOrElementUnderPointer (UnityEngine.UIElements.EventBase,UnityEngine.UIElements.BaseVisualElementPanel,int,UnityEngine.Vector2) (at /home/bokken/build/output/unity/unity/Modules/UIElements/Core/Events/EventDispatchUtilities.cs:569)
UnityEngine.UIElements.PointerDownEvent:Dispatch (UnityEngine.UIElements.BaseVisualElementPanel) (at /home/bokken/build/output/unity/unity/Modules/UIElements/Core/Events/PointerEvents.cs:1437)
UnityEngine.UIElements.EventDispatcher:ProcessEvent (UnityEngine.UIElements.EventBase,UnityEngine.UIElements.BaseVisualElementPanel) (at /home/bokken/build/output/unity/unity/Modules/UIElements/Core/EventDispatcher.cs:420)
UnityEngine.UIElements.EventDispatcher:Dispatch (UnityEngine.UIElements.EventBase,UnityEngine.UIElements.BaseVisualElementPanel,UnityEngine.UIElements.DispatchMode) (at /home/bokken/build/output/unity/unity/Modules/UIElements/Core/EventDispatcher.cs:216)
UnityEngine.UIElements.BaseVisualElementPanel:SendEvent (UnityEngine.UIElements.EventBase,UnityEngine.UIElements.DispatchMode) (at /home/bokken/build/output/unity/unity/Modules/UIElements/Core/Panel.cs:723)
UnityEngine.UIElements.VisualElement:SendEvent (UnityEngine.UIElements.EventBase) (at /home/bokken/build/output/unity/unity/Modules/UIElements/Core/VisualElement.cs:2185)
UnityEngine.UIElements.DefaultEventSystem:SendPositionBasedEvent<System.ValueTuple`3<UnityEngine.InputForUI.PointerEvent, int, single>> (UnityEngine.Vector3,UnityEngine.Vector3,int,System.Nullable`1<int>,System.Func`3<UnityEngine.Vector3, System.ValueTuple`3<UnityEngine.InputForUI.PointerEvent, int, single>, UnityEngine.UIElements.EventBase>,System.ValueTuple`3<UnityEngine.InputForUI.PointerEvent, int, single>,bool) (at /home/bokken/build/output/unity/unity/Modules/UIElements/Core/GameObjects/DefaultEventSystem.cs:293)
UnityEngine.UIElements.DefaultEventSystem/InputForUIProcessor:ProcessPointerEvent (UnityEngine.InputForUI.PointerEvent) (at /home/bokken/build/output/unity/unity/Modules/UIElements/Core/GameObjects/DefaultEventSystem.InputForUIProcessor.cs:211)
UnityEngine.UIElements.DefaultEventSystem/InputForUIProcessor:ProcessInputForUIEvents () (at /home/bokken/build/output/unity/unity/Modules/UIElements/Core/GameObjects/DefaultEventSystem.InputForUIProcessor.cs:52)
UnityEngine.UIElements.DefaultEventSystem:Update (UnityEngine.UIElements.DefaultEventSystem/UpdateMode) (at /home/bokken/build/output/unity/unity/Modules/UIElements/Core/GameObjects/DefaultEventSystem.cs:75)
UnityEngine.UIElements.UIElementsRuntimeUtility:_UpdateEventSystem () (at /home/bokken/build/output/unity/unity/Modules/UIElements/Core/UIElementsRuntimeUtility.cs:341)
UnityEngine.UIElements.UIElementsRuntimeUtility:UpdatePanels () (at /home/bokken/build/output/unity/unity/Modules/UIElements/Core/UIElementsRuntimeUtility.cs:317)
UnityEngine.UIElements.UIElementsRuntimeUtilityNative:UpdatePanels () (at /home/bokken/build/output/unity/unity/Modules/UIElements/Core/Native/UIElementsUtility.bindings.cs:18)

(Filename: Assets/Scripts/SettingsMenuSwitchScript.cs Line: 74)

Button found
UnityEngine.Debug:ExtractStackTraceNoAlloc (byte*,int,string)
UnityEngine.StackTraceUtility:ExtractStackTrace () (at /home/bokken/build/output/unity/unity/Runtime/Export/Scripting/StackTrace.cs:35)
UnityEngine.DebugLogHandler:Internal_Log (UnityEngine.LogType,UnityEngine.LogOption,string,UnityEngine.Object)
UnityEngine.DebugLogHandler:LogFormat (UnityEngine.LogType,UnityEngine.Object,string,object[])
UnityEngine.Logger:Log (UnityEngine.LogType,object)
UnityEngine.Debug:Log (object)
SettingsMenuSwitchScript:OnActiveTabChanged (UnityEngine.UIElements.Tab,UnityEngine.UIElements.Tab) (at Assets/Scripts/SettingsMenuSwitchScript.cs:73)
UnityEngine.UIElements.TabView:set_activeTab (UnityEngine.UIElements.Tab) (at /home/bokken/build/output/unity/unity/Modules/UIElements/Core/Controls/TabView.cs:259)
UnityEngine.UIElements.TabView:OnTabSelected (UnityEngine.UIElements.Tab) (at /home/bokken/build/output/unity/unity/Modules/UIElements/Core/Controls/TabView.cs:526)
UnityEngine.UIElements.Tab:OnTabClicked (UnityEngine.UIElements.PointerDownEvent) (at /home/bokken/build/output/unity/unity/Modules/UIElements/Core/Controls/Tab.cs:472)
UnityEngine.UIElements.EventCallbackFunctor`1<UnityEngine.UIElements.PointerDownEvent>:Invoke (UnityEngine.UIElements.EventBase) (at /home/bokken/build/output/unity/unity/Modules/UIElements/Core/Events/EventCallback.cs:64)
UnityEngine.UIElements.EventCallbackRegistry/DynamicCallbackList:Invoke (UnityEngine.UIElements.EventBase,UnityEngine.UIElements.BaseVisualElementPanel,UnityEngine.UIElements.VisualElement) (at /home/bokken/build/output/unity/unity/Modules/UIElements/Core/Events/EventCallbackRegistry.cs:298)
UnityEngine.UIElements.EventDispatchUtilities:HandleEventAcrossPropagationPathWithCompatibilityEvent (UnityEngine.UIElements.EventBase,UnityEngine.UIElements.EventBase,UnityEngine.UIElements.BaseVisualElementPanel,UnityEngine.UIElements.VisualElement,bool) (at /home/bokken/build/output/unity/unity/Modules/UIElements/Core/Events/EventDispatchUtilities.cs:334)
UnityEngine.UIElements.EventDispatchUtilities:DispatchToElementUnderPointerOrPanelRoot (UnityEngine.UIElements.EventBase,UnityEngine.UIElements.BaseVisualElementPanel,int,UnityEngine.Vector2) (at /home/bokken/build/output/unity/unity/Modules/UIElements/Core/Events/EventDispatchUtilities.cs:532)
UnityEngine.UIElements.EventDispatchUtilities:DispatchToCapturingElementOrElementUnderPointer (UnityEngine.UIElements.EventBase,UnityEngine.UIElements.BaseVisualElementPanel,int,UnityEngine.Vector2) (at /home/bokken/build/output/unity/unity/Modules/UIElements/Core/Events/EventDispatchUtilities.cs:569)
UnityEngine.UIElements.PointerDownEvent:Dispatch (UnityEngine.UIElements.BaseVisualElementPanel) (at /home/bokken/build/output/unity/unity/Modules/UIElements/Core/Events/PointerEvents.cs:1437)
UnityEngine.UIElements.EventDispatcher:ProcessEvent (UnityEngine.UIElements.EventBase,UnityEngine.UIElements.BaseVisualElementPanel) (at /home/bokken/build/output/unity/unity/Modules/UIElements/Core/EventDispatcher.cs:420)
UnityEngine.UIElements.EventDispatcher:Dispatch (UnityEngine.UIElements.EventBase,UnityEngine.UIElements.BaseVisualElementPanel,UnityEngine.UIElements.DispatchMode) (at /home/bokken/build/output/unity/unity/Modules/UIElements/Core/EventDispatcher.cs:216)
UnityEngine.UIElements.BaseVisualElementPanel:SendEvent (UnityEngine.UIElements.EventBase,UnityEngine.UIElements.DispatchMode) (at /home/bokken/build/output/unity/unity/Modules/UIElements/Core/Panel.cs:723)
UnityEngine.UIElements.VisualElement:SendEvent (UnityEngine.UIElements.EventBase) (at /home/bokken/build/output/unity/unity/Modules/UIElements/Core/VisualElement.cs:2185)
UnityEngine.UIElements.DefaultEventSystem:SendPositionBasedEvent<System.ValueTuple`3<UnityEngine.InputForUI.PointerEvent, int, single>> (UnityEngine.Vector3,UnityEngine.Vector3,int,System.Nullable`1<int>,System.Func`3<UnityEngine.Vector3, System.ValueTuple`3<UnityEngine.InputForUI.PointerEvent, int, single>, UnityEngine.UIElements.EventBase>,System.ValueTuple`3<UnityEngine.InputForUI.PointerEvent, int, single>,bool) (at /home/bokken/build/output/unity/unity/Modules/UIElements/Core/GameObjects/DefaultEventSystem.cs:293)
UnityEngine.UIElements.DefaultEventSystem/InputForUIProcessor:ProcessPointerEvent (UnityEngine.InputForUI.PointerEvent) (at /home/bokken/build/output/unity/unity/Modules/UIElements/Core/GameObjects/DefaultEventSystem.InputForUIProcessor.cs:211)
UnityEngine.UIElements.DefaultEventSystem/InputForUIProcessor:ProcessInputForUIEvents () (at /home/bokken/build/output/unity/unity/Modules/UIElements/Core/GameObjects/DefaultEventSystem.InputForUIProcessor.cs:52)
UnityEngine.UIElements.DefaultEventSystem:Update (UnityEngine.UIElements.DefaultEventSystem/UpdateMode) (at /home/bokken/build/output/unity/unity/Modules/UIElements/Core/GameObjects/DefaultEventSystem.cs:75)
UnityEngine.UIElements.UIElementsRuntimeUtility:_UpdateEventSystem () (at /home/bokken/build/output/unity/unity/Modules/UIElements/Core/UIElementsRuntimeUtility.cs:341)
UnityEngine.UIElements.UIElementsRuntimeUtility:UpdatePanels () (at /home/bokken/build/output/unity/unity/Modules/UIElements/Core/UIElementsRuntimeUtility.cs:317)
UnityEngine.UIElements.UIElementsRuntimeUtilityNative:UpdatePanels () (at /home/bokken/build/output/unity/unity/Modules/UIElements/Core/Native/UIElementsUtility.bindings.cs:18)

(Filename: Assets/Scripts/SettingsMenuSwitchScript.cs Line: 73)

TabView found
UnityEngine.Debug:ExtractStackTraceNoAlloc (byte*,int,string)
UnityEngine.StackTraceUtility:ExtractStackTrace () (at /home/bokken/build/output/unity/unity/Runtime/Export/Scripting/StackTrace.cs:35)
UnityEngine.DebugLogHandler:Internal_Log (UnityEngine.LogType,UnityEngine.LogOption,string,UnityEngine.Object)
UnityEngine.DebugLogHandler:LogFormat (UnityEngine.LogType,UnityEngine.Object,string,object[])
UnityEngine.Logger:Log (UnityEngine.LogType,object)
UnityEngine.Debug:Log (object)
SettingsMenuSwitchScript:OnActiveTabChanged (UnityEngine.UIElements.Tab,UnityEngine.UIElements.Tab) (at Assets/Scripts/SettingsMenuSwitchScript.cs:74)
UnityEngine.UIElements.TabView:set_activeTab (UnityEngine.UIElements.Tab) (at /home/bokken/build/output/unity/unity/Modules/UIElements/Core/Controls/TabView.cs:259)
UnityEngine.UIElements.TabView:OnTabSelected (UnityEngine.UIElements.Tab) (at /home/bokken/build/output/unity/unity/Modules/UIElements/Core/Controls/TabView.cs:526)
UnityEngine.UIElements.Tab:OnTabClicked (UnityEngine.UIElements.PointerDownEvent) (at /home/bokken/build/output/unity/unity/Modules/UIElements/Core/Controls/Tab.cs:472)
UnityEngine.UIElements.EventCallbackFunctor`1<UnityEngine.UIElements.PointerDownEvent>:Invoke (UnityEngine.UIElements.EventBase) (at /home/bokken/build/output/unity/unity/Modules/UIElements/Core/Events/EventCallback.cs:64)
UnityEngine.UIElements.EventCallbackRegistry/DynamicCallbackList:Invoke (UnityEngine.UIElements.EventBase,UnityEngine.UIElements.BaseVisualElementPanel,UnityEngine.UIElements.VisualElement) (at /home/bokken/build/output/unity/unity/Modules/UIElements/Core/Events/EventCallbackRegistry.cs:298)
UnityEngine.UIElements.EventDispatchUtilities:HandleEventAcrossPropagationPathWithCompatibilityEvent (UnityEngine.UIElements.EventBase,UnityEngine.UIElements.EventBase,UnityEngine.UIElements.BaseVisualElementPanel,UnityEngine.UIElements.VisualElement,bool) (at /home/bokken/build/output/unity/unity/Modules/UIElements/Core/Events/EventDispatchUtilities.cs:334)
UnityEngine.UIElements.EventDispatchUtilities:DispatchToElementUnderPointerOrPanelRoot (UnityEngine.UIElements.EventBase,UnityEngine.UIElements.BaseVisualElementPanel,int,UnityEngine.Vector2) (at /home/bokken/build/output/unity/unity/Modules/UIElements/Core/Events/EventDispatchUtilities.cs:532)
UnityEngine.UIElements.EventDispatchUtilities:DispatchToCapturingElementOrElementUnderPointer (UnityEngine.UIElements.EventBase,UnityEngine.UIElements.BaseVisualElementPanel,int,UnityEngine.Vector2) (at /home/bokken/build/output/unity/unity/Modules/UIElements/Core/Events/EventDispatchUtilities.cs:569)
UnityEngine.UIElements.PointerDownEvent:Dispatch (UnityEngine.UIElements.BaseVisualElementPanel) (at /home/bokken/build/output/unity/unity/Modules/UIElements/Core/Events/PointerEvents.cs:1437)
UnityEngine.UIElements.EventDispatcher:ProcessEvent (UnityEngine.UIElements.EventBase,UnityEngine.UIElements.BaseVisualElementPanel) (at /home/bokken/build/output/unity/unity/Modules/UIElements/Core/EventDispatcher.cs:420)
UnityEngine.UIElements.EventDispatcher:Dispatch (UnityEngine.UIElements.EventBase,UnityEngine.UIElements.BaseVisualElementPanel,UnityEngine.UIElements.DispatchMode) (at /home/bokken/build/output/unity/unity/Modules/UIElements/Core/EventDispatcher.cs:216)
UnityEngine.UIElements.BaseVisualElementPanel:SendEvent (UnityEngine.UIElements.EventBase,UnityEngine.UIElements.DispatchMode) (at /home/bokken/build/output/unity/unity/Modules/UIElements/Core/Panel.cs:723)
UnityEngine.UIElements.VisualElement:SendEvent (UnityEngine.UIElements.EventBase) (at /home/bokken/build/output/unity/unity/Modules/UIElements/Core/VisualElement.cs:2185)
UnityEngine.UIElements.DefaultEventSystem:SendPositionBasedEvent<System.ValueTuple`3<UnityEngine.InputForUI.PointerEvent, int, single>> (UnityEngine.Vector3,UnityEngine.Vector3,int,System.Nullable`1<int>,System.Func`3<UnityEngine.Vector3, System.ValueTuple`3<UnityEngine.InputForUI.PointerEvent, int, single>, UnityEngine.UIElements.EventBase>,System.ValueTuple`3<UnityEngine.InputForUI.PointerEvent, int, single>,bool) (at /home/bokken/build/output/unity/unity/Modules/UIElements/Core/GameObjects/DefaultEventSystem.cs:293)
UnityEngine.UIElements.DefaultEventSystem/InputForUIProcessor:ProcessPointerEvent (UnityEngine.InputForUI.PointerEvent) (at /home/bokken/build/output/unity/unity/Modules/UIElements/Core/GameObjects/DefaultEventSystem.InputForUIProcessor.cs:211)
UnityEngine.UIElements.DefaultEventSystem/InputForUIProcessor:ProcessInputForUIEvents () (at /home/bokken/build/output/unity/unity/Modules/UIElements/Core/GameObjects/DefaultEventSystem.InputForUIProcessor.cs:52)
UnityEngine.UIElements.DefaultEventSystem:Update (UnityEngine.UIElements.DefaultEventSystem/UpdateMode) (at /home/bokken/build/output/unity/unity/Modules/UIElements/Core/GameObjects/DefaultEventSystem.cs:75)
UnityEngine.UIElements.UIElementsRuntimeUtility:_UpdateEventSystem () (at /home/bokken/build/output/unity/unity/Modules/UIElements/Core/UIElementsRuntimeUtility.cs:341)
UnityEngine.UIElements.UIElementsRuntimeUtility:UpdatePanels () (at /home/bokken/build/output/unity/unity/Modules/UIElements/Core/UIElementsRuntimeUtility.cs:317)
UnityEngine.UIElements.UIElementsRuntimeUtilityNative:UpdatePanels () (at /home/bokken/build/output/unity/unity/Modules/UIElements/Core/Native/UIElementsUtility.bindings.cs:18)

(Filename: Assets/Scripts/SettingsMenuSwitchScript.cs Line: 74)

Unloading 12 Unused Serialized files (Serialized files now loaded: 0)
Loaded scene 'Temp/__Backupscenes/0.backup'
	Deserialize:            1.505 ms
	Integration:            194.532 ms
	Integration of assets:  0.001 ms
	Thread Wait Time:       0.006 ms
	Total Operation Time:   196.044 ms
Unloading 63 unused Assets / (17.0 MB). Loaded Objects now: 9465.
Memory consumption went from 430.0 MB to 412.9 MB.
Total: 28.592521 ms (FindLiveObjects: 0.295839 ms CreateObjectMapping: 0.824629 ms MarkObjects: 22.520380 ms  DeleteObjects: 4.949602 ms)

Asset Pipeline Refresh (id=65eb2b3da4e659467ad0afec8610cada): Total: 0.058 seconds - Initiated by RefreshV2(AllowForceSynchronousImport)
[ScriptCompilation] Requested script compilation because: AssetDatabase observed changes in script compilation related files
[Licensing::Client] Successfully resolved entitlement details
info: Microsoft.AspNetCore.Hosting.Diagnostics[1]
      Request starting HTTP/2 POST http://ilpp/UnityILPP.PostProcessing/Ping - application/grpc -
info: Microsoft.AspNetCore.Routing.EndpointMiddleware[0]
      Executing endpoint 'gRPC - /UnityILPP.PostProcessing/Ping'
info: Microsoft.AspNetCore.Routing.EndpointMiddleware[1]
      Executed endpoint 'gRPC - /UnityILPP.PostProcessing/Ping'
info: Microsoft.AspNetCore.Hosting.Diagnostics[2]
      Request finished HTTP/2 POST http://ilpp/UnityILPP.PostProcessing/Ping - 200 - application/grpc 0.6000ms
Starting: /home/soul514y3r/Unity/Hub/Editor/6000.5.7f1/Editor/Data/Tools/BuildPipeline/bee_backend --ipc --defer-dag-verification --dagfile="Library/Bee/2400b0aE.dag" --continue-on-failure --profile="Library/Bee/backend1.traceevents" ScriptAssemblies
WorkingDir: /home/soul514y3r/Unity/Projects/Testing
info: Microsoft.AspNetCore.Hosting.Diagnostics[1]
      Request starting HTTP/2 POST http://ilpp/UnityILPP.PostProcessing/ConfigurePostProcessors - application/grpc -
info: Microsoft.AspNetCore.Routing.EndpointMiddleware[0]
      Executing endpoint 'gRPC - /UnityILPP.PostProcessing/ConfigurePostProcessors'
info: Unity.ILPP.Runner.PostProcessingAssemblyLoadContext[0]
      Current configuration matches the requested one, skipping
info: Microsoft.AspNetCore.Routing.EndpointMiddleware[1]
      Executed endpoint 'gRPC - /UnityILPP.PostProcessing/ConfigurePostProcessors'
info: Microsoft.AspNetCore.Hosting.Diagnostics[2]
      Request finished HTTP/2 POST http://ilpp/UnityILPP.PostProcessing/ConfigurePostProcessors - 200 - application/grpc 0.6702ms
info: Microsoft.AspNetCore.Hosting.Diagnostics[1]
      Request starting HTTP/2 POST http://ilpp/UnityILPP.PostProcessing/PostProcessAssembly - application/grpc -
info: Microsoft.AspNetCore.Routing.EndpointMiddleware[0]
      Executing endpoint 'gRPC - /UnityILPP.PostProcessing/PostProcessAssembly'
info: Unity.ILPP.Runner.PostProcessingPipeline[0]
      Processing assembly Library/Bee/artifacts/2400b0aE.dag/Assembly-CSharp.dll, with 133 defines and 356 references
info: Unity.ILPP.Runner.PostProcessingPipeline[0]
      processors: Unity.Jobs.CodeGen.JobsILPostProcessor, zzzUnity.Burst.CodeGen.BurstILPostProcessor
info: Unity.ILPP.Runner.PostProcessingPipeline[0]
      running Unity.Jobs.CodeGen.JobsILPostProcessor
info: Unity.ILPP.Runner.PostProcessingAssemblyLoadContext[0]
      Resolved Unity.Collections, Version=0.0.0.0, Culture=neutral, PublicKeyToken=null with Library/Bee/artifacts/2400b0aE.dag/Unity.Collections.dll
info: Unity.ILPP.Runner.PostProcessingAssemblyLoadContext[0]
      Resolved UnityEditor.CoreModule, Version=0.0.0.0, Culture=neutral, PublicKeyToken=null with /home/soul514y3r/Unity/Hub/Editor/6000.5.7f1/Editor/Data/Managed/UnityEngine/UnityEditor.CoreModule.dll
info: Unity.ILPP.Runner.PostProcessingAssemblyLoadContext[0]
      Resolved UnityEngine.CoreModule, Version=0.0.0.0, Culture=neutral, PublicKeyToken=null with /home/soul514y3r/Unity/Hub/Editor/6000.5.7f1/Editor/Data/Managed/UnityEngine/UnityEngine.CoreModule.dll
info: Unity.ILPP.Runner.PostProcessingAssemblyLoadContext[0]
      Resolved Unity.Scripting, Version=0.0.0.0, Culture=neutral, PublicKeyToken=null with /home/soul514y3r/Unity/Hub/Editor/6000.5.7f1/Editor/Data/Managed/UnityEngine/Unity.Scripting.dll
info: Unity.ILPP.Runner.PostProcessingPipeline[0]
      running zzzUnity.Burst.CodeGen.BurstILPostProcessor
info: Microsoft.AspNetCore.Hosting.Diagnostics[1]
      Request starting HTTP/2 POST http://ilpp/UnityILPP.PostProcessing/PostProcessAssembly - application/grpc -
info: Microsoft.AspNetCore.Routing.EndpointMiddleware[0]
      Executing endpoint 'gRPC - /UnityILPP.PostProcessing/PostProcessAssembly'
info: Unity.ILPP.Runner.PostProcessingPipeline[0]
      Processing assembly Library/Bee/artifacts/2400b0aE.dag/Assembly-CSharp-Editor.dll, with 131 defines and 381 references
info: Unity.ILPP.Runner.PostProcessingPipeline[0]
      processors: Unity.Jobs.CodeGen.JobsILPostProcessor, zzzUnity.Burst.CodeGen.BurstILPostProcessor
info: Unity.ILPP.Runner.PostProcessingPipeline[0]
      running Unity.Jobs.CodeGen.JobsILPostProcessor
info: Unity.ILPP.Runner.PostProcessingPipeline[0]
      running zzzUnity.Burst.CodeGen.BurstILPostProcessor
info: Unity.ILPP.Runner.PostProcessingAssemblyLoadContext[0]
      Resolved Unity.Burst.Cecil.Rocks, Version=0.11.6.0, Culture=neutral, PublicKeyToken=50cebf1cceb9d05e with Library/PackageCache/com.unity.burst@2f3d916873ea/Unity.Burst.CodeGen/Unity.Burst.Cecil.Rocks.dll
info: Microsoft.AspNetCore.Routing.EndpointMiddleware[1]
      Executed endpoint 'gRPC - /UnityILPP.PostProcessing/PostProcessAssembly'
info: Microsoft.AspNetCore.Routing.EndpointMiddleware[1]
      Executed endpoint 'gRPC - /UnityILPP.PostProcessing/PostProcessAssembly'
info: Microsoft.AspNetCore.Hosting.Diagnostics[2]
      Request finished HTTP/2 POST http://ilpp/UnityILPP.PostProcessing/PostProcessAssembly - 200 - application/grpc 254.3949ms
info: Microsoft.AspNetCore.Hosting.Diagnostics[2]
      Request finished HTTP/2 POST http://ilpp/UnityILPP.PostProcessing/PostProcessAssembly - 200 - application/grpc 56.4679ms
ExitCode: 0 Duration: 1s373ms
[ 814/1078  0s] ILPP-Configuration Library/ilpp-configuration.nevergeneratedoutput
[1070/1078  1s] Csc Library/Bee/artifacts/2400b0aE.dag/Assembly-CSharp.dll (+2 others)
[1071/1078  0s] Csc Library/Bee/artifacts/2400b0aE.dag/Assembly-CSharp-Editor.dll (+2 others)
[1072/1078  0s] ILPostProcess Library/Bee/artifacts/2400b0aE.dag/post-processed/Assembly-CSharp-Editor.dll (+pdb)
Processing assembly Library/Bee/artifacts/2400b0aE.dag/Assembly-CSharp-Editor.dll, with 131 defines and 381 references
processors: Unity.Jobs.CodeGen.JobsILPostProcessor, zzzUnity.Burst.CodeGen.BurstILPostProcessor
running Unity.Jobs.CodeGen.JobsILPostProcessor
running zzzUnity.Burst.CodeGen.BurstILPostProcessor
[1073/1078  0s] ILPostProcess Library/Bee/artifacts/2400b0aE.dag/post-processed/Assembly-CSharp.dll (+pdb)
Processing assembly Library/Bee/artifacts/2400b0aE.dag/Assembly-CSharp.dll, with 133 defines and 356 references
processors: Unity.Jobs.CodeGen.JobsILPostProcessor, zzzUnity.Burst.CodeGen.BurstILPostProcessor
running Unity.Jobs.CodeGen.JobsILPostProcessor
running zzzUnity.Burst.CodeGen.BurstILPostProcessor
[1074/1078  0s] CopyFiles Library/ScriptAssemblies/Assembly-CSharp-Editor.dll
[1075/1078  0s] CopyFiles Library/ScriptAssemblies/Assembly-CSharp.dll
[1076/1078  0s] CopyFiles Library/ScriptAssemblies/Assembly-CSharp-Editor.pdb
[1077/1078  0s] CopyFiles Library/ScriptAssemblies/Assembly-CSharp.pdb
*** Tundra build success (1.34 seconds), 9 items updated, 1078 evaluated
Total cache size 75888160
Total cache size after purge 75888160, took 00:00:00.0166231
Reloading assemblies after forced synchronous recompile.
Begin MonoManager ReloadAssembly
Native extension for LinuxStandalone target not found
Native extension for WebGL target not found
[MODES] ModeService[none].Initialize
[MODES] ModeService[none].LoadModes
ScheduleIndexationOnStartup MainProcess:True IndexOnStartup:True
Mono: successfully reloaded assembly
- Finished resetting the current domain, in  1.181 seconds
Domain Reload Profiling: 2051ms
	BeginReloadAssembly (592ms)
		DisableScriptedObjects (94ms)
		CreateAndSetChildDomain (348ms)
	RebuildCommonClasses (6ms)
	RebuildNativeTypeToScriptingClass (7ms)
	initialDomainReloadingComplete (31ms)
	LoadAllAssembliesAndSetupDomain (233ms)
		LoadAssemblies (61ms)
		AnalyzeDomain (138ms)
			TypeCache.Refresh (9ms)
			BuildScriptInfoCaches (112ms)
			ResolveRequiredComponents (16ms)
	FinalizeReload (1182ms)
		SetupLoadedEditorAssemblies (0ms)
			InitializePlatformSupportModulesInManaged (7ms)
			BeforeProcessingInitializeOnLoad (160ms)
			ProcessInitializeOnLoadAttributes (271ms)
			ProcessInitializeOnLoadMethodAttributes (68ms)
			AfterProcessingInitializeOnLoad (4ms)
		AwakeInstancesAfterBackupRestoration (327ms)

Asset Pipeline Refresh (id=12d9b7dc7217e2539bc9c35ef6167f79): Total: 4.000 seconds - Initiated by RefreshV2(AllowForceSynchronousImport)
	(Values over 0.05ms)
	Summary:
		Imports: total=0 (actual=0, local cache=0, cache server=0)
		Asset DB Process Time: managed=0 ms, native=1578 ms
		Asset DB Callback time: managed=36 ms, native=3 ms
		Scripting: domain reloads=1, domain reload time=892 ms, compile time=1489 ms, other=0 ms
		Project Asset Count: scripts=1616, non-scripts=3160
		Asset File Changes: new=0, changed=1, moved=0, deleted=0
		Scan Filter Count: 1
	InvokePackagesCallback: 0.272ms
	ApplyChangesToAssetFolders: 0.285ms
	Scan: 287.057ms
	Collect global state as custom dependencies: 1.992ms
	ProcessAssetsWithTransientArtifactChanges: 3.814ms
	CategorizeAssets: 39.624ms
	CompileScripts: 1488.807ms
	ImportOutOfDateAssets: 1218.230ms (1194.728ms without children)
		CollectScriptTypesHashes: 1.065ms
		ReloadNativeAssets: 0.635ms
		UnloadImportedAssets: 1.249ms
		EnsureUptoDateAssetsAreRegisteredWithGuidPM: 0.486ms
		ImportSchedulerStart: 21.110ms
	PostProcessAllAssets: 37.382ms
		XRBuildSystem.XRAssetImported 0.446ms
		MonoPostProcessAllAssets: 36.657ms
			UniversalRenderPipelineGlobalSettingsPostprocessor.OnPostprocessAllAssets 5.624ms
			SyncVS.PostprocessSyncProject 4.194ms
			BuilderAssetPostprocessor.OnPostprocessAllAssets 3.746ms
			AssetChangedListener.OnPostprocessAllAssets 3.489ms
			AssetPostprocessor.OnPostprocessAllAssets 2.116ms
			SpriteSlicePostprocessor.OnPostprocessAllAssets 1.327ms
			WindowAssetPostprocessingWatcher.OnPostprocessAllAssets 1.094ms
			SpeedTree9Postprocessor.OnPostprocessAllAssets 1.045ms
			ShaderGraphAssetPostProcessor.OnPostprocessAllAssets 0.794ms
			RetainedModeAssetPostprocessor.OnPostprocessAllAssets 0.688ms
			EditModeScopePostprocessor.OnPostprocessAllAssets 0.549ms
			MaterialPostprocessor.OnPostprocessAllAssets 0.451ms
			ProjectSettingsPostprocessor.OnPostprocessAllAssets 0.430ms
			RenderPipelineGlobalSettingsPostprocessor.OnPostprocessAllAssets 0.387ms
			SpriteEditorTexturePostprocessor.OnPostprocessAllAssets 0.352ms
			ArtifactBrowserPostProcessor.OnPostprocessAllAssets 0.337ms
			TMPro_TexturePostProcessor.OnPostprocessAllAssets 0.321ms
			UVCSAssetPostprocessor.OnPostprocessAllAssets 0.249ms
			SpriteShapeAssetPostProcessor.OnPostprocessAllAssets 0.244ms
			InputActionAssetPostprocessor.OnPostprocessAllAssets 0.213ms
			ShaderReflectionAssetPostProcessor.OnPostprocessAllAssets 0.187ms
			TextAssetPostProcessor.OnPostprocessAllAssets 0.182ms
			AudioMixerPostprocessor.OnPostprocessAllAssets 0.179ms
			InputActionJsonNameModifierAssetProcessor.OnPostprocessAllAssets 0.160ms
			SampleDependencyImporterPostProcessor.OnPostprocessAllAssets 0.151ms
			ReferencedClipsPostProcessor.OnPostprocessAllAssets 0.151ms
			AssetEvents.OnPostprocessAllAssets 0.125ms
			PostProcessor.OnPostprocessAllAssets 0.121ms
			StyleCatalogPostProcessor.OnPostprocessAllAssets 0.116ms
			SpriteLibraryAssetPostprocessor.OnPostprocessAllAssets 0.114ms
			SpeedTreePostProcessor.OnPostprocessAllAssets 0.088ms
			TerrainToolbarOverlayPostProcessor.OnPostprocessAllAssets 0.083ms
			AssetDatabaseCallbacks.OnPostprocessAllAssets 0.083ms
			ConfigAssetsTracker.OnPostprocessAllAssets 0.079ms
			SamplePostprocessor.OnPostprocessAllAssets 0.077ms
			PSDImportPostProcessor.OnPostprocessAllAssets 0.069ms
			ScenarioDriftAssetsTracker.OnPostprocessAllAssets 0.061ms
			AssetReloadNotifier.OnPostprocessAllAssets 0.059ms
	PostAssetChangesProfiler: 2.982ms
	GatherAllCurrentPrimaryImportResultRevisions: 0.136ms
	PersistCurrentRevisions: 0.111ms
	GenerateScriptTypeHashes: 2.147ms
	GenerateScriptTypeSerializationHashes: 3.490ms
	Untracked: 917.613ms

[Licensing::Client] Successfully resolved entitlement details
[Licensing::Client] Successfully resolved entitlement details
[Licensing::Client] Successfully resolved entitlement details
Asset Pipeline Refresh (id=cbf32de249d5f9b28aa33333eac53f9f): Total: 0.067 seconds - Initiated by RefreshV2(ForceSynchronousImport)
[Licensing::Client] Successfully resolved entitlement details
Asset Pipeline Refresh (id=8ce5b5500b0beab96aa88abe62788f15): Total: 0.059 seconds - Initiated by RefreshV2(ForceSynchronousImport)
SpriteAtlasPacking completed in 0.003630 sec
Entering Playmode with Reload Domain disabled.
If you experience any issues, please disable "Enter Play Mode Options" in Editor Settings
Loaded scene 'Temp/__Backupscenes/0.backup'
	Deserialize:            34.529 ms
	Integration:            589.027 ms
	Integration of assets:  0.020 ms
	Thread Wait Time:       -0.014 ms
	Total Operation Time:   623.563 ms
Button found
UnityEngine.Debug:ExtractStackTraceNoAlloc (byte*,int,string)
UnityEngine.StackTraceUtility:ExtractStackTrace () (at /home/bokken/build/output/unity/unity/Runtime/Export/Scripting/StackTrace.cs:35)
UnityEngine.DebugLogHandler:Internal_Log (UnityEngine.LogType,UnityEngine.LogOption,string,UnityEngine.Object)
UnityEngine.DebugLogHandler:LogFormat (UnityEngine.LogType,UnityEngine.Object,string,object[])
UnityEngine.Logger:Log (UnityEngine.LogType,object)
UnityEngine.Debug:Log (object)
SettingsMenuSwitchScript:OnUIReload (UnityEngine.UIElements.PanelRenderer,UnityEngine.UIElements.VisualElement) (at Assets/Scripts/SettingsMenuSwitchScript.cs:50)
UnityEngine.UIElements.PanelRenderer:InvokeUIReloadCallbacks () (at /home/bokken/build/output/unity/unity/Modules/UIElements/Core/Native/Renderer/PanelRenderer.bindings.cs:225)
UnityEngine.UIElements.PanelRenderer:AddRootVisualElementToTree () (at /home/bokken/build/output/unity/unity/Modules/UIElements/Core/Native/Renderer/PanelRenderer.bindings.cs:610)
UnityEngine.UIElements.PanelRenderer:ReactToHierarchyChanges () (at /home/bokken/build/output/unity/unity/Modules/UIElements/Core/Native/Renderer/PanelRenderer.bindings.cs:653)
UnityEngine.UIElements.UIElementsRuntimeUtility:PreUpdatePanelRenderers () (at /home/bokken/build/output/unity/unity/Modules/UIElements/Core/UIElementsRuntimeUtility.cs:401)
UnityEngine.UIElements.UIElementsRuntimeUtility:UpdatePanels () (at /home/bokken/build/output/unity/unity/Modules/UIElements/Core/UIElementsRuntimeUtility.cs:296)
UnityEngine.UIElements.UIElementsRuntimeUtilityNative:UpdatePanels () (at /home/bokken/build/output/unity/unity/Modules/UIElements/Core/Native/UIElementsUtility.bindings.cs:18)

(Filename: Assets/Scripts/SettingsMenuSwitchScript.cs Line: 50)

TabView found
UnityEngine.Debug:ExtractStackTraceNoAlloc (byte*,int,string)
UnityEngine.StackTraceUtility:ExtractStackTrace () (at /home/bokken/build/output/unity/unity/Runtime/Export/Scripting/StackTrace.cs:35)
UnityEngine.DebugLogHandler:Internal_Log (UnityEngine.LogType,UnityEngine.LogOption,string,UnityEngine.Object)
UnityEngine.DebugLogHandler:LogFormat (UnityEngine.LogType,UnityEngine.Object,string,object[])
UnityEngine.Logger:Log (UnityEngine.LogType,object)
UnityEngine.Debug:Log (object)
SettingsMenuSwitchScript:OnUIReload (UnityEngine.UIElements.PanelRenderer,UnityEngine.UIElements.VisualElement) (at Assets/Scripts/SettingsMenuSwitchScript.cs:51)
UnityEngine.UIElements.PanelRenderer:InvokeUIReloadCallbacks () (at /home/bokken/build/output/unity/unity/Modules/UIElements/Core/Native/Renderer/PanelRenderer.bindings.cs:225)
UnityEngine.UIElements.PanelRenderer:AddRootVisualElementToTree () (at /home/bokken/build/output/unity/unity/Modules/UIElements/Core/Native/Renderer/PanelRenderer.bindings.cs:610)
UnityEngine.UIElements.PanelRenderer:ReactToHierarchyChanges () (at /home/bokken/build/output/unity/unity/Modules/UIElements/Core/Native/Renderer/PanelRenderer.bindings.cs:653)
UnityEngine.UIElements.UIElementsRuntimeUtility:PreUpdatePanelRenderers () (at /home/bokken/build/output/unity/unity/Modules/UIElements/Core/UIElementsRuntimeUtility.cs:401)
UnityEngine.UIElements.UIElementsRuntimeUtility:UpdatePanels () (at /home/bokken/build/output/unity/unity/Modules/UIElements/Core/UIElementsRuntimeUtility.cs:296)
UnityEngine.UIElements.UIElementsRuntimeUtilityNative:UpdatePanels () (at /home/bokken/build/output/unity/unity/Modules/UIElements/Core/Native/UIElementsUtility.bindings.cs:18)

(Filename: Assets/Scripts/SettingsMenuSwitchScript.cs Line: 51)

Unloading 11 Unused Serialized files (Serialized files now loaded: 0)
Loaded scene 'Temp/__Backupscenes/0.backup'
	Deserialize:            1.110 ms
	Integration:            166.714 ms
	Integration of assets:  0.001 ms
	Thread Wait Time:       0.003 ms
	Total Operation Time:   167.827 ms
Unloading 17 unused Assets / (212.0 KB). Loaded Objects now: 9601.
Memory consumption went from 403.1 MB to 402.9 MB.
Total: 17.549591 ms (FindLiveObjects: 0.305912 ms CreateObjectMapping: 0.656991 ms MarkObjects: 16.557039 ms  DeleteObjects: 0.028833 ms)

[Licensing::Client] Successfully resolved entitlement details
Asset Pipeline Refresh (id=91d66192c99ad0bc1831193ce2dac972): Total: 0.079 seconds - Initiated by RefreshV2(AllowForceSynchronousImport)
Importing 'GUID: 8c9cfa26abfee488c85f1582747f6a02 - Path: Assets/Scenes/SampleScene.unity' with importer (DefaultImporter)
Imported 'GUID: 8c9cfa26abfee488c85f1582747f6a02' -> (Import Result ID: '18f723a1b772aad965050777b84a5819') in 0.007 seconds [static dependencies only]. Details - ImportResultOutputID=d9e1b38d15056e7131fe2ca7dd7db718 DependenciesID=00f116342df1fbf30f0ee2827c34c026 StaticDependenciesID=4c0f04aef136e37b00d55a2625221393 
Asset Pipeline Refresh (id=3aba927cbbe4226d7b139c1a4f720066): Total: 0.076 seconds - Initiated by StopAssetImportingV2(NoUpdateAssetOptions)
Importing 'GUID: 8c9cfa26abfee488c85f1582747f6a02 - Path: Assets/Scenes/SampleScene.unity' with importer (DefaultImporter)
Imported 'GUID: 8c9cfa26abfee488c85f1582747f6a02' -> (Import Result ID: '07d27faa7358dd7b220e6fed874bccde') in 0.001 seconds [static dependencies only]. Details - ImportResultOutputID=d9e1b38d15056e7131fe2ca7dd7db718 DependenciesID=e06636c19b6318ab921bf3b2c66145a0 StaticDependenciesID=307c2d37e6d126e955bf0b1b36930cca 
Asset Pipeline Refresh (id=c30a432dbdb080ebfb1817248664f522): Total: 0.057 seconds - Initiated by StopAssetImportingV2(NoUpdateAssetOptions)
[ScriptCompilation] Requested script compilation because: AssetDatabase observed changes in script compilation related files
info: Microsoft.AspNetCore.Hosting.Diagnostics[1]
      Request starting HTTP/2 POST http://ilpp/UnityILPP.PostProcessing/Ping - application/grpc -
info: Microsoft.AspNetCore.Routing.EndpointMiddleware[0]
      Executing endpoint 'gRPC - /UnityILPP.PostProcessing/Ping'
info: Microsoft.AspNetCore.Routing.EndpointMiddleware[1]
      Executed endpoint 'gRPC - /UnityILPP.PostProcessing/Ping'
info: Microsoft.AspNetCore.Hosting.Diagnostics[2]
      Request finished HTTP/2 POST http://ilpp/UnityILPP.PostProcessing/Ping - 200 - application/grpc 0.2892ms
Starting: /home/soul514y3r/Unity/Hub/Editor/6000.5.7f1/Editor/Data/Tools/BuildPipeline/bee_backend --ipc --defer-dag-verification --dagfile="Library/Bee/2400b0aE.dag" --continue-on-failure --profile="Library/Bee/backend1.traceevents" ScriptAssemblies
WorkingDir: /home/soul514y3r/Unity/Projects/Testing
info: Microsoft.AspNetCore.Hosting.Diagnostics[1]
      Request starting HTTP/2 POST http://ilpp/UnityILPP.PostProcessing/ConfigurePostProcessors - application/grpc -
info: Microsoft.AspNetCore.Routing.EndpointMiddleware[0]
      Executing endpoint 'gRPC - /UnityILPP.PostProcessing/ConfigurePostProcessors'
info: Unity.ILPP.Runner.PostProcessingAssemblyLoadContext[0]
      Current configuration matches the requested one, skipping
info: Microsoft.AspNetCore.Routing.EndpointMiddleware[1]
      Executed endpoint 'gRPC - /UnityILPP.PostProcessing/ConfigurePostProcessors'
info: Microsoft.AspNetCore.Hosting.Diagnostics[2]
      Request finished HTTP/2 POST http://ilpp/UnityILPP.PostProcessing/ConfigurePostProcessors - 200 - application/grpc 0.3884ms
info: Microsoft.AspNetCore.Hosting.Diagnostics[1]
      Request starting HTTP/2 POST http://ilpp/UnityILPP.PostProcessing/PostProcessAssembly - application/grpc -
info: Microsoft.AspNetCore.Routing.EndpointMiddleware[0]
      Executing endpoint 'gRPC - /UnityILPP.PostProcessing/PostProcessAssembly'
info: Unity.ILPP.Runner.PostProcessingPipeline[0]
      Processing assembly Library/Bee/artifacts/2400b0aE.dag/Assembly-CSharp.dll, with 133 defines and 356 references
info: Unity.ILPP.Runner.PostProcessingPipeline[0]
      processors: Unity.Jobs.CodeGen.JobsILPostProcessor, zzzUnity.Burst.CodeGen.BurstILPostProcessor
info: Unity.ILPP.Runner.PostProcessingPipeline[0]
      running Unity.Jobs.CodeGen.JobsILPostProcessor
info: Microsoft.AspNetCore.Hosting.Diagnostics[1]
      Request starting HTTP/2 POST http://ilpp/UnityILPP.PostProcessing/PostProcessAssembly - application/grpc -
info: Microsoft.AspNetCore.Routing.EndpointMiddleware[0]
      Executing endpoint 'gRPC - /UnityILPP.PostProcessing/PostProcessAssembly'
info: Unity.ILPP.Runner.PostProcessingPipeline[0]
      Processing assembly Library/Bee/artifacts/2400b0aE.dag/Assembly-CSharp-Editor.dll, with 131 defines and 381 references
info: Unity.ILPP.Runner.PostProcessingPipeline[0]
      processors: Unity.Jobs.CodeGen.JobsILPostProcessor, zzzUnity.Burst.CodeGen.BurstILPostProcessor
info: Unity.ILPP.Runner.PostProcessingPipeline[0]
      running Unity.Jobs.CodeGen.JobsILPostProcessor
info: Unity.ILPP.Runner.PostProcessingPipeline[0]
      running zzzUnity.Burst.CodeGen.BurstILPostProcessor
info: Unity.ILPP.Runner.PostProcessingPipeline[0]
      running zzzUnity.Burst.CodeGen.BurstILPostProcessor
info: Microsoft.AspNetCore.Routing.EndpointMiddleware[1]
      Executed endpoint 'gRPC - /UnityILPP.PostProcessing/PostProcessAssembly'
info: Microsoft.AspNetCore.Hosting.Diagnostics[2]
      Request finished HTTP/2 POST http://ilpp/UnityILPP.PostProcessing/PostProcessAssembly - 200 - application/grpc 23.4728ms
info: Microsoft.AspNetCore.Routing.EndpointMiddleware[1]
      Executed endpoint 'gRPC - /UnityILPP.PostProcessing/PostProcessAssembly'
info: Microsoft.AspNetCore.Hosting.Diagnostics[2]
      Request finished HTTP/2 POST http://ilpp/UnityILPP.PostProcessing/PostProcessAssembly - 200 - application/grpc 21.6715ms
ExitCode: 0 Duration: 0s270ms
[ 814/1078  0s] ILPP-Configuration Library/ilpp-configuration.nevergeneratedoutput
[1070/1078  0s] Csc Library/Bee/artifacts/2400b0aE.dag/Assembly-CSharp.dll (+2 others)
[1072/1078  0s] ILPostProcess Library/Bee/artifacts/2400b0aE.dag/post-processed/Assembly-CSharp.dll (+pdb)
Processing assembly Library/Bee/artifacts/2400b0aE.dag/Assembly-CSharp.dll, with 133 defines and 356 references
processors: Unity.Jobs.CodeGen.JobsILPostProcessor, zzzUnity.Burst.CodeGen.BurstILPostProcessor
running Unity.Jobs.CodeGen.JobsILPostProcessor
running zzzUnity.Burst.CodeGen.BurstILPostProcessor
[1073/1078  0s] ILPostProcess Library/Bee/artifacts/2400b0aE.dag/post-processed/Assembly-CSharp-Editor.dll (+pdb)
Processing assembly Library/Bee/artifacts/2400b0aE.dag/Assembly-CSharp-Editor.dll, with 131 defines and 381 references
processors: Unity.Jobs.CodeGen.JobsILPostProcessor, zzzUnity.Burst.CodeGen.BurstILPostProcessor
running Unity.Jobs.CodeGen.JobsILPostProcessor
running zzzUnity.Burst.CodeGen.BurstILPostProcessor
[1074/1078  0s] CopyFiles Library/ScriptAssemblies/Assembly-CSharp.dll
[1075/1078  0s] CopyFiles Library/ScriptAssemblies/Assembly-CSharp.pdb
*** Tundra build success (0.24 seconds), 6 items updated, 1078 evaluated
Total cache size 75888160
Total cache size after purge 75888160, took 00:00:00.0199001
Reloading assemblies after forced synchronous recompile.
Begin MonoManager ReloadAssembly
Native extension for LinuxStandalone target not found
Native extension for WebGL target not found
[MODES] ModeService[none].Initialize
[MODES] ModeService[none].LoadModes
ScheduleIndexationOnStartup MainProcess:True IndexOnStartup:True
Mono: successfully reloaded assembly
- Finished resetting the current domain, in  1.177 seconds
Domain Reload Profiling: 2129ms
	BeginReloadAssembly (665ms)
		DisableScriptedObjects (63ms)
		CreateAndSetChildDomain (362ms)
	RebuildCommonClasses (5ms)
	RebuildNativeTypeToScriptingClass (6ms)
	initialDomainReloadingComplete (29ms)
	LoadAllAssembliesAndSetupDomain (246ms)
		LoadAssemblies (67ms)
		AnalyzeDomain (148ms)
			TypeCache.Refresh (8ms)
			BuildScriptInfoCaches (120ms)
			ResolveRequiredComponents (18ms)
	FinalizeReload (1178ms)
		SetupLoadedEditorAssemblies (0ms)
			InitializePlatformSupportModulesInManaged (9ms)
			BeforeProcessingInitializeOnLoad (159ms)
			ProcessInitializeOnLoadAttributes (246ms)
			ProcessInitializeOnLoadMethodAttributes (75ms)
		AwakeInstancesAfterBackupRestoration (317ms)

Asset Pipeline Refresh (id=959e5c092146a9d53800c902ab13dbbd): Total: 3.079 seconds - Initiated by RefreshV2(AllowForceSynchronousImport)
	(Values over 0.05ms)
	Summary:
		Imports: total=0 (actual=0, local cache=0, cache server=0)
		Asset DB Process Time: managed=0 ms, native=1638 ms
		Asset DB Callback time: managed=46 ms, native=3 ms
		Scripting: domain reloads=1, domain reload time=990 ms, compile time=400 ms, other=0 ms
		Project Asset Count: scripts=1616, non-scripts=3160
		Asset File Changes: new=0, changed=1, moved=0, deleted=0
		Scan Filter Count: 1
	InvokePackagesCallback: 0.642ms
	ApplyChangesToAssetFolders: 0.527ms
	Scan: 334.404ms
	Collect global state as custom dependencies: 2.160ms
	ProcessAssetsWithTransientArtifactChanges: 4.514ms
	CategorizeAssets: 46.751ms
	CompileScripts: 399.761ms
	ImportOutOfDateAssets: 1220.080ms (1192.273ms without children)
		CollectScriptTypesHashes: 1.612ms
		ReloadNativeAssets: 1.027ms
		UnloadImportedAssets: 0.253ms
		EnsureUptoDateAssetsAreRegisteredWithGuidPM: 0.673ms
		ImportSchedulerStart: 25.827ms
	PostProcessAllAssets: 46.761ms
		XRBuildSystem.XRAssetImported 0.497ms
		MonoPostProcessAllAssets: 45.992ms
			UniversalRenderPipelineGlobalSettingsPostprocessor.OnPostprocessAllAssets 6.018ms
			BuilderAssetPostprocessor.OnPostprocessAllAssets 5.869ms
			SyncVS.PostprocessSyncProject 4.498ms
			AssetChangedListener.OnPostprocessAllAssets 3.786ms
			AssetPostprocessor.OnPostprocessAllAssets 3.368ms
			SpriteSlicePostprocessor.OnPostprocessAllAssets 2.115ms
			SpeedTree9Postprocessor.OnPostprocessAllAssets 1.625ms
			ShaderGraphAssetPostProcessor.OnPostprocessAllAssets 1.320ms
			WindowAssetPostprocessingWatcher.OnPostprocessAllAssets 1.049ms
			RetainedModeAssetPostprocessor.OnPostprocessAllAssets 0.715ms
			MaterialPostprocessor.OnPostprocessAllAssets 0.694ms
			ProjectSettingsPostprocessor.OnPostprocessAllAssets 0.641ms
			RenderPipelineGlobalSettingsPostprocessor.OnPostprocessAllAssets 0.618ms
			SpriteEditorTexturePostprocessor.OnPostprocessAllAssets 0.564ms
			EditModeScopePostprocessor.OnPostprocessAllAssets 0.543ms
			ArtifactBrowserPostProcessor.OnPostprocessAllAssets 0.453ms
			UVCSAssetPostprocessor.OnPostprocessAllAssets 0.411ms
			SpriteShapeAssetPostProcessor.OnPostprocessAllAssets 0.344ms
			InputActionAssetPostprocessor.OnPostprocessAllAssets 0.333ms
			AudioMixerPostprocessor.OnPostprocessAllAssets 0.319ms
			TMPro_TexturePostProcessor.OnPostprocessAllAssets 0.306ms
			ShaderReflectionAssetPostProcessor.OnPostprocessAllAssets 0.302ms
			TextAssetPostProcessor.OnPostprocessAllAssets 0.287ms
			InputActionJsonNameModifierAssetProcessor.OnPostprocessAllAssets 0.248ms
			ReferencedClipsPostProcessor.OnPostprocessAllAssets 0.242ms
			PostProcessor.OnPostprocessAllAssets 0.214ms
			AssetEvents.OnPostprocessAllAssets 0.212ms
			StyleCatalogPostProcessor.OnPostprocessAllAssets 0.196ms
			SpriteLibraryAssetPostprocessor.OnPostprocessAllAssets 0.191ms
			SampleDependencyImporterPostProcessor.OnPostprocessAllAssets 0.155ms
			TerrainToolbarOverlayPostProcessor.OnPostprocessAllAssets 0.136ms
			ConfigAssetsTracker.OnPostprocessAllAssets 0.134ms
			SpeedTreePostProcessor.OnPostprocessAllAssets 0.130ms
			SamplePostprocessor.OnPostprocessAllAssets 0.125ms
			PSDImportPostProcessor.OnPostprocessAllAssets 0.115ms
			AssetReloadNotifier.OnPostprocessAllAssets 0.106ms
			AssetDatabaseCallbacks.OnPostprocessAllAssets 0.082ms
			PSDImporterAssetPostProcessor.OnPostprocessAllAssets 0.080ms
			AudioContainerPostProcessor.OnPostprocessAllAssets 0.073ms
			ScenarioDriftAssetsTracker.OnPostprocessAllAssets 0.067ms
	PostAssetChangesProfiler: 2.817ms
	GatherAllCurrentPrimaryImportResultRevisions: 0.490ms
	UnloadStreamsBegin: 0.113ms
	PersistCurrentRevisions: 0.118ms
	GenerateScriptTypeHashes: 2.069ms
	GenerateScriptTypeSerializationHashes: 3.404ms
	Untracked: 1017.529ms

[Licensing::Client] Successfully resolved entitlement details
[Licensing::Client] Successfully resolved entitlement details
[Licensing::Client] Successfully resolved entitlement details
Asset Pipeline Refresh (id=e9e6606db82c11951a3432efc6d249cc): Total: 0.062 seconds - Initiated by RefreshV2(ForceSynchronousImport)
[Licensing::Client] Successfully resolved entitlement details
Asset Pipeline Refresh (id=af97860420c8bd434b404d762be2a3cc): Total: 0.057 seconds - Initiated by RefreshV2(ForceSynchronousImport)
Asset Pipeline Refresh (id=b6af0c3c7484a7c8ea14c06af620ac60): Total: 0.084 seconds - Initiated by RefreshV2(AllowForceSynchronousImport)
Asset Pipeline Refresh (id=b60ac9128ec7cb268b2fcace09a18594): Total: 0.059 seconds - Initiated by RefreshV2(AllowForceSynchronousImport)
SpriteAtlasPacking completed in 0.003623 sec
Entering Playmode with Reload Domain disabled.
If you experience any issues, please disable "Enter Play Mode Options" in Editor Settings
Loaded scene 'Temp/__Backupscenes/0.backup'
	Deserialize:            43.830 ms
	Integration:            319.066 ms
	Integration of assets:  0.022 ms
	Thread Wait Time:       -0.018 ms
	Total Operation Time:   362.900 ms
Button found
UnityEngine.Debug:ExtractStackTraceNoAlloc (byte*,int,string)
UnityEngine.StackTraceUtility:ExtractStackTrace () (at /home/bokken/build/output/unity/unity/Runtime/Export/Scripting/StackTrace.cs:35)
UnityEngine.DebugLogHandler:Internal_Log (UnityEngine.LogType,UnityEngine.LogOption,string,UnityEngine.Object)
UnityEngine.DebugLogHandler:LogFormat (UnityEngine.LogType,UnityEngine.Object,string,object[])
UnityEngine.Logger:Log (UnityEngine.LogType,object)
UnityEngine.Debug:Log (object)
SettingsMenuSwitchScript:OnUIReload (UnityEngine.UIElements.PanelRenderer,UnityEngine.UIElements.VisualElement) (at Assets/Scripts/SettingsMenuSwitchScript.cs:50)
UnityEngine.UIElements.PanelRenderer:InvokeUIReloadCallbacks () (at /home/bokken/build/output/unity/unity/Modules/UIElements/Core/Native/Renderer/PanelRenderer.bindings.cs:225)
UnityEngine.UIElements.PanelRenderer:AddRootVisualElementToTree () (at /home/bokken/build/output/unity/unity/Modules/UIElements/Core/Native/Renderer/PanelRenderer.bindings.cs:610)
UnityEngine.UIElements.PanelRenderer:ReactToHierarchyChanges () (at /home/bokken/build/output/unity/unity/Modules/UIElements/Core/Native/Renderer/PanelRenderer.bindings.cs:653)
UnityEngine.UIElements.UIElementsRuntimeUtility:PreUpdatePanelRenderers () (at /home/bokken/build/output/unity/unity/Modules/UIElements/Core/UIElementsRuntimeUtility.cs:401)
UnityEngine.UIElements.UIElementsRuntimeUtility:UpdatePanels () (at /home/bokken/build/output/unity/unity/Modules/UIElements/Core/UIElementsRuntimeUtility.cs:296)
UnityEngine.UIElements.UIElementsRuntimeUtilityNative:UpdatePanels () (at /home/bokken/build/output/unity/unity/Modules/UIElements/Core/Native/UIElementsUtility.bindings.cs:18)

(Filename: Assets/Scripts/SettingsMenuSwitchScript.cs Line: 50)

TabView found
UnityEngine.Debug:ExtractStackTraceNoAlloc (byte*,int,string)
UnityEngine.StackTraceUtility:ExtractStackTrace () (at /home/bokken/build/output/unity/unity/Runtime/Export/Scripting/StackTrace.cs:35)
UnityEngine.DebugLogHandler:Internal_Log (UnityEngine.LogType,UnityEngine.LogOption,string,UnityEngine.Object)
UnityEngine.DebugLogHandler:LogFormat (UnityEngine.LogType,UnityEngine.Object,string,object[])
UnityEngine.Logger:Log (UnityEngine.LogType,object)
UnityEngine.Debug:Log (object)
SettingsMenuSwitchScript:OnUIReload (UnityEngine.UIElements.PanelRenderer,UnityEngine.UIElements.VisualElement) (at Assets/Scripts/SettingsMenuSwitchScript.cs:51)
UnityEngine.UIElements.PanelRenderer:InvokeUIReloadCallbacks () (at /home/bokken/build/output/unity/unity/Modules/UIElements/Core/Native/Renderer/PanelRenderer.bindings.cs:225)
UnityEngine.UIElements.PanelRenderer:AddRootVisualElementToTree () (at /home/bokken/build/output/unity/unity/Modules/UIElements/Core/Native/Renderer/PanelRenderer.bindings.cs:610)
UnityEngine.UIElements.PanelRenderer:ReactToHierarchyChanges () (at /home/bokken/build/output/unity/unity/Modules/UIElements/Core/Native/Renderer/PanelRenderer.bindings.cs:653)
UnityEngine.UIElements.UIElementsRuntimeUtility:PreUpdatePanelRenderers () (at /home/bokken/build/output/unity/unity/Modules/UIElements/Core/UIElementsRuntimeUtility.cs:401)
UnityEngine.UIElements.UIElementsRuntimeUtility:UpdatePanels () (at /home/bokken/build/output/unity/unity/Modules/UIElements/Core/UIElementsRuntimeUtility.cs:296)
UnityEngine.UIElements.UIElementsRuntimeUtilityNative:UpdatePanels () (at /home/bokken/build/output/unity/unity/Modules/UIElements/Core/Native/UIElementsUtility.bindings.cs:18)

(Filename: Assets/Scripts/SettingsMenuSwitchScript.cs Line: 51)

Unloading 3 Unused Serialized files (Serialized files now loaded: 0)
Loaded scene 'Temp/__Backupscenes/0.backup'
	Deserialize:            1.333 ms
	Integration:            158.840 ms
	Integration of assets:  0.003 ms
	Thread Wait Time:       0.001 ms
	Total Operation Time:   160.177 ms
Unloading 177 unused Assets / (158.0 KB). Loaded Objects now: 9678.
Memory consumption went from 393.2 MB to 393.0 MB.
Total: 28.979246 ms (FindLiveObjects: 0.331343 ms CreateObjectMapping: 0.595852 ms MarkObjects: 27.542916 ms  DeleteObjects: 0.508292 ms)

[Licensing::Client] Successfully resolved entitlement details
Asset Pipeline Refresh (id=13f42dafd4940a09d96ea73a12b099e9): Total: 0.052 seconds - Initiated by RefreshV2(AllowForceSynchronousImport)
SpriteAtlasPacking completed in 0.004557 sec
Entering Playmode with Reload Domain disabled.
If you experience any issues, please disable "Enter Play Mode Options" in Editor Settings
Loaded scene 'Temp/__Backupscenes/0.backup'
	Deserialize:            0.814 ms
	Integration:            146.712 ms
	Integration of assets:  0.001 ms
	Thread Wait Time:       0.004 ms
	Total Operation Time:   147.531 ms
Button found
UnityEngine.Debug:ExtractStackTraceNoAlloc (byte*,int,string)
UnityEngine.StackTraceUtility:ExtractStackTrace () (at /home/bokken/build/output/unity/unity/Runtime/Export/Scripting/StackTrace.cs:35)
UnityEngine.DebugLogHandler:Internal_Log (UnityEngine.LogType,UnityEngine.LogOption,string,UnityEngine.Object)
UnityEngine.DebugLogHandler:LogFormat (UnityEngine.LogType,UnityEngine.Object,string,object[])
UnityEngine.Logger:Log (UnityEngine.LogType,object)
UnityEngine.Debug:Log (object)
SettingsMenuSwitchScript:OnUIReload (UnityEngine.UIElements.PanelRenderer,UnityEngine.UIElements.VisualElement) (at Assets/Scripts/SettingsMenuSwitchScript.cs:50)
UnityEngine.UIElements.PanelRenderer:InvokeUIReloadCallbacks () (at /home/bokken/build/output/unity/unity/Modules/UIElements/Core/Native/Renderer/PanelRenderer.bindings.cs:225)
UnityEngine.UIElements.PanelRenderer:AddRootVisualElementToTree () (at /home/bokken/build/output/unity/unity/Modules/UIElements/Core/Native/Renderer/PanelRenderer.bindings.cs:610)
UnityEngine.UIElements.PanelRenderer:ReactToHierarchyChanges () (at /home/bokken/build/output/unity/unity/Modules/UIElements/Core/Native/Renderer/PanelRenderer.bindings.cs:653)
UnityEngine.UIElements.UIElementsRuntimeUtility:PreUpdatePanelRenderers () (at /home/bokken/build/output/unity/unity/Modules/UIElements/Core/UIElementsRuntimeUtility.cs:401)
UnityEngine.UIElements.UIElementsRuntimeUtility:UpdatePanels () (at /home/bokken/build/output/unity/unity/Modules/UIElements/Core/UIElementsRuntimeUtility.cs:296)
UnityEngine.UIElements.UIElementsRuntimeUtilityNative:UpdatePanels () (at /home/bokken/build/output/unity/unity/Modules/UIElements/Core/Native/UIElementsUtility.bindings.cs:18)

(Filename: Assets/Scripts/SettingsMenuSwitchScript.cs Line: 50)

TabView found
UnityEngine.Debug:ExtractStackTraceNoAlloc (byte*,int,string)
UnityEngine.StackTraceUtility:ExtractStackTrace () (at /home/bokken/build/output/unity/unity/Runtime/Export/Scripting/StackTrace.cs:35)
UnityEngine.DebugLogHandler:Internal_Log (UnityEngine.LogType,UnityEngine.LogOption,string,UnityEngine.Object)
UnityEngine.DebugLogHandler:LogFormat (UnityEngine.LogType,UnityEngine.Object,string,object[])
UnityEngine.Logger:Log (UnityEngine.LogType,object)
UnityEngine.Debug:Log (object)
SettingsMenuSwitchScript:OnUIReload (UnityEngine.UIElements.PanelRenderer,UnityEngine.UIElements.VisualElement) (at Assets/Scripts/SettingsMenuSwitchScript.cs:51)
UnityEngine.UIElements.PanelRenderer:InvokeUIReloadCallbacks () (at /home/bokken/build/output/unity/unity/Modules/UIElements/Core/Native/Renderer/PanelRenderer.bindings.cs:225)
UnityEngine.UIElements.PanelRenderer:AddRootVisualElementToTree () (at /home/bokken/build/output/unity/unity/Modules/UIElements/Core/Native/Renderer/PanelRenderer.bindings.cs:610)
UnityEngine.UIElements.PanelRenderer:ReactToHierarchyChanges () (at /home/bokken/build/output/unity/unity/Modules/UIElements/Core/Native/Renderer/PanelRenderer.bindings.cs:653)
UnityEngine.UIElements.UIElementsRuntimeUtility:PreUpdatePanelRenderers () (at /home/bokken/build/output/unity/unity/Modules/UIElements/Core/UIElementsRuntimeUtility.cs:401)
UnityEngine.UIElements.UIElementsRuntimeUtility:UpdatePanels () (at /home/bokken/build/output/unity/unity/Modules/UIElements/Core/UIElementsRuntimeUtility.cs:296)
UnityEngine.UIElements.UIElementsRuntimeUtilityNative:UpdatePanels () (at /home/bokken/build/output/unity/unity/Modules/UIElements/Core/Native/UIElementsUtility.bindings.cs:18)

(Filename: Assets/Scripts/SettingsMenuSwitchScript.cs Line: 51)

Unloading 10 Unused Serialized files (Serialized files now loaded: 0)
Loaded scene 'Temp/__Backupscenes/0.backup'
	Deserialize:            0.795 ms
	Integration:            180.996 ms
	Integration of assets:  0.001 ms
	Thread Wait Time:       0.004 ms
	Total Operation Time:   181.796 ms
Unloading 3 unused Assets / (33.4 KB). Loaded Objects now: 9739.
Memory consumption went from 361.0 MB to 361.0 MB.
Total: 25.987922 ms (FindLiveObjects: 0.309256 ms CreateObjectMapping: 0.669773 ms MarkObjects: 24.951045 ms  DeleteObjects: 0.056711 ms)

Asset Pipeline Refresh (id=63c61a72a8be0bc1da076b73eeaf57e6): Total: 0.048 seconds - Initiated by RefreshV2(AllowForceSynchronousImport)
[ScriptCompilation] Requested script compilation because: AssetDatabase observed changes in script compilation related files
info: Microsoft.AspNetCore.Hosting.Diagnostics[1]
      Request starting HTTP/2 POST http://ilpp/UnityILPP.PostProcessing/Ping - application/grpc -
info: Microsoft.AspNetCore.Routing.EndpointMiddleware[0]
      Executing endpoint 'gRPC - /UnityILPP.PostProcessing/Ping'
info: Microsoft.AspNetCore.Routing.EndpointMiddleware[1]
      Executed endpoint 'gRPC - /UnityILPP.PostProcessing/Ping'
info: Microsoft.AspNetCore.Hosting.Diagnostics[2]
      Request finished HTTP/2 POST http://ilpp/UnityILPP.PostProcessing/Ping - 200 - application/grpc 0.4388ms
Starting: /home/soul514y3r/Unity/Hub/Editor/6000.5.7f1/Editor/Data/Tools/BuildPipeline/bee_backend --ipc --defer-dag-verification --dagfile="Library/Bee/2400b0aE.dag" --continue-on-failure --profile="Library/Bee/backend1.traceevents" ScriptAssemblies
WorkingDir: /home/soul514y3r/Unity/Projects/Testing
info: Microsoft.AspNetCore.Hosting.Diagnostics[1]
      Request starting HTTP/2 POST http://ilpp/UnityILPP.PostProcessing/ConfigurePostProcessors - application/grpc -
info: Microsoft.AspNetCore.Routing.EndpointMiddleware[0]
      Executing endpoint 'gRPC - /UnityILPP.PostProcessing/ConfigurePostProcessors'
info: Unity.ILPP.Runner.PostProcessingAssemblyLoadContext[0]
      Current configuration matches the requested one, skipping
info: Microsoft.AspNetCore.Routing.EndpointMiddleware[1]
      Executed endpoint 'gRPC - /UnityILPP.PostProcessing/ConfigurePostProcessors'
info: Microsoft.AspNetCore.Hosting.Diagnostics[2]
      Request finished HTTP/2 POST http://ilpp/UnityILPP.PostProcessing/ConfigurePostProcessors - 200 - application/grpc 0.2949ms
info: Microsoft.AspNetCore.Hosting.Diagnostics[1]
      Request starting HTTP/2 POST http://ilpp/UnityILPP.PostProcessing/PostProcessAssembly - application/grpc -
info: Microsoft.AspNetCore.Hosting.Diagnostics[1]
      Request starting HTTP/2 POST http://ilpp/UnityILPP.PostProcessing/PostProcessAssembly - application/grpc -
info: Microsoft.AspNetCore.Routing.EndpointMiddleware[0]
      Executing endpoint 'gRPC - /UnityILPP.PostProcessing/PostProcessAssembly'
info: Microsoft.AspNetCore.Routing.EndpointMiddleware[0]
      Executing endpoint 'gRPC - /UnityILPP.PostProcessing/PostProcessAssembly'
info: Unity.ILPP.Runner.PostProcessingPipeline[0]
      Processing assembly Library/Bee/artifacts/2400b0aE.dag/Assembly-CSharp.dll, with 133 defines and 356 references
info: Unity.ILPP.Runner.PostProcessingPipeline[0]
      Processing assembly Library/Bee/artifacts/2400b0aE.dag/Assembly-CSharp-Editor.dll, with 131 defines and 381 references
info: Unity.ILPP.Runner.PostProcessingPipeline[0]
      processors: Unity.Jobs.CodeGen.JobsILPostProcessor, zzzUnity.Burst.CodeGen.BurstILPostProcessor
info: Unity.ILPP.Runner.PostProcessingPipeline[0]
      processors: Unity.Jobs.CodeGen.JobsILPostProcessor, zzzUnity.Burst.CodeGen.BurstILPostProcessor
info: Unity.ILPP.Runner.PostProcessingPipeline[0]
      running Unity.Jobs.CodeGen.JobsILPostProcessor
info: Unity.ILPP.Runner.PostProcessingPipeline[0]
      running Unity.Jobs.CodeGen.JobsILPostProcessor
info: Unity.ILPP.Runner.PostProcessingPipeline[0]
      running zzzUnity.Burst.CodeGen.BurstILPostProcessor
info: Unity.ILPP.Runner.PostProcessingPipeline[0]
      running zzzUnity.Burst.CodeGen.BurstILPostProcessor
info: Microsoft.AspNetCore.Routing.EndpointMiddleware[1]
      Executed endpoint 'gRPC - /UnityILPP.PostProcessing/PostProcessAssembly'
info: Microsoft.AspNetCore.Hosting.Diagnostics[2]
      Request finished HTTP/2 POST http://ilpp/UnityILPP.PostProcessing/PostProcessAssembly - 200 - application/grpc 21.8629ms
info: Microsoft.AspNetCore.Routing.EndpointMiddleware[1]
      Executed endpoint 'gRPC - /UnityILPP.PostProcessing/PostProcessAssembly'
info: Microsoft.AspNetCore.Hosting.Diagnostics[2]
      Request finished HTTP/2 POST http://ilpp/UnityILPP.PostProcessing/PostProcessAssembly - 200 - application/grpc 25.9113ms
ExitCode: 0 Duration: 0s291ms
[ 814/1078  0s] ILPP-Configuration Library/ilpp-configuration.nevergeneratedoutput
[1070/1078  0s] Csc Library/Bee/artifacts/2400b0aE.dag/Assembly-CSharp.dll (+2 others)
[1072/1078  0s] ILPostProcess Library/Bee/artifacts/2400b0aE.dag/post-processed/Assembly-CSharp-Editor.dll (+pdb)
Processing assembly Library/Bee/artifacts/2400b0aE.dag/Assembly-CSharp-Editor.dll, with 131 defines and 381 references
processors: Unity.Jobs.CodeGen.JobsILPostProcessor, zzzUnity.Burst.CodeGen.BurstILPostProcessor
running Unity.Jobs.CodeGen.JobsILPostProcessor
running zzzUnity.Burst.CodeGen.BurstILPostProcessor
[1075/1078  0s] ILPostProcess Library/Bee/artifacts/2400b0aE.dag/post-processed/Assembly-CSharp.dll (+pdb)
Processing assembly Library/Bee/artifacts/2400b0aE.dag/Assembly-CSharp.dll, with 133 defines and 356 references
processors: Unity.Jobs.CodeGen.JobsILPostProcessor, zzzUnity.Burst.CodeGen.BurstILPostProcessor
running Unity.Jobs.CodeGen.JobsILPostProcessor
running zzzUnity.Burst.CodeGen.BurstILPostProcessor
[1076/1078  0s] CopyFiles Library/ScriptAssemblies/Assembly-CSharp.pdb
[1077/1078  0s] CopyFiles Library/ScriptAssemblies/Assembly-CSharp.dll
*** Tundra build success (0.26 seconds), 6 items updated, 1078 evaluated
Total cache size 75888160
Total cache size after purge 75888160, took 00:00:00.0182644
Reloading assemblies after forced synchronous recompile.
Begin MonoManager ReloadAssembly
Native extension for LinuxStandalone target not found
Native extension for WebGL target not found
[MODES] ModeService[none].Initialize
[MODES] ModeService[none].LoadModes
ScheduleIndexationOnStartup MainProcess:True IndexOnStartup:True
Mono: successfully reloaded assembly
- Finished resetting the current domain, in  1.321 seconds
Domain Reload Profiling: 2233ms
	BeginReloadAssembly (614ms)
		DisableScriptedObjects (50ms)
		CreateAndSetChildDomain (387ms)
	RebuildCommonClasses (6ms)
	RebuildNativeTypeToScriptingClass (7ms)
	initialDomainReloadingComplete (30ms)
	LoadAllAssembliesAndSetupDomain (256ms)
		LoadAssemblies (63ms)
		AnalyzeDomain (156ms)
			TypeCache.Refresh (9ms)
			BuildScriptInfoCaches (121ms)
			ResolveRequiredComponents (25ms)
	FinalizeReload (1322ms)
		SetupLoadedEditorAssemblies (0ms)
			InitializePlatformSupportModulesInManaged (8ms)
			BeforeProcessingInitializeOnLoad (183ms)
			ProcessInitializeOnLoadAttributes (265ms)
			ProcessInitializeOnLoadMethodAttributes (76ms)
		AwakeInstancesAfterBackupRestoration (338ms)

Asset Pipeline Refresh (id=692ccec7eea291a6e9142dfb452727b0): Total: 3.168 seconds - Initiated by RefreshV2(AllowForceSynchronousImport)
	(Values over 0.05ms)
	Summary:
		Imports: total=0 (actual=0, local cache=0, cache server=0)
		Asset DB Process Time: managed=0 ms, native=1739 ms
		Asset DB Callback time: managed=39 ms, native=4 ms
		Scripting: domain reloads=1, domain reload time=939 ms, compile time=445 ms, other=0 ms
		Project Asset Count: scripts=1616, non-scripts=3160
		Asset File Changes: new=0, changed=1, moved=0, deleted=0
		Scan Filter Count: 1
	InvokePackagesCallback: 0.424ms
	ApplyChangesToAssetFolders: 0.484ms
	Scan: 303.774ms
	Collect global state as custom dependencies: 2.580ms
	OnSourceAssetsModified: 0.452ms
	ProcessAssetsWithTransientArtifactChanges: 4.543ms
	CategorizeAssets: 41.313ms
	CompileScripts: 445.375ms
	ImportOutOfDateAssets: 1359.994ms (1334.278ms without children)
		CollectScriptTypesHashes: 0.914ms
		ReloadNativeAssets: 0.643ms
		UnloadImportedAssets: 0.246ms
		EnsureUptoDateAssetsAreRegisteredWithGuidPM: 0.574ms
		ImportSchedulerStart: 24.213ms
	PostProcessAllAssets: 39.834ms
		XRBuildSystem.XRAssetImported 0.474ms
		MonoPostProcessAllAssets: 39.087ms
			UniversalRenderPipelineGlobalSettingsPostprocessor.OnPostprocessAllAssets 5.717ms
			AssetChangedListener.OnPostprocessAllAssets 4.464ms
			SyncVS.PostprocessSyncProject 4.312ms
			BuilderAssetPostprocessor.OnPostprocessAllAssets 3.730ms
			AssetPostprocessor.OnPostprocessAllAssets 2.137ms
			SpriteSlicePostprocessor.OnPostprocessAllAssets 1.370ms
			SpeedTree9Postprocessor.OnPostprocessAllAssets 1.179ms
			WindowAssetPostprocessingWatcher.OnPostprocessAllAssets 1.103ms
			ShaderGraphAssetPostProcessor.OnPostprocessAllAssets 0.903ms
			RetainedModeAssetPostprocessor.OnPostprocessAllAssets 0.699ms
			EditModeScopePostprocessor.OnPostprocessAllAssets 0.570ms
			ProjectSettingsPostprocessor.OnPostprocessAllAssets 0.545ms
			MaterialPostprocessor.OnPostprocessAllAssets 0.472ms
			RenderPipelineGlobalSettingsPostprocessor.OnPostprocessAllAssets 0.405ms
			SpriteEditorTexturePostprocessor.OnPostprocessAllAssets 0.391ms
			ShaderReflectionAssetPostProcessor.OnPostprocessAllAssets 0.335ms
			ArtifactBrowserPostProcessor.OnPostprocessAllAssets 0.319ms
			TMPro_TexturePostProcessor.OnPostprocessAllAssets 0.316ms
			UVCSAssetPostprocessor.OnPostprocessAllAssets 0.252ms
			SpriteShapeAssetPostProcessor.OnPostprocessAllAssets 0.241ms
			InputActionAssetPostprocessor.OnPostprocessAllAssets 0.217ms
			TextAssetPostProcessor.OnPostprocessAllAssets 0.201ms
			PostProcessor.OnPostprocessAllAssets 0.196ms
			AudioMixerPostprocessor.OnPostprocessAllAssets 0.175ms
			InputActionJsonNameModifierAssetProcessor.OnPostprocessAllAssets 0.169ms
			ReferencedClipsPostProcessor.OnPostprocessAllAssets 0.155ms
			SampleDependencyImporterPostProcessor.OnPostprocessAllAssets 0.152ms
			SpriteLibraryAssetPostprocessor.OnPostprocessAllAssets 0.130ms
			AssetEvents.OnPostprocessAllAssets 0.126ms
			StyleCatalogPostProcessor.OnPostprocessAllAssets 0.109ms
			SpeedTreePostProcessor.OnPostprocessAllAssets 0.107ms
			TerrainToolbarOverlayPostProcessor.OnPostprocessAllAssets 0.090ms
			AssetDatabaseCallbacks.OnPostprocessAllAssets 0.088ms
			PSDImportPostProcessor.OnPostprocessAllAssets 0.085ms
			SamplePostprocessor.OnPostprocessAllAssets 0.080ms
			ConfigAssetsTracker.OnPostprocessAllAssets 0.073ms
			ScenarioDriftAssetsTracker.OnPostprocessAllAssets 0.065ms
			PSDImporterAssetPostProcessor.OnPostprocessAllAssets 0.064ms
			AssetReloadNotifier.OnPostprocessAllAssets 0.057ms
	PostAssetChangesProfiler: 3.861ms
	GatherAllCurrentPrimaryImportResultRevisions: 0.272ms
	UnloadStreamsBegin: 0.085ms
	PersistCurrentRevisions: 0.111ms
	GenerateScriptTypeHashes: 1.683ms
	GenerateScriptTypeSerializationHashes: 2.750ms
	Untracked: 962.937ms

[Licensing::Client] Successfully resolved entitlement details
[Licensing::Client] Successfully resolved entitlement details
[Licensing::Client] Successfully resolved entitlement details
Asset Pipeline Refresh (id=ea63308e472097299ae5a7ba6ed1c9ea): Total: 0.061 seconds - Initiated by RefreshV2(ForceSynchronousImport)
SpriteAtlasPacking completed in 0.003598 sec
Entering Playmode with Reload Domain disabled.
If you experience any issues, please disable "Enter Play Mode Options" in Editor Settings
Loaded scene 'Temp/__Backupscenes/0.backup'
	Deserialize:            35.982 ms
	Integration:            334.674 ms
	Integration of assets:  0.021 ms
	Thread Wait Time:       -0.016 ms
	Total Operation Time:   370.662 ms
Button found
UnityEngine.Debug:ExtractStackTraceNoAlloc (byte*,int,string)
UnityEngine.StackTraceUtility:ExtractStackTrace () (at /home/bokken/build/output/unity/unity/Runtime/Export/Scripting/StackTrace.cs:35)
UnityEngine.DebugLogHandler:Internal_Log (UnityEngine.LogType,UnityEngine.LogOption,string,UnityEngine.Object)
UnityEngine.DebugLogHandler:LogFormat (UnityEngine.LogType,UnityEngine.Object,string,object[])
UnityEngine.Logger:Log (UnityEngine.LogType,object)
UnityEngine.Debug:Log (object)
SettingsMenuSwitchScript:OnUIReload (UnityEngine.UIElements.PanelRenderer,UnityEngine.UIElements.VisualElement) (at Assets/Scripts/SettingsMenuSwitchScript.cs:50)
UnityEngine.UIElements.PanelRenderer:InvokeUIReloadCallbacks () (at /home/bokken/build/output/unity/unity/Modules/UIElements/Core/Native/Renderer/PanelRenderer.bindings.cs:225)
UnityEngine.UIElements.PanelRenderer:AddRootVisualElementToTree () (at /home/bokken/build/output/unity/unity/Modules/UIElements/Core/Native/Renderer/PanelRenderer.bindings.cs:610)
UnityEngine.UIElements.PanelRenderer:ReactToHierarchyChanges () (at /home/bokken/build/output/unity/unity/Modules/UIElements/Core/Native/Renderer/PanelRenderer.bindings.cs:653)
UnityEngine.UIElements.UIElementsRuntimeUtility:PreUpdatePanelRenderers () (at /home/bokken/build/output/unity/unity/Modules/UIElements/Core/UIElementsRuntimeUtility.cs:401)
UnityEngine.UIElements.UIElementsRuntimeUtility:UpdatePanels () (at /home/bokken/build/output/unity/unity/Modules/UIElements/Core/UIElementsRuntimeUtility.cs:296)
UnityEngine.UIElements.UIElementsRuntimeUtilityNative:UpdatePanels () (at /home/bokken/build/output/unity/unity/Modules/UIElements/Core/Native/UIElementsUtility.bindings.cs:18)

(Filename: Assets/Scripts/SettingsMenuSwitchScript.cs Line: 50)

TabView found
UnityEngine.Debug:ExtractStackTraceNoAlloc (byte*,int,string)
UnityEngine.StackTraceUtility:ExtractStackTrace () (at /home/bokken/build/output/unity/unity/Runtime/Export/Scripting/StackTrace.cs:35)
UnityEngine.DebugLogHandler:Internal_Log (UnityEngine.LogType,UnityEngine.LogOption,string,UnityEngine.Object)
UnityEngine.DebugLogHandler:LogFormat (UnityEngine.LogType,UnityEngine.Object,string,object[])
UnityEngine.Logger:Log (UnityEngine.LogType,object)
UnityEngine.Debug:Log (object)
SettingsMenuSwitchScript:OnUIReload (UnityEngine.UIElements.PanelRenderer,UnityEngine.UIElements.VisualElement) (at Assets/Scripts/SettingsMenuSwitchScript.cs:51)
UnityEngine.UIElements.PanelRenderer:InvokeUIReloadCallbacks () (at /home/bokken/build/output/unity/unity/Modules/UIElements/Core/Native/Renderer/PanelRenderer.bindings.cs:225)
UnityEngine.UIElements.PanelRenderer:AddRootVisualElementToTree () (at /home/bokken/build/output/unity/unity/Modules/UIElements/Core/Native/Renderer/PanelRenderer.bindings.cs:610)
UnityEngine.UIElements.PanelRenderer:ReactToHierarchyChanges () (at /home/bokken/build/output/unity/unity/Modules/UIElements/Core/Native/Renderer/PanelRenderer.bindings.cs:653)
UnityEngine.UIElements.UIElementsRuntimeUtility:PreUpdatePanelRenderers () (at /home/bokken/build/output/unity/unity/Modules/UIElements/Core/UIElementsRuntimeUtility.cs:401)
UnityEngine.UIElements.UIElementsRuntimeUtility:UpdatePanels () (at /home/bokken/build/output/unity/unity/Modules/UIElements/Core/UIElementsRuntimeUtility.cs:296)
UnityEngine.UIElements.UIElementsRuntimeUtilityNative:UpdatePanels () (at /home/bokken/build/output/unity/unity/Modules/UIElements/Core/Native/UIElementsUtility.bindings.cs:18)

(Filename: Assets/Scripts/SettingsMenuSwitchScript.cs Line: 51)

[Licensing::Client] Successfully resolved entitlement details
Asset Pipeline Refresh (id=154a91547a64c81849e23a58e8f52cdc): Total: 0.056 seconds - Initiated by RefreshV2(ForceSynchronousImport)
Unloading 0 Unused Serialized files (Serialized files now loaded: 0)
Loaded scene 'Temp/__Backupscenes/0.backup'
	Deserialize:            1.402 ms
	Integration:            176.205 ms
	Integration of assets:  0.001 ms
	Thread Wait Time:       0.004 ms
	Total Operation Time:   177.611 ms
Unloading 19 unused Assets / (22.8 KB). Loaded Objects now: 9868.
Memory consumption went from 382.7 MB to 382.7 MB.
Total: 26.467117 ms (FindLiveObjects: 0.322454 ms CreateObjectMapping: 0.651352 ms MarkObjects: 25.436669 ms  DeleteObjects: 0.055797 ms)

[Licensing::Client] Successfully resolved entitlement details
Asset Pipeline Refresh (id=ac43a329b438d8f1893a8ec355e69a2f): Total: 0.059 seconds - Initiated by RefreshV2(AllowForceSynchronousImport)
Asset Pipeline Refresh (id=1607acb8e977b6182a43770cfb99a4b6): Total: 0.062 seconds - Initiated by RefreshV2(AllowForceSynchronousImport)
SpriteAtlasPacking completed in 0.009373 sec
Entering Playmode with Reload Domain disabled.
If you experience any issues, please disable "Enter Play Mode Options" in Editor Settings
Loaded scene 'Temp/__Backupscenes/0.backup'
	Deserialize:            0.961 ms
	Integration:            302.712 ms
	Integration of assets:  0.003 ms
	Thread Wait Time:       0.029 ms
	Total Operation Time:   303.706 ms
Button found
UnityEngine.Debug:ExtractStackTraceNoAlloc (byte*,int,string)
UnityEngine.StackTraceUtility:ExtractStackTrace () (at /home/bokken/build/output/unity/unity/Runtime/Export/Scripting/StackTrace.cs:35)
UnityEngine.DebugLogHandler:Internal_Log (UnityEngine.LogType,UnityEngine.LogOption,string,UnityEngine.Object)
UnityEngine.DebugLogHandler:LogFormat (UnityEngine.LogType,UnityEngine.Object,string,object[])
UnityEngine.Logger:Log (UnityEngine.LogType,object)
UnityEngine.Debug:Log (object)
SettingsMenuSwitchScript:OnUIReload (UnityEngine.UIElements.PanelRenderer,UnityEngine.UIElements.VisualElement) (at Assets/Scripts/SettingsMenuSwitchScript.cs:50)
UnityEngine.UIElements.PanelRenderer:InvokeUIReloadCallbacks () (at /home/bokken/build/output/unity/unity/Modules/UIElements/Core/Native/Renderer/PanelRenderer.bindings.cs:225)
UnityEngine.UIElements.PanelRenderer:AddRootVisualElementToTree () (at /home/bokken/build/output/unity/unity/Modules/UIElements/Core/Native/Renderer/PanelRenderer.bindings.cs:610)
UnityEngine.UIElements.PanelRenderer:ReactToHierarchyChanges () (at /home/bokken/build/output/unity/unity/Modules/UIElements/Core/Native/Renderer/PanelRenderer.bindings.cs:653)
UnityEngine.UIElements.UIElementsRuntimeUtility:PreUpdatePanelRenderers () (at /home/bokken/build/output/unity/unity/Modules/UIElements/Core/UIElementsRuntimeUtility.cs:401)
UnityEngine.UIElements.UIElementsRuntimeUtility:UpdatePanels () (at /home/bokken/build/output/unity/unity/Modules/UIElements/Core/UIElementsRuntimeUtility.cs:296)
UnityEngine.UIElements.UIElementsRuntimeUtilityNative:UpdatePanels () (at /home/bokken/build/output/unity/unity/Modules/UIElements/Core/Native/UIElementsUtility.bindings.cs:18)

(Filename: Assets/Scripts/SettingsMenuSwitchScript.cs Line: 50)

TabView found
UnityEngine.Debug:ExtractStackTraceNoAlloc (byte*,int,string)
UnityEngine.StackTraceUtility:ExtractStackTrace () (at /home/bokken/build/output/unity/unity/Runtime/Export/Scripting/StackTrace.cs:35)
UnityEngine.DebugLogHandler:Internal_Log (UnityEngine.LogType,UnityEngine.LogOption,string,UnityEngine.Object)
UnityEngine.DebugLogHandler:LogFormat (UnityEngine.LogType,UnityEngine.Object,string,object[])
UnityEngine.Logger:Log (UnityEngine.LogType,object)
UnityEngine.Debug:Log (object)
SettingsMenuSwitchScript:OnUIReload (UnityEngine.UIElements.PanelRenderer,UnityEngine.UIElements.VisualElement) (at Assets/Scripts/SettingsMenuSwitchScript.cs:51)
UnityEngine.UIElements.PanelRenderer:InvokeUIReloadCallbacks () (at /home/bokken/build/output/unity/unity/Modules/UIElements/Core/Native/Renderer/PanelRenderer.bindings.cs:225)
UnityEngine.UIElements.PanelRenderer:AddRootVisualElementToTree () (at /home/bokken/build/output/unity/unity/Modules/UIElements/Core/Native/Renderer/PanelRenderer.bindings.cs:610)
UnityEngine.UIElements.PanelRenderer:ReactToHierarchyChanges () (at /home/bokken/build/output/unity/unity/Modules/UIElements/Core/Native/Renderer/PanelRenderer.bindings.cs:653)
UnityEngine.UIElements.UIElementsRuntimeUtility:PreUpdatePanelRenderers () (at /home/bokken/build/output/unity/unity/Modules/UIElements/Core/UIElementsRuntimeUtility.cs:401)
UnityEngine.UIElements.UIElementsRuntimeUtility:UpdatePanels () (at /home/bokken/build/output/unity/unity/Modules/UIElements/Core/UIElementsRuntimeUtility.cs:296)
UnityEngine.UIElements.UIElementsRuntimeUtilityNative:UpdatePanels () (at /home/bokken/build/output/unity/unity/Modules/UIElements/Core/Native/UIElementsUtility.bindings.cs:18)

(Filename: Assets/Scripts/SettingsMenuSwitchScript.cs Line: 51)

Asset Pipeline Refresh (id=ad8b9ba47d01ac456b71d39b9f25cd54): Total: 0.104 seconds - Initiated by RefreshV2(NoUpdateAssetOptions)
Unloading 0 Unused Serialized files (Serialized files now loaded: 0)
Loaded scene 'Temp/__Backupscenes/0.backup'
	Deserialize:            0.699 ms
	Integration:            206.487 ms
	Integration of assets:  0.001 ms
	Thread Wait Time:       0.005 ms
	Total Operation Time:   207.191 ms
Unloading 2 unused Assets / (21.1 KB). Loaded Objects now: 9932.
Memory consumption went from 404.5 MB to 404.5 MB.
Total: 30.568289 ms (FindLiveObjects: 0.381985 ms CreateObjectMapping: 0.998311 ms MarkObjects: 29.122628 ms  DeleteObjects: 0.064152 ms)

[Licensing::Client] Successfully resolved entitlement details
Asset Pipeline Refresh (id=32801ab59c9697ad3bdb7b619df30c19): Total: 0.060 seconds - Initiated by RefreshV2(AllowForceSynchronousImport)
Importing 'GUID: 14342c5d42ab2d391ad8cc1230418eb5 - Path: Assets/MainMenuUXML.uxml' with importer (ScriptedImporter : UnityEditor.UIElementsModule:UnityEditor.UIElements:UIElementsViewImporter)
 (6,14): Semantic - The specified URL is empty or invalid : ''
UnityEngine.Debug:ExtractStackTraceNoAlloc (byte*,int,string)
UnityEngine.StackTraceUtility:ExtractStackTrace () (at /home/bokken/build/output/unity/unity/Runtime/Export/Scripting/StackTrace.cs:35)
UnityEditor.AssetDatabase:Refresh () (at /home/bokken/build/output/unity/unity/Modules/AssetDatabase/Editor/ScriptBindings/AssetDatabase.bindings.cs:539)
Unity.UI.Builder.BuilderDocumentOpenUXML:ReloadDocument (UnityEngine.UIElements.VisualElement,string,System.Collections.Generic.List`1<Unity.UI.Builder.BuilderDocumentOpenUSS>) (at /home/bokken/build/output/unity/unity/Modules/UIBuilder/Editor/Builder/Document/BuilderDocumentOpenUXML.cs:521)
Unity.UI.Builder.BuilderDocumentOpenUXML:SaveNewDocument (UnityEngine.UIElements.VisualElement,bool,bool&,string) (at /home/bokken/build/output/unity/unity/Modules/UIBuilder/Editor/Builder/Document/BuilderDocumentOpenUXML.cs:505)
Unity.UI.Builder.BuilderDocument:SaveNewDocument (UnityEngine.UIElements.VisualElement,bool,bool&,string) (at /home/bokken/build/output/unity/unity/Modules/UIBuilder/Editor/Builder/Document/BuilderDocument.cs:271)
Unity.UI.Builder.BuilderToolbar:SaveDocument (bool) (at /home/bokken/build/output/unity/unity/Modules/UIBuilder/Editor/Builder/Toolbar/BuilderToolbar.cs:318)
Unity.UI.Builder.Builder:SaveChanges () (at /home/bokken/build/output/unity/unity/Modules/UIBuilder/Editor/Builder/Builder.cs:344)
Unity.UI.Builder.Builder:<SaveOnKeyDownEvent>b__58_0 () (at /home/bokken/build/output/unity/unity/Modules/UIBuilder/Editor/Builder/Builder.cs:262)
UnityEditor.EditorApplication:Internal_CallDelayFunctions () (at /home/bokken/build/output/unity/unity/Editor/Mono/EditorApplication.cs:418)

[/home/bokken/build/output/unity/unity/Modules/UIBuilder/Editor/Builder/Toolbar/BuilderToolbar.cs line 318]

 (7,18): Semantic - The specified URL is empty or invalid : ''
UnityEngine.Debug:ExtractStackTraceNoAlloc (byte*,int,string)
UnityEngine.StackTraceUtility:ExtractStackTrace () (at /home/bokken/build/output/unity/unity/Runtime/Export/Scripting/StackTrace.cs:35)
UnityEditor.AssetDatabase:Refresh () (at /home/bokken/build/output/unity/unity/Modules/AssetDatabase/Editor/ScriptBindings/AssetDatabase.bindings.cs:539)
Unity.UI.Builder.BuilderDocumentOpenUXML:ReloadDocument (UnityEngine.UIElements.VisualElement,string,System.Collections.Generic.List`1<Unity.UI.Builder.BuilderDocumentOpenUSS>) (at /home/bokken/build/output/unity/unity/Modules/UIBuilder/Editor/Builder/Document/BuilderDocumentOpenUXML.cs:521)
Unity.UI.Builder.BuilderDocumentOpenUXML:SaveNewDocument (UnityEngine.UIElements.VisualElement,bool,bool&,string) (at /home/bokken/build/output/unity/unity/Modules/UIBuilder/Editor/Builder/Document/BuilderDocumentOpenUXML.cs:505)
Unity.UI.Builder.BuilderDocument:SaveNewDocument (UnityEngine.UIElements.VisualElement,bool,bool&,string) (at /home/bokken/build/output/unity/unity/Modules/UIBuilder/Editor/Builder/Document/BuilderDocument.cs:271)
Unity.UI.Builder.BuilderToolbar:SaveDocument (bool) (at /home/bokken/build/output/unity/unity/Modules/UIBuilder/Editor/Builder/Toolbar/BuilderToolbar.cs:318)
Unity.UI.Builder.Builder:SaveChanges () (at /home/bokken/build/output/unity/unity/Modules/UIBuilder/Editor/Builder/Builder.cs:344)
Unity.UI.Builder.Builder:<SaveOnKeyDownEvent>b__58_0 () (at /home/bokken/build/output/unity/unity/Modules/UIBuilder/Editor/Builder/Builder.cs:262)
UnityEditor.EditorApplication:Internal_CallDelayFunctions () (at /home/bokken/build/output/unity/unity/Editor/Mono/EditorApplication.cs:418)

[/home/bokken/build/output/unity/unity/Modules/UIBuilder/Editor/Builder/Toolbar/BuilderToolbar.cs line 318]

 (10,14): Semantic - The specified URL is empty or invalid : ''
UnityEngine.Debug:ExtractStackTraceNoAlloc (byte*,int,string)
UnityEngine.StackTraceUtility:ExtractStackTrace () (at /home/bokken/build/output/unity/unity/Runtime/Export/Scripting/StackTrace.cs:35)
UnityEditor.AssetDatabase:Refresh () (at /home/bokken/build/output/unity/unity/Modules/AssetDatabase/Editor/ScriptBindings/AssetDatabase.bindings.cs:539)
Unity.UI.Builder.BuilderDocumentOpenUXML:ReloadDocument (UnityEngine.UIElements.VisualElement,string,System.Collections.Generic.List`1<Unity.UI.Builder.BuilderDocumentOpenUSS>) (at /home/bokken/build/output/unity/unity/Modules/UIBuilder/Editor/Builder/Document/BuilderDocumentOpenUXML.cs:521)
Unity.UI.Builder.BuilderDocumentOpenUXML:SaveNewDocument (UnityEngine.UIElements.VisualElement,bool,bool&,string) (at /home/bokken/build/output/unity/unity/Modules/UIBuilder/Editor/Builder/Document/BuilderDocumentOpenUXML.cs:505)
Unity.UI.Builder.BuilderDocument:SaveNewDocument (UnityEngine.UIElements.VisualElement,bool,bool&,string) (at /home/bokken/build/output/unity/unity/Modules/UIBuilder/Editor/Builder/Document/BuilderDocument.cs:271)
Unity.UI.Builder.BuilderToolbar:SaveDocument (bool) (at /home/bokken/build/output/unity/unity/Modules/UIBuilder/Editor/Builder/Toolbar/BuilderToolbar.cs:318)
Unity.UI.Builder.Builder:SaveChanges () (at /home/bokken/build/output/unity/unity/Modules/UIBuilder/Editor/Builder/Builder.cs:344)
Unity.UI.Builder.Builder:<SaveOnKeyDownEvent>b__58_0 () (at /home/bokken/build/output/unity/unity/Modules/UIBuilder/Editor/Builder/Builder.cs:262)
UnityEditor.EditorApplication:Internal_CallDelayFunctions () (at /home/bokken/build/output/unity/unity/Editor/Mono/EditorApplication.cs:418)

[/home/bokken/build/output/unity/unity/Modules/UIBuilder/Editor/Builder/Toolbar/BuilderToolbar.cs line 318]

Imported 'GUID: 14342c5d42ab2d391ad8cc1230418eb5' -> (Import Result ID: 'd4345f524ae35dac5cc3478a7a971ebe') in 0.088 seconds [static and dynamic dependencies]. Details - ImportResultOutputID=587019b76917f96ffa32df62b6c90542 DependenciesID=d7ec99c37fbf859cd74dac4647c69238 StaticDependenciesID=193fa63db1f7dde92762536fbf20bf65 
Asset Pipeline Refresh (id=24edad41f4eaf5ea48ca13662d25fd2c): Total: 0.230 seconds - Initiated by RefreshV2(NoUpdateAssetOptions)
[Worker0] Imported GUID: 14342c5d42ab2d391ad8cc1230418eb5 - Path: Assets/MainMenuUXML.uxml - Importer: PreviewImporter -> (ImportResultId: '357784bd44995c514fdd8b08cbd936c7') in 0.054606019 seconds
Asset Pipeline Refresh (id=a3aafb6dcde8acc9687c92c9efb494d7): Total: 0.002 seconds - Initiated by StopAssetImportingV2(ForceUpdate)
SpriteAtlasPacking completed in 0.005990 sec
Entering Playmode with Reload Domain disabled.
If you experience any issues, please disable "Enter Play Mode Options" in Editor Settings
Loaded scene 'Temp/__Backupscenes/0.backup'
	Deserialize:            0.690 ms
	Integration:            204.665 ms
	Integration of assets:  0.001 ms
	Thread Wait Time:       0.006 ms
	Total Operation Time:   205.362 ms
Button found
UnityEngine.Debug:ExtractStackTraceNoAlloc (byte*,int,string)
UnityEngine.StackTraceUtility:ExtractStackTrace () (at /home/bokken/build/output/unity/unity/Runtime/Export/Scripting/StackTrace.cs:35)
UnityEngine.DebugLogHandler:Internal_Log (UnityEngine.LogType,UnityEngine.LogOption,string,UnityEngine.Object)
UnityEngine.DebugLogHandler:LogFormat (UnityEngine.LogType,UnityEngine.Object,string,object[])
UnityEngine.Logger:Log (UnityEngine.LogType,object)
UnityEngine.Debug:Log (object)
SettingsMenuSwitchScript:OnUIReload (UnityEngine.UIElements.PanelRenderer,UnityEngine.UIElements.VisualElement) (at Assets/Scripts/SettingsMenuSwitchScript.cs:50)
UnityEngine.UIElements.PanelRenderer:InvokeUIReloadCallbacks () (at /home/bokken/build/output/unity/unity/Modules/UIElements/Core/Native/Renderer/PanelRenderer.bindings.cs:225)
UnityEngine.UIElements.PanelRenderer:AddRootVisualElementToTree () (at /home/bokken/build/output/unity/unity/Modules/UIElements/Core/Native/Renderer/PanelRenderer.bindings.cs:610)
UnityEngine.UIElements.PanelRenderer:ReactToHierarchyChanges () (at /home/bokken/build/output/unity/unity/Modules/UIElements/Core/Native/Renderer/PanelRenderer.bindings.cs:653)
UnityEngine.UIElements.UIElementsRuntimeUtility:PreUpdatePanelRenderers () (at /home/bokken/build/output/unity/unity/Modules/UIElements/Core/UIElementsRuntimeUtility.cs:401)
UnityEngine.UIElements.UIElementsRuntimeUtility:UpdatePanels () (at /home/bokken/build/output/unity/unity/Modules/UIElements/Core/UIElementsRuntimeUtility.cs:296)
UnityEngine.UIElements.UIElementsRuntimeUtilityNative:UpdatePanels () (at /home/bokken/build/output/unity/unity/Modules/UIElements/Core/Native/UIElementsUtility.bindings.cs:18)

(Filename: Assets/Scripts/SettingsMenuSwitchScript.cs Line: 50)

TabView found
UnityEngine.Debug:ExtractStackTraceNoAlloc (byte*,int,string)
UnityEngine.StackTraceUtility:ExtractStackTrace () (at /home/bokken/build/output/unity/unity/Runtime/Export/Scripting/StackTrace.cs:35)
UnityEngine.DebugLogHandler:Internal_Log (UnityEngine.LogType,UnityEngine.LogOption,string,UnityEngine.Object)
UnityEngine.DebugLogHandler:LogFormat (UnityEngine.LogType,UnityEngine.Object,string,object[])
UnityEngine.Logger:Log (UnityEngine.LogType,object)
UnityEngine.Debug:Log (object)
SettingsMenuSwitchScript:OnUIReload (UnityEngine.UIElements.PanelRenderer,UnityEngine.UIElements.VisualElement) (at Assets/Scripts/SettingsMenuSwitchScript.cs:51)
UnityEngine.UIElements.PanelRenderer:InvokeUIReloadCallbacks () (at /home/bokken/build/output/unity/unity/Modules/UIElements/Core/Native/Renderer/PanelRenderer.bindings.cs:225)
UnityEngine.UIElements.PanelRenderer:AddRootVisualElementToTree () (at /home/bokken/build/output/unity/unity/Modules/UIElements/Core/Native/Renderer/PanelRenderer.bindings.cs:610)
UnityEngine.UIElements.PanelRenderer:ReactToHierarchyChanges () (at /home/bokken/build/output/unity/unity/Modules/UIElements/Core/Native/Renderer/PanelRenderer.bindings.cs:653)
UnityEngine.UIElements.UIElementsRuntimeUtility:PreUpdatePanelRenderers () (at /home/bokken/build/output/unity/unity/Modules/UIElements/Core/UIElementsRuntimeUtility.cs:401)
UnityEngine.UIElements.UIElementsRuntimeUtility:UpdatePanels () (at /home/bokken/build/output/unity/unity/Modules/UIElements/Core/UIElementsRuntimeUtility.cs:296)
UnityEngine.UIElements.UIElementsRuntimeUtilityNative:UpdatePanels () (at /home/bokken/build/output/unity/unity/Modules/UIElements/Core/Native/UIElementsUtility.bindings.cs:18)

(Filename: Assets/Scripts/SettingsMenuSwitchScript.cs Line: 51)

Asset Pipeline Refresh (id=27494bd8211317ef1945480c5540de61): Total: 0.104 seconds - Initiated by RefreshV2(NoUpdateAssetOptions)
Asset Pipeline Refresh (id=4c26245d82369dcc0ade4db02b0b4c04): Total: 0.136 seconds - Initiated by RefreshV2(NoUpdateAssetOptions)
Unloading 0 Unused Serialized files (Serialized files now loaded: 0)
Loaded scene 'Temp/__Backupscenes/0.backup'
	Deserialize:            1.004 ms
	Integration:            205.890 ms
	Integration of assets:  0.003 ms
	Thread Wait Time:       0.001 ms
	Total Operation Time:   206.898 ms
Unloading 17 unused Assets / (22.8 KB). Loaded Objects now: 10450.
Memory consumption went from 413.6 MB to 413.5 MB.
Total: 61.808080 ms (FindLiveObjects: 0.348634 ms CreateObjectMapping: 0.810319 ms MarkObjects: 60.496934 ms  DeleteObjects: 0.150807 ms)

[Licensing::Client] Successfully resolved entitlement details
Asset Pipeline Refresh (id=c5e83ea2c8b4a2319aba3593558eb7ec): Total: 0.067 seconds - Initiated by RefreshV2(AllowForceSynchronousImport)
Project ID request failed, Reason: The requested URL returned error: 401 (401).
Unknown Unity Connect error (400). Please contact support at support@unity.com while processing request "https://services.unity.com/api/unity/legacy/v1/projects/ee7b5491-1663-4ee6-93c7-696200903c89", HTTP error code 401
.[Licensing::Client] Successfully resolved entitlement details
[Licensing::Client] Successfully updated the access token
[Licensing::Module] Successfully updated access token: "EPzZgu-e"... (expires: 2026-08-09T18:46:48Z)
[Licensing::Client] Successfully resolved entitlement details
[Licensing::Client] Successfully resolved entitlement details
UPID Received 'ee7b5491-1663-4ee6-93c7-696200903c89'.
Invalid device ID
Invalid device ID
Invalid device ID
Invalid device ID
Invalid device ID
Invalid device ID
Invalid device ID
Invalid device ID

Asset Pipeline Refresh (id=7c3ad035643e8684abff654004645004): Total: 0.376 seconds - Initiated by RefreshV2(AllowForceSynchronousImport)
	(Values over 0.05ms)
	Summary:
		Imports: total=0 (actual=0, local cache=0, cache server=0)
		Asset DB Process Time: managed=0 ms, native=363 ms
		Asset DB Callback time: managed=0 ms, native=12 ms
		Scripting: domain reloads=0, domain reload time=0 ms, compile time=0 ms, other=0 ms
		Project Asset Count: scripts=1616, non-scripts=3160
		Asset File Changes: new=0, changed=0, moved=0, deleted=0
		Scan Filter Count: 1
	InvokePackagesCallback: 12.203ms
	ApplyChangesToAssetFolders: 0.230ms
	Scan: 361.896ms
	Collect global state as custom dependencies: 0.118ms
	GatherAllCurrentPrimaryImportResultRevisions: 0.327ms
	UnloadStreamsBegin: 0.134ms
	UnloadStreamsEnd: 0.133ms
	Untracked: 0.677ms


Asset Pipeline Refresh (id=d41084ecd940c7974a7a76ac00aab7c4): Total: 4.842 seconds - Initiated by RefreshV2(AllowForceSynchronousImport)
	(Values over 0.05ms)
	Summary:
		Imports: total=0 (actual=0, local cache=0, cache server=0)
		Asset DB Process Time: managed=0 ms, native=4841 ms
		Asset DB Callback time: managed=0 ms, native=0 ms
		Scripting: domain reloads=0, domain reload time=0 ms, compile time=0 ms, other=0 ms
		Project Asset Count: scripts=1616, non-scripts=3160
		Asset File Changes: new=0, changed=0, moved=0, deleted=0
		Scan Filter Count: 1
	InvokePackagesCallback: 0.098ms
	ApplyChangesToAssetFolders: 0.140ms
	Scan: 4840.626ms
	Collect global state as custom dependencies: 0.107ms
	GatherAllCurrentPrimaryImportResultRevisions: 0.149ms
	UnloadStreamsEnd: 0.138ms
	Untracked: 0.575ms

MonoPathRemapper: Attempts to remap: 91728; Successful remaps: 23614
Serialized file version minimum: 22, current 23
[LAYOUT] About to save layout /home/soul514y3r/Unity/Projects/Testing/UserSettings/Layouts/default-6000.dwlt
[LAYOUT] About to save layout /home/soul514y3r/.config/unity3d/Preferences/Editor-5.x/Layouts/current/default-6000.dwlt
Shutting down MSBuild server...
Shutting down VB/C# compiler server...
VB/C# compiler server shut down successfully.
MSBuild server shut down successfully.
[Physics::Module] Cleanup current backend.
[Physics::Module] Id: 0xf2b8ea05
Input System module state changed to: ShutdownInProgress.
Input Polling Thread exited.
Input System module state changed to: Shutdown.
[Licensing::IpcConnector] LicenseClient-soul514y3r-6000.5.7-notifications channel disconnected successfully.
[Licensing::IpcConnector] LicenseClient-soul514y3r-6000.5.7 channel disconnected successfully.
AcceleratorClientConnectionCallback - disconnected - :0
Cleanup mono
CodeReloadManager destroyed
debugger-agent: Unable to listen on 188

SDL leaked 4 allocations
Turn on UNITY_SDL_ALLOCATION_TRACKING for detailed information.
Vulkan PSO: data extracted [new size=447761, old size=447761, incomplete=0]
Vulkan PSO: Pipeline cache has not changed skipping save handle[7df59c90]
Checking for leaked weakptr:
  Found no leaked weakptrs.
[Package Manager] Server process was shutdown
##utp:{"type":"MemoryLeaks","version":2,"phase":"Immediate","time":1786296952636,"processId":56371,"allocatedMemory":49445990,"memoryLabels":[{"Default":284717},{"Permanent":16185},{"Thread":1054072},{"Manager":823161},{"VertexData":8},{"Geometry":408},{"Texture":24},{"Shader":856213},{"Material":24},{"GfxDevice":41864},{"Animation":1016},{"Audio":1552},{"FreeType":8},{"FontEngine":736},{"Physics":2146},{"Physics2D":16},{"Serialization":294208},{"Input":60256},{"JobScheduler":256},{"TextLib":130400},{"Mono":80},{"MonoCode":1632},{"ScriptingNativeRuntime":155088},{"BaseObject":2167193},{"Resource":1032},{"Renderer":3072},{"Transform":4717},{"File":33531},{"WebCam":80},{"Culling":32},{"Terrain":11346},{"Wind":24},{"String":34063},{"StaticString":4140},{"Utility":2679728},{"PoolAlloc":2152},{"AI":80},{"TypeTree":692346},{"CodeReload":448},{"RuntimeInitializeOnLoadManager":64},{"Sprites":102},{"SpriteAtlas":120},{"GI":7408},{"Director":8280},{"CloudService":8056},{"WebRequest":4839},{"VR":47018},{"SceneManager":640},{"Video":64},{"LazyScriptCache":32},{"NativeArray":33285568},{"Camera":17},{"Secure":9985},{"SerializationCache":1576},{"APIUpdating":10320},{"Subsystems":336},{"VirtualTexturing":57552},{"StaticSafetyDebugInfo":278528},{"Analytics":760},{"Hierarchy":1424},{"UIElements":997864},{"CoreStats":13688},{"Identifiers":6768},{"Gui":630},{"EditorUtility":230466},{"VersionControl":8},{"Undo":963},{"AssetDatabase":5063667},{"AssetImporter":40},{"EditorGi":328},{"UnityConnect":35345},{"Upm":1836},{"UpmDiagnostics":8},{"AssetCompliance":64},{"DrivenProperties":72},{"LocalIPC":226},{"ProfilerEditor":9746},{"CoreBusinessMetrics":2400},{"Windowing":480},{"Licensing":688},{"AssetReference":32},{"IPCStream":32}]}
