Base path: '/home/soul514y3r/Unity/Hub/Editor/6000.5.7f1/Editor/Data', plugins path '/home/soul514y3r/Unity/Hub/Editor/6000.5.7f1/Editor/Data/PlaybackEngines', jobs: n
Cmd: initializeCompiler

Cmd: compileSnippet
  insize=2352 file=Packages/com.unity.render-pipelines.core/Shaders/CoreCopy.shader name=Hidden/CoreSRP/CoreCopy pass=Copy ppOnly=0 stripLineD=0 buildPlatform=20 rsLen=0 pKW=UNITY_ENABLE_REFLECTION_BUFFERS UNITY_USE_DITHER_MASK_FOR_ALPHABLENDED_SHADOWS UNITY_PBS_USE_BRDF1 UNITY_SPECCUBE_BOX_PROJECTION UNITY_SPECCUBE_BLENDING UNITY_ENABLE_DETAIL_NORMALMAP SHADER_API_DESKTOP UNITY_LIGHT_PROBE_PROXY_VOLUME UNITY_LIGHTMAP_FULL_HDR UNITY_PLATFORM_SUPPORTS_DEPTH_FETCH uKW=DISABLE_TEXTURE2D_X_ARRAY dKW=UNITY_NO_DXT5nm UNITY_FRAMEBUFFER_FETCH_AVAILABLE UNITY_METAL_SHADOWS_USE_POINT_FILTERING UNITY_NO_SCREENSPACE_SHADOWS UNITY_PBS_USE_BRDF2 UNITY_PBS_USE_BRDF3 UNITY_HARDWARE_TIER1 UNITY_HARDWARE_TIER2 UNITY_HARDWARE_TIER3 UNITY_COLORSPACE_GAMMA UNITY_LIGHTMAP_DLDR_ENCODING UNITY_LIGHTMAP_RGBM_ENCODING UNITY_VIRTUAL_TEXTURING UNITY_PRETRANSFORM_TO_DISPLAY_ORIENTATION UNITY_ASTC_NORMALMAP_ENCODING SHADER_API_GLES30 SHADER_API_GLES31 SHADER_API_GLES32 UNITY_UNIFIED_SHADER_PRECISION_MODEL flags=0 lang=3 type=Vertex platform=gles3 reqs=33 mask=6 start=44
RunExternalCompiler: begin name=HLSLcc
RunExternalCompiler: begin name=FXC
RunExternalCompiler: end
RunExternalCompiler: begin name=FXC
RunExternalCompiler: end
RunExternalCompiler: end
compileSnippet complete
 ok=1 outsize=1548

Cmd: compileSnippet
  insize=5864 file=Packages/com.unity.render-pipelines.universal/Shaders/PostProcessing/CameraMotionBlur.shader name=Hidden/Universal Render Pipeline/CameraMotionBlur pass=Camera Motion Blur - High Quality ppOnly=0 stripLineD=0 buildPlatform=20 rsLen=0 pKW=UNITY_ENABLE_REFLECTION_BUFFERS UNITY_USE_DITHER_MASK_FOR_ALPHABLENDED_SHADOWS UNITY_PBS_USE_BRDF1 UNITY_SPECCUBE_BOX_PROJECTION UNITY_SPECCUBE_BLENDING UNITY_ENABLE_DETAIL_NORMALMAP SHADER_API_DESKTOP UNITY_LIGHT_PROBE_PROXY_VOLUME UNITY_LIGHTMAP_FULL_HDR UNITY_PLATFORM_SUPPORTS_DEPTH_FETCH uKW= dKW=_ENABLE_ALPHA_OUTPUT UNITY_NO_DXT5nm UNITY_FRAMEBUFFER_FETCH_AVAILABLE UNITY_METAL_SHADOWS_USE_POINT_FILTERING UNITY_NO_SCREENSPACE_SHADOWS UNITY_PBS_USE_BRDF2 UNITY_PBS_USE_BRDF3 UNITY_HARDWARE_TIER1 UNITY_HARDWARE_TIER2 UNITY_HARDWARE_TIER3 UNITY_COLORSPACE_GAMMA UNITY_LIGHTMAP_DLDR_ENCODING UNITY_LIGHTMAP_RGBM_ENCODING UNITY_VIRTUAL_TEXTURING UNITY_PRETRANSFORM_TO_DISPLAY_ORIENTATION UNITY_ASTC_NORMALMAP_ENCODING SHADER_API_GLES30 SHADER_API_GLES31 SHADER_API_GLES32 UNITY_UNIFIED_SHADER_PRECISION_MODEL flags=0 lang=3 type=Vertex platform=gles3 reqs=33 mask=6 start=176
RunExternalCompiler: begin name=HLSLcc
RunExternalCompiler: begin name=FXC
RunExternalCompiler: end
RunExternalCompiler: begin name=FXC
RunExternalCompiler: end
RunExternalCompiler: end
compileSnippet complete
 ok=1 outsize=6433

Cmd: compileSnippet
  insize=1411 file=Packages/com.unity.render-pipelines.universal/Shaders/Terrain/WavingGrassBillboard.shader name=Hidden/TerrainEngine/Details/UniversalPipeline/BillboardWavingDoublePass pass=DepthNormals ppOnly=0 stripLineD=0 buildPlatform=20 rsLen=0 pKW=UNITY_ENABLE_REFLECTION_BUFFERS UNITY_USE_DITHER_MASK_FOR_ALPHABLENDED_SHADOWS UNITY_PBS_USE_BRDF1 UNITY_SPECCUBE_BOX_PROJECTION UNITY_SPECCUBE_BLENDING UNITY_ENABLE_DETAIL_NORMALMAP SHADER_API_DESKTOP UNITY_LIGHT_PROBE_PROXY_VOLUME UNITY_LIGHTMAP_FULL_HDR UNITY_PLATFORM_SUPPORTS_DEPTH_FETCH uKW= dKW=INSTANCING_ON _GLOSSINESS_FROM_BASE_ALPHA UNITY_NO_DXT5nm UNITY_FRAMEBUFFER_FETCH_AVAILABLE UNITY_METAL_SHADOWS_USE_POINT_FILTERING UNITY_NO_SCREENSPACE_SHADOWS UNITY_PBS_USE_BRDF2 UNITY_PBS_USE_BRDF3 UNITY_HARDWARE_TIER1 UNITY_HARDWARE_TIER2 UNITY_HARDWARE_TIER3 UNITY_COLORSPACE_GAMMA UNITY_LIGHTMAP_DLDR_ENCODING UNITY_LIGHTMAP_RGBM_ENCODING UNITY_VIRTUAL_TEXTURING UNITY_PRETRANSFORM_TO_DISPLAY_ORIENTATION UNITY_ASTC_NORMALMAP_ENCODING SHADER_API_GLES30 SHADER_API_GLES31 SHADER_API_GLES32 UNITY_UNIFIED_SHADER_PRECISION_MODEL flags=0 lang=3 type=Vertex platform=gles3 reqs=1 mask=6 start=152
RunExternalCompiler: begin name=HLSLcc
RunExternalCompiler: begin name=FXC
RunExternalCompiler: end
RunExternalCompiler: begin name=FXC
RunExternalCompiler: end
RunExternalCompiler: end
compileSnippet complete
 ok=1 outsize=9569

Cmd: compileSnippet
  insize=10815 file=Packages/com.unity.render-pipelines.universal/Shaders/PostProcessing/BokehDepthOfField.shader name=Hidden/Universal Render Pipeline/BokehDepthOfField pass=Bokeh Depth Of Field Blur ppOnly=0 stripLineD=0 buildPlatform=20 rsLen=0 pKW=UNITY_ENABLE_REFLECTION_BUFFERS UNITY_USE_DITHER_MASK_FOR_ALPHABLENDED_SHADOWS UNITY_PBS_USE_BRDF1 UNITY_SPECCUBE_BOX_PROJECTION UNITY_SPECCUBE_BLENDING UNITY_ENABLE_DETAIL_NORMALMAP SHADER_API_DESKTOP UNITY_LIGHT_PROBE_PROXY_VOLUME UNITY_LIGHTMAP_FULL_HDR UNITY_PLATFORM_SUPPORTS_DEPTH_FETCH uKW= dKW=_USE_FAST_SRGB_LINEAR_CONVERSION UNITY_NO_DXT5nm UNITY_FRAMEBUFFER_FETCH_AVAILABLE UNITY_METAL_SHADOWS_USE_POINT_FILTERING UNITY_NO_SCREENSPACE_SHADOWS UNITY_PBS_USE_BRDF2 UNITY_PBS_USE_BRDF3 UNITY_HARDWARE_TIER1 UNITY_HARDWARE_TIER2 UNITY_HARDWARE_TIER3 UNITY_COLORSPACE_GAMMA UNITY_LIGHTMAP_DLDR_ENCODING UNITY_LIGHTMAP_RGBM_ENCODING UNITY_VIRTUAL_TEXTURING UNITY_PRETRANSFORM_TO_DISPLAY_ORIENTATION UNITY_ASTC_NORMALMAP_ENCODING SHADER_API_GLES30 SHADER_API_GLES31 SHADER_API_GLES32 UNITY_UNIFIED_SHADER_PRECISION_MODEL flags=0 lang=3 type=Vertex platform=gles3 reqs=1101803 mask=6 start=266
RunExternalCompiler: begin name=HLSLcc
RunExternalCompiler: begin name=FXC
RunExternalCompiler: end
RunExternalCompiler: begin name=FXC
RunExternalCompiler: end
RunExternalCompiler: end
compileSnippet complete
 ok=1 outsize=4993

Cmd: compileSnippet
  insize=10834 file=Packages/com.unity.render-pipelines.universal/Shaders/2D/Light2D.shader name=Hidden/Light2D pass= ppOnly=0 stripLineD=0 buildPlatform=20 rsLen=0 pKW=UNITY_ENABLE_REFLECTION_BUFFERS UNITY_USE_DITHER_MASK_FOR_ALPHABLENDED_SHADOWS UNITY_PBS_USE_BRDF1 UNITY_SPECCUBE_BOX_PROJECTION UNITY_SPECCUBE_BLENDING UNITY_ENABLE_DETAIL_NORMALMAP SHADER_API_DESKTOP UNITY_LIGHT_PROBE_PROXY_VOLUME UNITY_LIGHTMAP_FULL_HDR UNITY_PLATFORM_SUPPORTS_DEPTH_FETCH uKW=USE_SHAPE_LIGHT_TYPE_1 USE_SHAPE_LIGHT_TYPE_2 USE_ADDITIVE_BLENDING LIGHT_QUALITY_FAST dKW=USE_SHAPE_LIGHT_TYPE_0 USE_SHAPE_LIGHT_TYPE_3 USE_NORMAL_MAP USE_SHADOW_MAP USE_VOLUMETRIC USE_POINT_LIGHT_COOKIES UNITY_NO_DXT5nm UNITY_FRAMEBUFFER_FETCH_AVAILABLE UNITY_METAL_SHADOWS_USE_POINT_FILTERING UNITY_NO_SCREENSPACE_SHADOWS UNITY_PBS_USE_BRDF2 UNITY_PBS_USE_BRDF3 UNITY_HARDWARE_TIER1 UNITY_HARDWARE_TIER2 UNITY_HARDWARE_TIER3 UNITY_COLORSPACE_GAMMA UNITY_LIGHTMAP_DLDR_ENCODING UNITY_LIGHTMAP_RGBM_ENCODING UNITY_VIRTUAL_TEXTURING UNITY_PRETRANSFORM_TO_DISPLAY_ORIENTATION UNITY_ASTC_NORMALMAP_ENCODING SHADER_API_GLES30 SHADER_API_GLES31 SHADER_API_GLES32 UNITY_UNIFIED_SHADER_PRECISION_MODEL flags=0 lang=3 type=Vertex platform=gles3 reqs=33 mask=6 start=20
RunExternalCompiler: begin name=HLSLcc
RunExternalCompiler: begin name=FXC
RunExternalCompiler: end
RunExternalCompiler: begin name=FXC
RunExternalCompiler: end
RunExternalCompiler: end
compileSnippet complete
 ok=1 outsize=13024

Cmd: compileSnippet
  insize=10834 file=Packages/com.unity.render-pipelines.universal/Shaders/2D/Light2D.shader name=Hidden/Light2D pass= ppOnly=0 stripLineD=0 buildPlatform=20 rsLen=0 pKW=UNITY_ENABLE_REFLECTION_BUFFERS UNITY_USE_DITHER_MASK_FOR_ALPHABLENDED_SHADOWS UNITY_PBS_USE_BRDF1 UNITY_SPECCUBE_BOX_PROJECTION UNITY_SPECCUBE_BLENDING UNITY_ENABLE_DETAIL_NORMALMAP SHADER_API_DESKTOP UNITY_LIGHT_PROBE_PROXY_VOLUME UNITY_LIGHTMAP_FULL_HDR UNITY_PLATFORM_SUPPORTS_DEPTH_FETCH uKW=USE_SHAPE_LIGHT_TYPE_1 USE_SHAPE_LIGHT_TYPE_2 USE_ADDITIVE_BLENDING dKW=USE_SHAPE_LIGHT_TYPE_0 USE_SHAPE_LIGHT_TYPE_3 USE_NORMAL_MAP USE_SHADOW_MAP USE_VOLUMETRIC USE_POINT_LIGHT_COOKIES LIGHT_QUALITY_FAST UNITY_NO_DXT5nm UNITY_FRAMEBUFFER_FETCH_AVAILABLE UNITY_METAL_SHADOWS_USE_POINT_FILTERING UNITY_NO_SCREENSPACE_SHADOWS UNITY_PBS_USE_BRDF2 UNITY_PBS_USE_BRDF3 UNITY_HARDWARE_TIER1 UNITY_HARDWARE_TIER2 UNITY_HARDWARE_TIER3 UNITY_COLORSPACE_GAMMA UNITY_LIGHTMAP_DLDR_ENCODING UNITY_LIGHTMAP_RGBM_ENCODING UNITY_VIRTUAL_TEXTURING UNITY_PRETRANSFORM_TO_DISPLAY_ORIENTATION UNITY_ASTC_NORMALMAP_ENCODING SHADER_API_GLES30 SHADER_API_GLES31 SHADER_API_GLES32 UNITY_UNIFIED_SHADER_PRECISION_MODEL flags=0 lang=3 type=Vertex platform=gles3 reqs=33 mask=6 start=20
RunExternalCompiler: begin name=HLSLcc
RunExternalCompiler: begin name=FXC
RunExternalCompiler: end
RunExternalCompiler: begin name=FXC
RunExternalCompiler: end
RunExternalCompiler: end
compileSnippet complete
 ok=1 outsize=13024

Cmd: compileSnippet
  insize=10834 file=Packages/com.unity.render-pipelines.universal/Shaders/2D/Light2D.shader name=Hidden/Light2D pass= ppOnly=0 stripLineD=0 buildPlatform=20 rsLen=0 pKW=UNITY_ENABLE_REFLECTION_BUFFERS UNITY_USE_DITHER_MASK_FOR_ALPHABLENDED_SHADOWS UNITY_PBS_USE_BRDF1 UNITY_SPECCUBE_BOX_PROJECTION UNITY_SPECCUBE_BLENDING UNITY_ENABLE_DETAIL_NORMALMAP SHADER_API_DESKTOP UNITY_LIGHT_PROBE_PROXY_VOLUME UNITY_LIGHTMAP_FULL_HDR UNITY_PLATFORM_SUPPORTS_DEPTH_FETCH uKW=USE_SHAPE_LIGHT_TYPE_1 USE_SHAPE_LIGHT_TYPE_2 USE_VOLUMETRIC USE_POINT_LIGHT_COOKIES LIGHT_QUALITY_FAST dKW=USE_SHAPE_LIGHT_TYPE_0 USE_SHAPE_LIGHT_TYPE_3 USE_NORMAL_MAP USE_SHADOW_MAP USE_ADDITIVE_BLENDING UNITY_NO_DXT5nm UNITY_FRAMEBUFFER_FETCH_AVAILABLE UNITY_METAL_SHADOWS_USE_POINT_FILTERING UNITY_NO_SCREENSPACE_SHADOWS UNITY_PBS_USE_BRDF2 UNITY_PBS_USE_BRDF3 UNITY_HARDWARE_TIER1 UNITY_HARDWARE_TIER2 UNITY_HARDWARE_TIER3 UNITY_COLORSPACE_GAMMA UNITY_LIGHTMAP_DLDR_ENCODING UNITY_LIGHTMAP_RGBM_ENCODING UNITY_VIRTUAL_TEXTURING UNITY_PRETRANSFORM_TO_DISPLAY_ORIENTATION UNITY_ASTC_NORMALMAP_ENCODING SHADER_API_GLES30 SHADER_API_GLES31 SHADER_API_GLES32 UNITY_UNIFIED_SHADER_PRECISION_MODEL flags=0 lang=3 type=Vertex platform=gles3 reqs=33 mask=6 start=20
RunExternalCompiler: begin name=HLSLcc
RunExternalCompiler: begin name=FXC
RunExternalCompiler: end
RunExternalCompiler: begin name=FXC
RunExternalCompiler: end
RunExternalCompiler: end
compileSnippet complete
 ok=1 outsize=13493

Cmd: compileSnippet
  insize=10834 file=Packages/com.unity.render-pipelines.universal/Shaders/2D/Light2D.shader name=Hidden/Light2D pass= ppOnly=0 stripLineD=0 buildPlatform=20 rsLen=0 pKW=UNITY_ENABLE_REFLECTION_BUFFERS UNITY_USE_DITHER_MASK_FOR_ALPHABLENDED_SHADOWS UNITY_PBS_USE_BRDF1 UNITY_SPECCUBE_BOX_PROJECTION UNITY_SPECCUBE_BLENDING UNITY_ENABLE_DETAIL_NORMALMAP SHADER_API_DESKTOP UNITY_LIGHT_PROBE_PROXY_VOLUME UNITY_LIGHTMAP_FULL_HDR UNITY_PLATFORM_SUPPORTS_DEPTH_FETCH uKW=USE_SHAPE_LIGHT_TYPE_1 USE_SHAPE_LIGHT_TYPE_2 USE_VOLUMETRIC USE_POINT_LIGHT_COOKIES dKW=USE_SHAPE_LIGHT_TYPE_0 USE_SHAPE_LIGHT_TYPE_3 USE_NORMAL_MAP USE_SHADOW_MAP USE_ADDITIVE_BLENDING LIGHT_QUALITY_FAST UNITY_NO_DXT5nm UNITY_FRAMEBUFFER_FETCH_AVAILABLE UNITY_METAL_SHADOWS_USE_POINT_FILTERING UNITY_NO_SCREENSPACE_SHADOWS UNITY_PBS_USE_BRDF2 UNITY_PBS_USE_BRDF3 UNITY_HARDWARE_TIER1 UNITY_HARDWARE_TIER2 UNITY_HARDWARE_TIER3 UNITY_COLORSPACE_GAMMA UNITY_LIGHTMAP_DLDR_ENCODING UNITY_LIGHTMAP_RGBM_ENCODING UNITY_VIRTUAL_TEXTURING UNITY_PRETRANSFORM_TO_DISPLAY_ORIENTATION UNITY_ASTC_NORMALMAP_ENCODING SHADER_API_GLES30 SHADER_API_GLES31 SHADER_API_GLES32 UNITY_UNIFIED_SHADER_PRECISION_MODEL flags=0 lang=3 type=Vertex platform=gles3 reqs=33 mask=6 start=20
RunExternalCompiler: begin name=HLSLcc
RunExternalCompiler: begin name=FXC
RunExternalCompiler: end
RunExternalCompiler: begin name=FXC
RunExternalCompiler: end
RunExternalCompiler: end
compileSnippet complete
 ok=1 outsize=13493

Cmd: compileSnippet
  insize=10834 file=Packages/com.unity.render-pipelines.universal/Shaders/2D/Light2D.shader name=Hidden/Light2D pass= ppOnly=0 stripLineD=0 buildPlatform=20 rsLen=0 pKW=UNITY_ENABLE_REFLECTION_BUFFERS UNITY_USE_DITHER_MASK_FOR_ALPHABLENDED_SHADOWS UNITY_PBS_USE_BRDF1 UNITY_SPECCUBE_BOX_PROJECTION UNITY_SPECCUBE_BLENDING UNITY_ENABLE_DETAIL_NORMALMAP SHADER_API_DESKTOP UNITY_LIGHT_PROBE_PROXY_VOLUME UNITY_LIGHTMAP_FULL_HDR UNITY_PLATFORM_SUPPORTS_DEPTH_FETCH uKW=USE_SHAPE_LIGHT_TYPE_1 USE_SHAPE_LIGHT_TYPE_2 USE_VOLUMETRIC LIGHT_QUALITY_FAST dKW=USE_SHAPE_LIGHT_TYPE_0 USE_SHAPE_LIGHT_TYPE_3 USE_NORMAL_MAP USE_SHADOW_MAP USE_ADDITIVE_BLENDING USE_POINT_LIGHT_COOKIES UNITY_NO_DXT5nm UNITY_FRAMEBUFFER_FETCH_AVAILABLE UNITY_METAL_SHADOWS_USE_POINT_FILTERING UNITY_NO_SCREENSPACE_SHADOWS UNITY_PBS_USE_BRDF2 UNITY_PBS_USE_BRDF3 UNITY_HARDWARE_TIER1 UNITY_HARDWARE_TIER2 UNITY_HARDWARE_TIER3 UNITY_COLORSPACE_GAMMA UNITY_LIGHTMAP_DLDR_ENCODING UNITY_LIGHTMAP_RGBM_ENCODING UNITY_VIRTUAL_TEXTURING UNITY_PRETRANSFORM_TO_DISPLAY_ORIENTATION UNITY_ASTC_NORMALMAP_ENCODING SHADER_API_GLES30 SHADER_API_GLES31 SHADER_API_GLES32 UNITY_UNIFIED_SHADER_PRECISION_MODEL flags=0 lang=3 type=Vertex platform=gles3 reqs=33 mask=6 start=20
RunExternalCompiler: begin name=HLSLcc
RunExternalCompiler: begin name=FXC
RunExternalCompiler: end
RunExternalCompiler: begin name=FXC
RunExternalCompiler: end
RunExternalCompiler: end
compileSnippet complete
 ok=1 outsize=13255

Cmd: compileSnippet
  insize=10834 file=Packages/com.unity.render-pipelines.universal/Shaders/2D/Light2D.shader name=Hidden/Light2D pass= ppOnly=0 stripLineD=0 buildPlatform=20 rsLen=0 pKW=UNITY_ENABLE_REFLECTION_BUFFERS UNITY_USE_DITHER_MASK_FOR_ALPHABLENDED_SHADOWS UNITY_PBS_USE_BRDF1 UNITY_SPECCUBE_BOX_PROJECTION UNITY_SPECCUBE_BLENDING UNITY_ENABLE_DETAIL_NORMALMAP SHADER_API_DESKTOP UNITY_LIGHT_PROBE_PROXY_VOLUME UNITY_LIGHTMAP_FULL_HDR UNITY_PLATFORM_SUPPORTS_DEPTH_FETCH uKW=USE_SHAPE_LIGHT_TYPE_1 USE_SHAPE_LIGHT_TYPE_2 USE_VOLUMETRIC dKW=USE_SHAPE_LIGHT_TYPE_0 USE_SHAPE_LIGHT_TYPE_3 USE_NORMAL_MAP USE_SHADOW_MAP USE_ADDITIVE_BLENDING USE_POINT_LIGHT_COOKIES LIGHT_QUALITY_FAST UNITY_NO_DXT5nm UNITY_FRAMEBUFFER_FETCH_AVAILABLE UNITY_METAL_SHADOWS_USE_POINT_FILTERING UNITY_NO_SCREENSPACE_SHADOWS UNITY_PBS_USE_BRDF2 UNITY_PBS_USE_BRDF3 UNITY_HARDWARE_TIER1 UNITY_HARDWARE_TIER2 UNITY_HARDWARE_TIER3 UNITY_COLORSPACE_GAMMA UNITY_LIGHTMAP_DLDR_ENCODING UNITY_LIGHTMAP_RGBM_ENCODING UNITY_VIRTUAL_TEXTURING UNITY_PRETRANSFORM_TO_DISPLAY_ORIENTATION UNITY_ASTC_NORMALMAP_ENCODING SHADER_API_GLES30 SHADER_API_GLES31 SHADER_API_GLES32 UNITY_UNIFIED_SHADER_PRECISION_MODEL flags=0 lang=3 type=Vertex platform=gles3 reqs=33 mask=6 start=20
RunExternalCompiler: begin name=HLSLcc
RunExternalCompiler: begin name=FXC
RunExternalCompiler: end
RunExternalCompiler: begin name=FXC
RunExternalCompiler: end
RunExternalCompiler: end
compileSnippet complete
 ok=1 outsize=13255

Cmd: compileSnippet
  insize=10834 file=Packages/com.unity.render-pipelines.universal/Shaders/2D/Light2D.shader name=Hidden/Light2D pass= ppOnly=0 stripLineD=0 buildPlatform=20 rsLen=0 pKW=UNITY_ENABLE_REFLECTION_BUFFERS UNITY_USE_DITHER_MASK_FOR_ALPHABLENDED_SHADOWS UNITY_PBS_USE_BRDF1 UNITY_SPECCUBE_BOX_PROJECTION UNITY_SPECCUBE_BLENDING UNITY_ENABLE_DETAIL_NORMALMAP SHADER_API_DESKTOP UNITY_LIGHT_PROBE_PROXY_VOLUME UNITY_LIGHTMAP_FULL_HDR UNITY_PLATFORM_SUPPORTS_DEPTH_FETCH uKW=USE_SHAPE_LIGHT_TYPE_1 USE_SHAPE_LIGHT_TYPE_2 USE_POINT_LIGHT_COOKIES LIGHT_QUALITY_FAST dKW=USE_SHAPE_LIGHT_TYPE_0 USE_SHAPE_LIGHT_TYPE_3 USE_NORMAL_MAP USE_SHADOW_MAP USE_ADDITIVE_BLENDING USE_VOLUMETRIC UNITY_NO_DXT5nm UNITY_FRAMEBUFFER_FETCH_AVAILABLE UNITY_METAL_SHADOWS_USE_POINT_FILTERING UNITY_NO_SCREENSPACE_SHADOWS UNITY_PBS_USE_BRDF2 UNITY_PBS_USE_BRDF3 UNITY_HARDWARE_TIER1 UNITY_HARDWARE_TIER2 UNITY_HARDWARE_TIER3 UNITY_COLORSPACE_GAMMA UNITY_LIGHTMAP_DLDR_ENCODING UNITY_LIGHTMAP_RGBM_ENCODING UNITY_VIRTUAL_TEXTURING UNITY_PRETRANSFORM_TO_DISPLAY_ORIENTATION UNITY_ASTC_NORMALMAP_ENCODING SHADER_API_GLES30 SHADER_API_GLES31 SHADER_API_GLES32 UNITY_UNIFIED_SHADER_PRECISION_MODEL flags=0 lang=3 type=Vertex platform=gles3 reqs=33 mask=6 start=20
RunExternalCompiler: begin name=HLSLcc
RunExternalCompiler: begin name=FXC
RunExternalCompiler: end
RunExternalCompiler: begin name=FXC
RunExternalCompiler: end
RunExternalCompiler: end
compileSnippet complete
 ok=1 outsize=13140

Cmd: compileSnippet
  insize=10834 file=Packages/com.unity.render-pipelines.universal/Shaders/2D/Light2D.shader name=Hidden/Light2D pass= ppOnly=0 stripLineD=0 buildPlatform=20 rsLen=0 pKW=UNITY_ENABLE_REFLECTION_BUFFERS UNITY_USE_DITHER_MASK_FOR_ALPHABLENDED_SHADOWS UNITY_PBS_USE_BRDF1 UNITY_SPECCUBE_BOX_PROJECTION UNITY_SPECCUBE_BLENDING UNITY_ENABLE_DETAIL_NORMALMAP SHADER_API_DESKTOP UNITY_LIGHT_PROBE_PROXY_VOLUME UNITY_LIGHTMAP_FULL_HDR UNITY_PLATFORM_SUPPORTS_DEPTH_FETCH uKW=USE_SHAPE_LIGHT_TYPE_1 USE_SHAPE_LIGHT_TYPE_2 USE_POINT_LIGHT_COOKIES dKW=USE_SHAPE_LIGHT_TYPE_0 USE_SHAPE_LIGHT_TYPE_3 USE_NORMAL_MAP USE_SHADOW_MAP USE_ADDITIVE_BLENDING USE_VOLUMETRIC LIGHT_QUALITY_FAST UNITY_NO_DXT5nm UNITY_FRAMEBUFFER_FETCH_AVAILABLE UNITY_METAL_SHADOWS_USE_POINT_FILTERING UNITY_NO_SCREENSPACE_SHADOWS UNITY_PBS_USE_BRDF2 UNITY_PBS_USE_BRDF3 UNITY_HARDWARE_TIER1 UNITY_HARDWARE_TIER2 UNITY_HARDWARE_TIER3 UNITY_COLORSPACE_GAMMA UNITY_LIGHTMAP_DLDR_ENCODING UNITY_LIGHTMAP_RGBM_ENCODING UNITY_VIRTUAL_TEXTURING UNITY_PRETRANSFORM_TO_DISPLAY_ORIENTATION UNITY_ASTC_NORMALMAP_ENCODING SHADER_API_GLES30 SHADER_API_GLES31 SHADER_API_GLES32 UNITY_UNIFIED_SHADER_PRECISION_MODEL flags=0 lang=3 type=Vertex platform=gles3 reqs=33 mask=6 start=20
RunExternalCompiler: begin name=HLSLcc
RunExternalCompiler: begin name=FXC
RunExternalCompiler: end
RunExternalCompiler: begin name=FXC
RunExternalCompiler: end
RunExternalCompiler: end
compileSnippet complete
 ok=1 outsize=13140

Cmd: compileSnippet
  insize=10834 file=Packages/com.unity.render-pipelines.universal/Shaders/2D/Light2D.shader name=Hidden/Light2D pass= ppOnly=0 stripLineD=0 buildPlatform=20 rsLen=0 pKW=UNITY_ENABLE_REFLECTION_BUFFERS UNITY_USE_DITHER_MASK_FOR_ALPHABLENDED_SHADOWS UNITY_PBS_USE_BRDF1 UNITY_SPECCUBE_BOX_PROJECTION UNITY_SPECCUBE_BLENDING UNITY_ENABLE_DETAIL_NORMALMAP SHADER_API_DESKTOP UNITY_LIGHT_PROBE_PROXY_VOLUME UNITY_LIGHTMAP_FULL_HDR UNITY_PLATFORM_SUPPORTS_DEPTH_FETCH uKW=USE_SHAPE_LIGHT_TYPE_1 USE_SHAPE_LIGHT_TYPE_2 LIGHT_QUALITY_FAST dKW=USE_SHAPE_LIGHT_TYPE_0 USE_SHAPE_LIGHT_TYPE_3 USE_NORMAL_MAP USE_SHADOW_MAP USE_ADDITIVE_BLENDING USE_VOLUMETRIC USE_POINT_LIGHT_COOKIES UNITY_NO_DXT5nm UNITY_FRAMEBUFFER_FETCH_AVAILABLE UNITY_METAL_SHADOWS_USE_POINT_FILTERING UNITY_NO_SCREENSPACE_SHADOWS UNITY_PBS_USE_BRDF2 UNITY_PBS_USE_BRDF3 UNITY_HARDWARE_TIER1 UNITY_HARDWARE_TIER2 UNITY_HARDWARE_TIER3 UNITY_COLORSPACE_GAMMA UNITY_LIGHTMAP_DLDR_ENCODING UNITY_LIGHTMAP_RGBM_ENCODING UNITY_VIRTUAL_TEXTURING UNITY_PRETRANSFORM_TO_DISPLAY_ORIENTATION UNITY_ASTC_NORMALMAP_ENCODING SHADER_API_GLES30 SHADER_API_GLES31 SHADER_API_GLES32 UNITY_UNIFIED_SHADER_PRECISION_MODEL flags=0 lang=3 type=Vertex platform=gles3 reqs=33 mask=6 start=20
RunExternalCompiler: begin name=HLSLcc
RunExternalCompiler: begin name=FXC
RunExternalCompiler: end
RunExternalCompiler: begin name=FXC
RunExternalCompiler: end
RunExternalCompiler: end
compileSnippet complete
 ok=1 outsize=12976

Cmd: compileSnippet
  insize=10834 file=Packages/com.unity.render-pipelines.universal/Shaders/2D/Light2D.shader name=Hidden/Light2D pass= ppOnly=0 stripLineD=0 buildPlatform=20 rsLen=0 pKW=UNITY_ENABLE_REFLECTION_BUFFERS UNITY_USE_DITHER_MASK_FOR_ALPHABLENDED_SHADOWS UNITY_PBS_USE_BRDF1 UNITY_SPECCUBE_BOX_PROJECTION UNITY_SPECCUBE_BLENDING UNITY_ENABLE_DETAIL_NORMALMAP SHADER_API_DESKTOP UNITY_LIGHT_PROBE_PROXY_VOLUME UNITY_LIGHTMAP_FULL_HDR UNITY_PLATFORM_SUPPORTS_DEPTH_FETCH uKW=USE_SHAPE_LIGHT_TYPE_1 USE_SHAPE_LIGHT_TYPE_2 dKW=USE_SHAPE_LIGHT_TYPE_0 USE_SHAPE_LIGHT_TYPE_3 USE_NORMAL_MAP USE_SHADOW_MAP USE_ADDITIVE_BLENDING USE_VOLUMETRIC USE_POINT_LIGHT_COOKIES LIGHT_QUALITY_FAST UNITY_NO_DXT5nm UNITY_FRAMEBUFFER_FETCH_AVAILABLE UNITY_METAL_SHADOWS_USE_POINT_FILTERING UNITY_NO_SCREENSPACE_SHADOWS UNITY_PBS_USE_BRDF2 UNITY_PBS_USE_BRDF3 UNITY_HARDWARE_TIER1 UNITY_HARDWARE_TIER2 UNITY_HARDWARE_TIER3 UNITY_COLORSPACE_GAMMA UNITY_LIGHTMAP_DLDR_ENCODING UNITY_LIGHTMAP_RGBM_ENCODING UNITY_VIRTUAL_TEXTURING UNITY_PRETRANSFORM_TO_DISPLAY_ORIENTATION UNITY_ASTC_NORMALMAP_ENCODING SHADER_API_GLES30 SHADER_API_GLES31 SHADER_API_GLES32 UNITY_UNIFIED_SHADER_PRECISION_MODEL flags=0 lang=3 type=Vertex platform=gles3 reqs=33 mask=6 start=20
RunExternalCompiler: begin name=HLSLcc
RunExternalCompiler: begin name=FXC
RunExternalCompiler: end
RunExternalCompiler: begin name=FXC
RunExternalCompiler: end
RunExternalCompiler: end
compileSnippet complete
 ok=1 outsize=12976

Cmd: compileSnippet
  insize=10834 file=Packages/com.unity.render-pipelines.universal/Shaders/2D/Light2D.shader name=Hidden/Light2D pass= ppOnly=0 stripLineD=0 buildPlatform=20 rsLen=0 pKW=UNITY_ENABLE_REFLECTION_BUFFERS UNITY_USE_DITHER_MASK_FOR_ALPHABLENDED_SHADOWS UNITY_PBS_USE_BRDF1 UNITY_SPECCUBE_BOX_PROJECTION UNITY_SPECCUBE_BLENDING UNITY_ENABLE_DETAIL_NORMALMAP SHADER_API_DESKTOP UNITY_LIGHT_PROBE_PROXY_VOLUME UNITY_LIGHTMAP_FULL_HDR UNITY_PLATFORM_SUPPORTS_DEPTH_FETCH uKW=USE_SHAPE_LIGHT_TYPE_1 USE_SHAPE_LIGHT_TYPE_3 USE_NORMAL_MAP USE_SHADOW_MAP USE_ADDITIVE_BLENDING USE_VOLUMETRIC USE_POINT_LIGHT_COOKIES LIGHT_QUALITY_FAST dKW=USE_SHAPE_LIGHT_TYPE_0 USE_SHAPE_LIGHT_TYPE_2 UNITY_NO_DXT5nm UNITY_FRAMEBUFFER_FETCH_AVAILABLE UNITY_METAL_SHADOWS_USE_POINT_FILTERING UNITY_NO_SCREENSPACE_SHADOWS UNITY_PBS_USE_BRDF2 UNITY_PBS_USE_BRDF3 UNITY_HARDWARE_TIER1 UNITY_HARDWARE_TIER2 UNITY_HARDWARE_TIER3 UNITY_COLORSPACE_GAMMA UNITY_LIGHTMAP_DLDR_ENCODING UNITY_LIGHTMAP_RGBM_ENCODING UNITY_VIRTUAL_TEXTURING UNITY_PRETRANSFORM_TO_DISPLAY_ORIENTATION UNITY_ASTC_NORMALMAP_ENCODING SHADER_API_GLES30 SHADER_API_GLES31 SHADER_API_GLES32 UNITY_UNIFIED_SHADER_PRECISION_MODEL flags=0 lang=3 type=Vertex platform=gles3 reqs=33 mask=6 start=20
RunExternalCompiler: begin name=HLSLcc
RunExternalCompiler: begin name=FXC
RunExternalCompiler: end
RunExternalCompiler: begin name=FXC
RunExternalCompiler: end
RunExternalCompiler: end
compileSnippet complete
 ok=1 outsize=17990

Cmd: compileSnippet
  insize=10834 file=Packages/com.unity.render-pipelines.universal/Shaders/2D/Light2D.shader name=Hidden/Light2D pass= ppOnly=0 stripLineD=0 buildPlatform=20 rsLen=0 pKW=UNITY_ENABLE_REFLECTION_BUFFERS UNITY_USE_DITHER_MASK_FOR_ALPHABLENDED_SHADOWS UNITY_PBS_USE_BRDF1 UNITY_SPECCUBE_BOX_PROJECTION UNITY_SPECCUBE_BLENDING UNITY_ENABLE_DETAIL_NORMALMAP SHADER_API_DESKTOP UNITY_LIGHT_PROBE_PROXY_VOLUME UNITY_LIGHTMAP_FULL_HDR UNITY_PLATFORM_SUPPORTS_DEPTH_FETCH uKW=USE_SHAPE_LIGHT_TYPE_1 USE_SHAPE_LIGHT_TYPE_3 USE_NORMAL_MAP USE_SHADOW_MAP USE_ADDITIVE_BLENDING USE_VOLUMETRIC USE_POINT_LIGHT_COOKIES dKW=USE_SHAPE_LIGHT_TYPE_0 USE_SHAPE_LIGHT_TYPE_2 LIGHT_QUALITY_FAST UNITY_NO_DXT5nm UNITY_FRAMEBUFFER_FETCH_AVAILABLE UNITY_METAL_SHADOWS_USE_POINT_FILTERING UNITY_NO_SCREENSPACE_SHADOWS UNITY_PBS_USE_BRDF2 UNITY_PBS_USE_BRDF3 UNITY_HARDWARE_TIER1 UNITY_HARDWARE_TIER2 UNITY_HARDWARE_TIER3 UNITY_COLORSPACE_GAMMA UNITY_LIGHTMAP_DLDR_ENCODING UNITY_LIGHTMAP_RGBM_ENCODING UNITY_VIRTUAL_TEXTURING UNITY_PRETRANSFORM_TO_DISPLAY_ORIENTATION UNITY_ASTC_NORMALMAP_ENCODING SHADER_API_GLES30 SHADER_API_GLES31 SHADER_API_GLES32 UNITY_UNIFIED_SHADER_PRECISION_MODEL flags=0 lang=3 type=Vertex platform=gles3 reqs=33 mask=6 start=20
RunExternalCompiler: begin name=HLSLcc
RunExternalCompiler: begin name=FXC
RunExternalCompiler: end
RunExternalCompiler: begin name=FXC
RunExternalCompiler: end
RunExternalCompiler: end
compileSnippet complete
 ok=1 outsize=16351

Cmd: compileSnippet
  insize=10834 file=Packages/com.unity.render-pipelines.universal/Shaders/2D/Light2D.shader name=Hidden/Light2D pass= ppOnly=0 stripLineD=0 buildPlatform=20 rsLen=0 pKW=UNITY_ENABLE_REFLECTION_BUFFERS UNITY_USE_DITHER_MASK_FOR_ALPHABLENDED_SHADOWS UNITY_PBS_USE_BRDF1 UNITY_SPECCUBE_BOX_PROJECTION UNITY_SPECCUBE_BLENDING UNITY_ENABLE_DETAIL_NORMALMAP SHADER_API_DESKTOP UNITY_LIGHT_PROBE_PROXY_VOLUME UNITY_LIGHTMAP_FULL_HDR UNITY_PLATFORM_SUPPORTS_DEPTH_FETCH uKW=USE_SHAPE_LIGHT_TYPE_1 USE_SHAPE_LIGHT_TYPE_3 USE_NORMAL_MAP USE_SHADOW_MAP USE_ADDITIVE_BLENDING USE_VOLUMETRIC LIGHT_QUALITY_FAST dKW=USE_SHAPE_LIGHT_TYPE_0 USE_SHAPE_LIGHT_TYPE_2 USE_POINT_LIGHT_COOKIES UNITY_NO_DXT5nm UNITY_FRAMEBUFFER_FETCH_AVAILABLE UNITY_METAL_SHADOWS_USE_POINT_FILTERING UNITY_NO_SCREENSPACE_SHADOWS UNITY_PBS_USE_BRDF2 UNITY_PBS_USE_BRDF3 UNITY_HARDWARE_TIER1 UNITY_HARDWARE_TIER2 UNITY_HARDWARE_TIER3 UNITY_COLORSPACE_GAMMA UNITY_LIGHTMAP_DLDR_ENCODING UNITY_LIGHTMAP_RGBM_ENCODING UNITY_VIRTUAL_TEXTURING UNITY_PRETRANSFORM_TO_DISPLAY_ORIENTATION UNITY_ASTC_NORMALMAP_ENCODING SHADER_API_GLES30 SHADER_API_GLES31 SHADER_API_GLES32 UNITY_UNIFIED_SHADER_PRECISION_MODEL flags=0 lang=3 type=Vertex platform=gles3 reqs=33 mask=6 start=20
RunExternalCompiler: begin name=HLSLcc
RunExternalCompiler: begin name=FXC
RunExternalCompiler: end
RunExternalCompiler: begin name=FXC
RunExternalCompiler: end
RunExternalCompiler: end
compileSnippet complete
 ok=1 outsize=17755

Cmd: compileSnippet
  insize=10834 file=Packages/com.unity.render-pipelines.universal/Shaders/2D/Light2D.shader name=Hidden/Light2D pass= ppOnly=0 stripLineD=0 buildPlatform=20 rsLen=0 pKW=UNITY_ENABLE_REFLECTION_BUFFERS UNITY_USE_DITHER_MASK_FOR_ALPHABLENDED_SHADOWS UNITY_PBS_USE_BRDF1 UNITY_SPECCUBE_BOX_PROJECTION UNITY_SPECCUBE_BLENDING UNITY_ENABLE_DETAIL_NORMALMAP SHADER_API_DESKTOP UNITY_LIGHT_PROBE_PROXY_VOLUME UNITY_LIGHTMAP_FULL_HDR UNITY_PLATFORM_SUPPORTS_DEPTH_FETCH uKW=USE_SHAPE_LIGHT_TYPE_1 USE_SHAPE_LIGHT_TYPE_3 USE_NORMAL_MAP USE_SHADOW_MAP USE_ADDITIVE_BLENDING USE_VOLUMETRIC dKW=USE_SHAPE_LIGHT_TYPE_0 USE_SHAPE_LIGHT_TYPE_2 USE_POINT_LIGHT_COOKIES LIGHT_QUALITY_FAST UNITY_NO_DXT5nm UNITY_FRAMEBUFFER_FETCH_AVAILABLE UNITY_METAL_SHADOWS_USE_POINT_FILTERING UNITY_NO_SCREENSPACE_SHADOWS UNITY_PBS_USE_BRDF2 UNITY_PBS_USE_BRDF3 UNITY_HARDWARE_TIER1 UNITY_HARDWARE_TIER2 UNITY_HARDWARE_TIER3 UNITY_COLORSPACE_GAMMA UNITY_LIGHTMAP_DLDR_ENCODING UNITY_LIGHTMAP_RGBM_ENCODING UNITY_VIRTUAL_TEXTURING UNITY_PRETRANSFORM_TO_DISPLAY_ORIENTATION UNITY_ASTC_NORMALMAP_ENCODING SHADER_API_GLES30 SHADER_API_GLES31 SHADER_API_GLES32 UNITY_UNIFIED_SHADER_PRECISION_MODEL flags=0 lang=3 type=Vertex platform=gles3 reqs=33 mask=6 start=20
RunExternalCompiler: begin name=HLSLcc
RunExternalCompiler: begin name=FXC
RunExternalCompiler: end
RunExternalCompiler: begin name=FXC
RunExternalCompiler: end
RunExternalCompiler: end
compileSnippet complete
 ok=1 outsize=16116

Cmd: compileSnippet
  insize=10834 file=Packages/com.unity.render-pipelines.universal/Shaders/2D/Light2D.shader name=Hidden/Light2D pass= ppOnly=0 stripLineD=0 buildPlatform=20 rsLen=0 pKW=UNITY_ENABLE_REFLECTION_BUFFERS UNITY_USE_DITHER_MASK_FOR_ALPHABLENDED_SHADOWS UNITY_PBS_USE_BRDF1 UNITY_SPECCUBE_BOX_PROJECTION UNITY_SPECCUBE_BLENDING UNITY_ENABLE_DETAIL_NORMALMAP SHADER_API_DESKTOP UNITY_LIGHT_PROBE_PROXY_VOLUME UNITY_LIGHTMAP_FULL_HDR UNITY_PLATFORM_SUPPORTS_DEPTH_FETCH uKW=USE_SHAPE_LIGHT_TYPE_1 USE_SHAPE_LIGHT_TYPE_3 USE_NORMAL_MAP USE_SHADOW_MAP USE_ADDITIVE_BLENDING USE_POINT_LIGHT_COOKIES LIGHT_QUALITY_FAST dKW=USE_SHAPE_LIGHT_TYPE_0 USE_SHAPE_LIGHT_TYPE_2 USE_VOLUMETRIC UNITY_NO_DXT5nm UNITY_FRAMEBUFFER_FETCH_AVAILABLE UNITY_METAL_SHADOWS_USE_POINT_FILTERING UNITY_NO_SCREENSPACE_SHADOWS UNITY_PBS_USE_BRDF2 UNITY_PBS_USE_BRDF3 UNITY_HARDWARE_TIER1 UNITY_HARDWARE_TIER2 UNITY_HARDWARE_TIER3 UNITY_COLORSPACE_GAMMA UNITY_LIGHTMAP_DLDR_ENCODING UNITY_LIGHTMAP_RGBM_ENCODING UNITY_VIRTUAL_TEXTURING UNITY_PRETRANSFORM_TO_DISPLAY_ORIENTATION UNITY_ASTC_NORMALMAP_ENCODING SHADER_API_GLES30 SHADER_API_GLES31 SHADER_API_GLES32 UNITY_UNIFIED_SHADER_PRECISION_MODEL flags=0 lang=3 type=Vertex platform=gles3 reqs=33 mask=6 start=20
RunExternalCompiler: begin name=HLSLcc
RunExternalCompiler: begin name=FXC
RunExternalCompiler: end
RunExternalCompiler: begin name=FXC
RunExternalCompiler: end
RunExternalCompiler: end
compileSnippet complete
 ok=1 outsize=19169

Cmd: compileSnippet
  insize=10834 file=Packages/com.unity.render-pipelines.universal/Shaders/2D/Light2D.shader name=Hidden/Light2D pass= ppOnly=0 stripLineD=0 buildPlatform=20 rsLen=0 pKW=UNITY_ENABLE_REFLECTION_BUFFERS UNITY_USE_DITHER_MASK_FOR_ALPHABLENDED_SHADOWS UNITY_PBS_USE_BRDF1 UNITY_SPECCUBE_BOX_PROJECTION UNITY_SPECCUBE_BLENDING UNITY_ENABLE_DETAIL_NORMALMAP SHADER_API_DESKTOP UNITY_LIGHT_PROBE_PROXY_VOLUME UNITY_LIGHTMAP_FULL_HDR UNITY_PLATFORM_SUPPORTS_DEPTH_FETCH uKW=USE_SHAPE_LIGHT_TYPE_1 USE_SHAPE_LIGHT_TYPE_3 USE_NORMAL_MAP USE_SHADOW_MAP USE_ADDITIVE_BLENDING USE_POINT_LIGHT_COOKIES dKW=USE_SHAPE_LIGHT_TYPE_0 USE_SHAPE_LIGHT_TYPE_2 USE_VOLUMETRIC LIGHT_QUALITY_FAST UNITY_NO_DXT5nm UNITY_FRAMEBUFFER_FETCH_AVAILABLE UNITY_METAL_SHADOWS_USE_POINT_FILTERING UNITY_NO_SCREENSPACE_SHADOWS UNITY_PBS_USE_BRDF2 UNITY_PBS_USE_BRDF3 UNITY_HARDWARE_TIER1 UNITY_HARDWARE_TIER2 UNITY_HARDWARE_TIER3 UNITY_COLORSPACE_GAMMA UNITY_LIGHTMAP_DLDR_ENCODING UNITY_LIGHTMAP_RGBM_ENCODING UNITY_VIRTUAL_TEXTURING UNITY_PRETRANSFORM_TO_DISPLAY_ORIENTATION UNITY_ASTC_NORMALMAP_ENCODING SHADER_API_GLES30 SHADER_API_GLES31 SHADER_API_GLES32 UNITY_UNIFIED_SHADER_PRECISION_MODEL flags=0 lang=3 type=Vertex platform=gles3 reqs=33 mask=6 start=20
RunExternalCompiler: begin name=HLSLcc
RunExternalCompiler: begin name=FXC
RunExternalCompiler: end
RunExternalCompiler: begin name=FXC
RunExternalCompiler: end
RunExternalCompiler: end
compileSnippet complete
 ok=1 outsize=18834

Cmd: compileSnippet
  insize=10834 file=Packages/com.unity.render-pipelines.universal/Shaders/2D/Light2D.shader name=Hidden/Light2D pass= ppOnly=0 stripLineD=0 buildPlatform=20 rsLen=0 pKW=UNITY_ENABLE_REFLECTION_BUFFERS UNITY_USE_DITHER_MASK_FOR_ALPHABLENDED_SHADOWS UNITY_PBS_USE_BRDF1 UNITY_SPECCUBE_BOX_PROJECTION UNITY_SPECCUBE_BLENDING UNITY_ENABLE_DETAIL_NORMALMAP SHADER_API_DESKTOP UNITY_LIGHT_PROBE_PROXY_VOLUME UNITY_LIGHTMAP_FULL_HDR UNITY_PLATFORM_SUPPORTS_DEPTH_FETCH uKW=USE_SHAPE_LIGHT_TYPE_1 USE_SHAPE_LIGHT_TYPE_3 USE_NORMAL_MAP USE_SHADOW_MAP USE_ADDITIVE_BLENDING LIGHT_QUALITY_FAST dKW=USE_SHAPE_LIGHT_TYPE_0 USE_SHAPE_LIGHT_TYPE_2 USE_VOLUMETRIC USE_POINT_LIGHT_COOKIES UNITY_NO_DXT5nm UNITY_FRAMEBUFFER_FETCH_AVAILABLE UNITY_METAL_SHADOWS_USE_POINT_FILTERING UNITY_NO_SCREENSPACE_SHADOWS UNITY_PBS_USE_BRDF2 UNITY_PBS_USE_BRDF3 UNITY_HARDWARE_TIER1 UNITY_HARDWARE_TIER2 UNITY_HARDWARE_TIER3 UNITY_COLORSPACE_GAMMA UNITY_LIGHTMAP_DLDR_ENCODING UNITY_LIGHTMAP_RGBM_ENCODING UNITY_VIRTUAL_TEXTURING UNITY_PRETRANSFORM_TO_DISPLAY_ORIENTATION UNITY_ASTC_NORMALMAP_ENCODING SHADER_API_GLES30 SHADER_API_GLES31 SHADER_API_GLES32 UNITY_UNIFIED_SHADER_PRECISION_MODEL flags=0 lang=3 type=Vertex platform=gles3 reqs=33 mask=6 start=20
RunExternalCompiler: begin name=HLSLcc
RunExternalCompiler: begin name=FXC
RunExternalCompiler: end
RunExternalCompiler: begin name=FXC
RunExternalCompiler: end
RunExternalCompiler: end
compileSnippet complete
 ok=1 outsize=18934

Cmd: compileSnippet
  insize=10834 file=Packages/com.unity.render-pipelines.universal/Shaders/2D/Light2D.shader name=Hidden/Light2D pass= ppOnly=0 stripLineD=0 buildPlatform=20 rsLen=0 pKW=UNITY_ENABLE_REFLECTION_BUFFERS UNITY_USE_DITHER_MASK_FOR_ALPHABLENDED_SHADOWS UNITY_PBS_USE_BRDF1 UNITY_SPECCUBE_BOX_PROJECTION UNITY_SPECCUBE_BLENDING UNITY_ENABLE_DETAIL_NORMALMAP SHADER_API_DESKTOP UNITY_LIGHT_PROBE_PROXY_VOLUME UNITY_LIGHTMAP_FULL_HDR UNITY_PLATFORM_SUPPORTS_DEPTH_FETCH uKW=USE_SHAPE_LIGHT_TYPE_1 USE_SHAPE_LIGHT_TYPE_3 USE_NORMAL_MAP USE_SHADOW_MAP USE_ADDITIVE_BLENDING dKW=USE_SHAPE_LIGHT_TYPE_0 USE_SHAPE_LIGHT_TYPE_2 USE_VOLUMETRIC USE_POINT_LIGHT_COOKIES LIGHT_QUALITY_FAST UNITY_NO_DXT5nm UNITY_FRAMEBUFFER_FETCH_AVAILABLE UNITY_METAL_SHADOWS_USE_POINT_FILTERING UNITY_NO_SCREENSPACE_SHADOWS UNITY_PBS_USE_BRDF2 UNITY_PBS_USE_BRDF3 UNITY_HARDWARE_TIER1 UNITY_HARDWARE_TIER2 UNITY_HARDWARE_TIER3 UNITY_COLORSPACE_GAMMA UNITY_LIGHTMAP_DLDR_ENCODING UNITY_LIGHTMAP_RGBM_ENCODING UNITY_VIRTUAL_TEXTURING UNITY_PRETRANSFORM_TO_DISPLAY_ORIENTATION UNITY_ASTC_NORMALMAP_ENCODING SHADER_API_GLES30 SHADER_API_GLES31 SHADER_API_GLES32 UNITY_UNIFIED_SHADER_PRECISION_MODEL flags=0 lang=3 type=Vertex platform=gles3 reqs=33 mask=6 start=20
RunExternalCompiler: begin name=HLSLcc
RunExternalCompiler: begin name=FXC
RunExternalCompiler: end
RunExternalCompiler: begin name=FXC
RunExternalCompiler: end
RunExternalCompiler: end
compileSnippet complete
 ok=1 outsize=18599

Cmd: compileSnippet
  insize=10834 file=Packages/com.unity.render-pipelines.universal/Shaders/2D/Light2D.shader name=Hidden/Light2D pass= ppOnly=0 stripLineD=0 buildPlatform=20 rsLen=0 pKW=UNITY_ENABLE_REFLECTION_BUFFERS UNITY_USE_DITHER_MASK_FOR_ALPHABLENDED_SHADOWS UNITY_PBS_USE_BRDF1 UNITY_SPECCUBE_BOX_PROJECTION UNITY_SPECCUBE_BLENDING UNITY_ENABLE_DETAIL_NORMALMAP SHADER_API_DESKTOP UNITY_LIGHT_PROBE_PROXY_VOLUME UNITY_LIGHTMAP_FULL_HDR UNITY_PLATFORM_SUPPORTS_DEPTH_FETCH uKW=USE_SHAPE_LIGHT_TYPE_1 USE_SHAPE_LIGHT_TYPE_3 USE_NORMAL_MAP USE_SHADOW_MAP USE_VOLUMETRIC USE_POINT_LIGHT_COOKIES LIGHT_QUALITY_FAST dKW=USE_SHAPE_LIGHT_TYPE_0 USE_SHAPE_LIGHT_TYPE_2 USE_ADDITIVE_BLENDING UNITY_NO_DXT5nm UNITY_FRAMEBUFFER_FETCH_AVAILABLE UNITY_METAL_SHADOWS_USE_POINT_FILTERING UNITY_NO_SCREENSPACE_SHADOWS UNITY_PBS_USE_BRDF2 UNITY_PBS_USE_BRDF3 UNITY_HARDWARE_TIER1 UNITY_HARDWARE_TIER2 UNITY_HARDWARE_TIER3 UNITY_COLORSPACE_GAMMA UNITY_LIGHTMAP_DLDR_ENCODING UNITY_LIGHTMAP_RGBM_ENCODING UNITY_VIRTUAL_TEXTURING UNITY_PRETRANSFORM_TO_DISPLAY_ORIENTATION UNITY_ASTC_NORMALMAP_ENCODING SHADER_API_GLES30 SHADER_API_GLES31 SHADER_API_GLES32 UNITY_UNIFIED_SHADER_PRECISION_MODEL flags=0 lang=3 type=Vertex platform=gles3 reqs=33 mask=6 start=20
RunExternalCompiler: begin name=HLSLcc
RunExternalCompiler: begin name=FXC
RunExternalCompiler: end
RunExternalCompiler: begin name=FXC
RunExternalCompiler: end
RunExternalCompiler: end
compileSnippet complete
 ok=1 outsize=17986

Cmd: compileSnippet
  insize=10834 file=Packages/com.unity.render-pipelines.universal/Shaders/2D/Light2D.shader name=Hidden/Light2D pass= ppOnly=0 stripLineD=0 buildPlatform=20 rsLen=0 pKW=UNITY_ENABLE_REFLECTION_BUFFERS UNITY_USE_DITHER_MASK_FOR_ALPHABLENDED_SHADOWS UNITY_PBS_USE_BRDF1 UNITY_SPECCUBE_BOX_PROJECTION UNITY_SPECCUBE_BLENDING UNITY_ENABLE_DETAIL_NORMALMAP SHADER_API_DESKTOP UNITY_LIGHT_PROBE_PROXY_VOLUME UNITY_LIGHTMAP_FULL_HDR UNITY_PLATFORM_SUPPORTS_DEPTH_FETCH uKW=USE_SHAPE_LIGHT_TYPE_1 USE_SHAPE_LIGHT_TYPE_3 USE_NORMAL_MAP USE_SHADOW_MAP USE_VOLUMETRIC USE_POINT_LIGHT_COOKIES dKW=USE_SHAPE_LIGHT_TYPE_0 USE_SHAPE_LIGHT_TYPE_2 USE_ADDITIVE_BLENDING LIGHT_QUALITY_FAST UNITY_NO_DXT5nm UNITY_FRAMEBUFFER_FETCH_AVAILABLE UNITY_METAL_SHADOWS_USE_POINT_FILTERING UNITY_NO_SCREENSPACE_SHADOWS UNITY_PBS_USE_BRDF2 UNITY_PBS_USE_BRDF3 UNITY_HARDWARE_TIER1 UNITY_HARDWARE_TIER2 UNITY_HARDWARE_TIER3 UNITY_COLORSPACE_GAMMA UNITY_LIGHTMAP_DLDR_ENCODING UNITY_LIGHTMAP_RGBM_ENCODING UNITY_VIRTUAL_TEXTURING UNITY_PRETRANSFORM_TO_DISPLAY_ORIENTATION UNITY_ASTC_NORMALMAP_ENCODING SHADER_API_GLES30 SHADER_API_GLES31 SHADER_API_GLES32 UNITY_UNIFIED_SHADER_PRECISION_MODEL flags=0 lang=3 type=Vertex platform=gles3 reqs=33 mask=6 start=20
RunExternalCompiler: begin name=HLSLcc
RunExternalCompiler: begin name=FXC
RunExternalCompiler: end
RunExternalCompiler: begin name=FXC
RunExternalCompiler: end
RunExternalCompiler: end
compileSnippet complete
 ok=1 outsize=16347

Cmd: compileSnippet
  insize=10834 file=Packages/com.unity.render-pipelines.universal/Shaders/2D/Light2D.shader name=Hidden/Light2D pass= ppOnly=0 stripLineD=0 buildPlatform=20 rsLen=0 pKW=UNITY_ENABLE_REFLECTION_BUFFERS UNITY_USE_DITHER_MASK_FOR_ALPHABLENDED_SHADOWS UNITY_PBS_USE_BRDF1 UNITY_SPECCUBE_BOX_PROJECTION UNITY_SPECCUBE_BLENDING UNITY_ENABLE_DETAIL_NORMALMAP SHADER_API_DESKTOP UNITY_LIGHT_PROBE_PROXY_VOLUME UNITY_LIGHTMAP_FULL_HDR UNITY_PLATFORM_SUPPORTS_DEPTH_FETCH uKW=USE_SHAPE_LIGHT_TYPE_1 USE_SHAPE_LIGHT_TYPE_3 USE_NORMAL_MAP USE_SHADOW_MAP USE_VOLUMETRIC LIGHT_QUALITY_FAST dKW=USE_SHAPE_LIGHT_TYPE_0 USE_SHAPE_LIGHT_TYPE_2 USE_ADDITIVE_BLENDING USE_POINT_LIGHT_COOKIES UNITY_NO_DXT5nm UNITY_FRAMEBUFFER_FETCH_AVAILABLE UNITY_METAL_SHADOWS_USE_POINT_FILTERING UNITY_NO_SCREENSPACE_SHADOWS UNITY_PBS_USE_BRDF2 UNITY_PBS_USE_BRDF3 UNITY_HARDWARE_TIER1 UNITY_HARDWARE_TIER2 UNITY_HARDWARE_TIER3 UNITY_COLORSPACE_GAMMA UNITY_LIGHTMAP_DLDR_ENCODING UNITY_LIGHTMAP_RGBM_ENCODING UNITY_VIRTUAL_TEXTURING UNITY_PRETRANSFORM_TO_DISPLAY_ORIENTATION UNITY_ASTC_NORMALMAP_ENCODING SHADER_API_GLES30 SHADER_API_GLES31 SHADER_API_GLES32 UNITY_UNIFIED_SHADER_PRECISION_MODEL flags=0 lang=3 type=Vertex platform=gles3 reqs=33 mask=6 start=20
RunExternalCompiler: begin name=HLSLcc
RunExternalCompiler: begin name=FXC
RunExternalCompiler: end
RunExternalCompiler: begin name=FXC
RunExternalCompiler: end
RunExternalCompiler: end
compileSnippet complete
 ok=1 outsize=17751

Cmd: compileSnippet
  insize=10834 file=Packages/com.unity.render-pipelines.universal/Shaders/2D/Light2D.shader name=Hidden/Light2D pass= ppOnly=0 stripLineD=0 buildPlatform=20 rsLen=0 pKW=UNITY_ENABLE_REFLECTION_BUFFERS UNITY_USE_DITHER_MASK_FOR_ALPHABLENDED_SHADOWS UNITY_PBS_USE_BRDF1 UNITY_SPECCUBE_BOX_PROJECTION UNITY_SPECCUBE_BLENDING UNITY_ENABLE_DETAIL_NORMALMAP SHADER_API_DESKTOP UNITY_LIGHT_PROBE_PROXY_VOLUME UNITY_LIGHTMAP_FULL_HDR UNITY_PLATFORM_SUPPORTS_DEPTH_FETCH uKW=USE_SHAPE_LIGHT_TYPE_1 USE_SHAPE_LIGHT_TYPE_3 USE_NORMAL_MAP USE_SHADOW_MAP USE_VOLUMETRIC dKW=USE_SHAPE_LIGHT_TYPE_0 USE_SHAPE_LIGHT_TYPE_2 USE_ADDITIVE_BLENDING USE_POINT_LIGHT_COOKIES LIGHT_QUALITY_FAST UNITY_NO_DXT5nm UNITY_FRAMEBUFFER_FETCH_AVAILABLE UNITY_METAL_SHADOWS_USE_POINT_FILTERING UNITY_NO_SCREENSPACE_SHADOWS UNITY_PBS_USE_BRDF2 UNITY_PBS_USE_BRDF3 UNITY_HARDWARE_TIER1 UNITY_HARDWARE_TIER2 UNITY_HARDWARE_TIER3 UNITY_COLORSPACE_GAMMA UNITY_LIGHTMAP_DLDR_ENCODING UNITY_LIGHTMAP_RGBM_ENCODING UNITY_VIRTUAL_TEXTURING UNITY_PRETRANSFORM_TO_DISPLAY_ORIENTATION UNITY_ASTC_NORMALMAP_ENCODING SHADER_API_GLES30 SHADER_API_GLES31 SHADER_API_GLES32 UNITY_UNIFIED_SHADER_PRECISION_MODEL flags=0 lang=3 type=Vertex platform=gles3 reqs=33 mask=6 start=20
RunExternalCompiler: begin name=HLSLcc
RunExternalCompiler: begin name=FXC
RunExternalCompiler: end
RunExternalCompiler: begin name=FXC
RunExternalCompiler: end
RunExternalCompiler: end
compileSnippet complete
 ok=1 outsize=16112

Cmd: compileSnippet
  insize=10834 file=Packages/com.unity.render-pipelines.universal/Shaders/2D/Light2D.shader name=Hidden/Light2D pass= ppOnly=0 stripLineD=0 buildPlatform=20 rsLen=0 pKW=UNITY_ENABLE_REFLECTION_BUFFERS UNITY_USE_DITHER_MASK_FOR_ALPHABLENDED_SHADOWS UNITY_PBS_USE_BRDF1 UNITY_SPECCUBE_BOX_PROJECTION UNITY_SPECCUBE_BLENDING UNITY_ENABLE_DETAIL_NORMALMAP SHADER_API_DESKTOP UNITY_LIGHT_PROBE_PROXY_VOLUME UNITY_LIGHTMAP_FULL_HDR UNITY_PLATFORM_SUPPORTS_DEPTH_FETCH uKW=USE_SHAPE_LIGHT_TYPE_1 USE_SHAPE_LIGHT_TYPE_3 USE_NORMAL_MAP USE_SHADOW_MAP USE_POINT_LIGHT_COOKIES LIGHT_QUALITY_FAST dKW=USE_SHAPE_LIGHT_TYPE_0 USE_SHAPE_LIGHT_TYPE_2 USE_ADDITIVE_BLENDING USE_VOLUMETRIC UNITY_NO_DXT5nm UNITY_FRAMEBUFFER_FETCH_AVAILABLE UNITY_METAL_SHADOWS_USE_POINT_FILTERING UNITY_NO_SCREENSPACE_SHADOWS UNITY_PBS_USE_BRDF2 UNITY_PBS_USE_BRDF3 UNITY_HARDWARE_TIER1 UNITY_HARDWARE_TIER2 UNITY_HARDWARE_TIER3 UNITY_COLORSPACE_GAMMA UNITY_LIGHTMAP_DLDR_ENCODING UNITY_LIGHTMAP_RGBM_ENCODING UNITY_VIRTUAL_TEXTURING UNITY_PRETRANSFORM_TO_DISPLAY_ORIENTATION UNITY_ASTC_NORMALMAP_ENCODING SHADER_API_GLES30 SHADER_API_GLES31 SHADER_API_GLES32 UNITY_UNIFIED_SHADER_PRECISION_MODEL flags=0 lang=3 type=Vertex platform=gles3 reqs=33 mask=6 start=20
RunExternalCompiler: begin name=HLSLcc
RunExternalCompiler: begin name=FXC
RunExternalCompiler: end
RunExternalCompiler: begin name=FXC
RunExternalCompiler: end
RunExternalCompiler: end
compileSnippet complete
 ok=1 outsize=19050

Cmd: compileSnippet
  insize=10834 file=Packages/com.unity.render-pipelines.universal/Shaders/2D/Light2D.shader name=Hidden/Light2D pass= ppOnly=0 stripLineD=0 buildPlatform=20 rsLen=0 pKW=UNITY_ENABLE_REFLECTION_BUFFERS UNITY_USE_DITHER_MASK_FOR_ALPHABLENDED_SHADOWS UNITY_PBS_USE_BRDF1 UNITY_SPECCUBE_BOX_PROJECTION UNITY_SPECCUBE_BLENDING UNITY_ENABLE_DETAIL_NORMALMAP SHADER_API_DESKTOP UNITY_LIGHT_PROBE_PROXY_VOLUME UNITY_LIGHTMAP_FULL_HDR UNITY_PLATFORM_SUPPORTS_DEPTH_FETCH uKW=USE_SHAPE_LIGHT_TYPE_1 USE_SHAPE_LIGHT_TYPE_3 USE_NORMAL_MAP USE_SHADOW_MAP USE_POINT_LIGHT_COOKIES dKW=USE_SHAPE_LIGHT_TYPE_0 USE_SHAPE_LIGHT_TYPE_2 USE_ADDITIVE_BLENDING USE_VOLUMETRIC LIGHT_QUALITY_FAST UNITY_NO_DXT5nm UNITY_FRAMEBUFFER_FETCH_AVAILABLE UNITY_METAL_SHADOWS_USE_POINT_FILTERING UNITY_NO_SCREENSPACE_SHADOWS UNITY_PBS_USE_BRDF2 UNITY_PBS_USE_BRDF3 UNITY_HARDWARE_TIER1 UNITY_HARDWARE_TIER2 UNITY_HARDWARE_TIER3 UNITY_COLORSPACE_GAMMA UNITY_LIGHTMAP_DLDR_ENCODING UNITY_LIGHTMAP_RGBM_ENCODING UNITY_VIRTUAL_TEXTURING UNITY_PRETRANSFORM_TO_DISPLAY_ORIENTATION UNITY_ASTC_NORMALMAP_ENCODING SHADER_API_GLES30 SHADER_API_GLES31 SHADER_API_GLES32 UNITY_UNIFIED_SHADER_PRECISION_MODEL flags=0 lang=3 type=Vertex platform=gles3 reqs=33 mask=6 start=20
RunExternalCompiler: begin name=HLSLcc
RunExternalCompiler: begin name=FXC
RunExternalCompiler: end
RunExternalCompiler: begin name=FXC
RunExternalCompiler: end
RunExternalCompiler: end
compileSnippet complete
 ok=1 outsize=18715

Cmd: compileSnippet
  insize=10834 file=Packages/com.unity.render-pipelines.universal/Shaders/2D/Light2D.shader name=Hidden/Light2D pass= ppOnly=0 stripLineD=0 buildPlatform=20 rsLen=0 pKW=UNITY_ENABLE_REFLECTION_BUFFERS UNITY_USE_DITHER_MASK_FOR_ALPHABLENDED_SHADOWS UNITY_PBS_USE_BRDF1 UNITY_SPECCUBE_BOX_PROJECTION UNITY_SPECCUBE_BLENDING UNITY_ENABLE_DETAIL_NORMALMAP SHADER_API_DESKTOP UNITY_LIGHT_PROBE_PROXY_VOLUME UNITY_LIGHTMAP_FULL_HDR UNITY_PLATFORM_SUPPORTS_DEPTH_FETCH uKW=USE_SHAPE_LIGHT_TYPE_1 USE_SHAPE_LIGHT_TYPE_3 USE_NORMAL_MAP USE_SHADOW_MAP LIGHT_QUALITY_FAST dKW=USE_SHAPE_LIGHT_TYPE_0 USE_SHAPE_LIGHT_TYPE_2 USE_ADDITIVE_BLENDING USE_VOLUMETRIC USE_POINT_LIGHT_COOKIES UNITY_NO_DXT5nm UNITY_FRAMEBUFFER_FETCH_AVAILABLE UNITY_METAL_SHADOWS_USE_POINT_FILTERING UNITY_NO_SCREENSPACE_SHADOWS UNITY_PBS_USE_BRDF2 UNITY_PBS_USE_BRDF3 UNITY_HARDWARE_TIER1 UNITY_HARDWARE_TIER2 UNITY_HARDWARE_TIER3 UNITY_COLORSPACE_GAMMA UNITY_LIGHTMAP_DLDR_ENCODING UNITY_LIGHTMAP_RGBM_ENCODING UNITY_VIRTUAL_TEXTURING UNITY_PRETRANSFORM_TO_DISPLAY_ORIENTATION UNITY_ASTC_NORMALMAP_ENCODING SHADER_API_GLES30 SHADER_API_GLES31 SHADER_API_GLES32 UNITY_UNIFIED_SHADER_PRECISION_MODEL flags=0 lang=3 type=Vertex platform=gles3 reqs=33 mask=6 start=20
RunExternalCompiler: begin name=HLSLcc
RunExternalCompiler: begin name=FXC
RunExternalCompiler: end
RunExternalCompiler: begin name=FXC
RunExternalCompiler: end
RunExternalCompiler: end
compileSnippet complete
 ok=1 outsize=18884

Cmd: compileSnippet
  insize=10834 file=Packages/com.unity.render-pipelines.universal/Shaders/2D/Light2D.shader name=Hidden/Light2D pass= ppOnly=0 stripLineD=0 buildPlatform=20 rsLen=0 pKW=UNITY_ENABLE_REFLECTION_BUFFERS UNITY_USE_DITHER_MASK_FOR_ALPHABLENDED_SHADOWS UNITY_PBS_USE_BRDF1 UNITY_SPECCUBE_BOX_PROJECTION UNITY_SPECCUBE_BLENDING UNITY_ENABLE_DETAIL_NORMALMAP SHADER_API_DESKTOP UNITY_LIGHT_PROBE_PROXY_VOLUME UNITY_LIGHTMAP_FULL_HDR UNITY_PLATFORM_SUPPORTS_DEPTH_FETCH uKW=USE_SHAPE_LIGHT_TYPE_1 USE_SHAPE_LIGHT_TYPE_3 USE_NORMAL_MAP USE_SHADOW_MAP dKW=USE_SHAPE_LIGHT_TYPE_0 USE_SHAPE_LIGHT_TYPE_2 USE_ADDITIVE_BLENDING USE_VOLUMETRIC USE_POINT_LIGHT_COOKIES LIGHT_QUALITY_FAST UNITY_NO_DXT5nm UNITY_FRAMEBUFFER_FETCH_AVAILABLE UNITY_METAL_SHADOWS_USE_POINT_FILTERING UNITY_NO_SCREENSPACE_SHADOWS UNITY_PBS_USE_BRDF2 UNITY_PBS_USE_BRDF3 UNITY_HARDWARE_TIER1 UNITY_HARDWARE_TIER2 UNITY_HARDWARE_TIER3 UNITY_COLORSPACE_GAMMA UNITY_LIGHTMAP_DLDR_ENCODING UNITY_LIGHTMAP_RGBM_ENCODING UNITY_VIRTUAL_TEXTURING UNITY_PRETRANSFORM_TO_DISPLAY_ORIENTATION UNITY_ASTC_NORMALMAP_ENCODING SHADER_API_GLES30 SHADER_API_GLES31 SHADER_API_GLES32 UNITY_UNIFIED_SHADER_PRECISION_MODEL flags=0 lang=3 type=Vertex platform=gles3 reqs=33 mask=6 start=20
RunExternalCompiler: begin name=HLSLcc
RunExternalCompiler: begin name=FXC
RunExternalCompiler: end
RunExternalCompiler: begin name=FXC
RunExternalCompiler: end
RunExternalCompiler: end
compileSnippet complete
 ok=1 outsize=18549

Cmd: compileSnippet
  insize=10834 file=Packages/com.unity.render-pipelines.universal/Shaders/2D/Light2D.shader name=Hidden/Light2D pass= ppOnly=0 stripLineD=0 buildPlatform=20 rsLen=0 pKW=UNITY_ENABLE_REFLECTION_BUFFERS UNITY_USE_DITHER_MASK_FOR_ALPHABLENDED_SHADOWS UNITY_PBS_USE_BRDF1 UNITY_SPECCUBE_BOX_PROJECTION UNITY_SPECCUBE_BLENDING UNITY_ENABLE_DETAIL_NORMALMAP SHADER_API_DESKTOP UNITY_LIGHT_PROBE_PROXY_VOLUME UNITY_LIGHTMAP_FULL_HDR UNITY_PLATFORM_SUPPORTS_DEPTH_FETCH uKW=USE_SHAPE_LIGHT_TYPE_1 USE_SHAPE_LIGHT_TYPE_3 USE_NORMAL_MAP USE_ADDITIVE_BLENDING USE_VOLUMETRIC USE_POINT_LIGHT_COOKIES LIGHT_QUALITY_FAST dKW=USE_SHAPE_LIGHT_TYPE_0 USE_SHAPE_LIGHT_TYPE_2 USE_SHADOW_MAP UNITY_NO_DXT5nm UNITY_FRAMEBUFFER_FETCH_AVAILABLE UNITY_METAL_SHADOWS_USE_POINT_FILTERING UNITY_NO_SCREENSPACE_SHADOWS UNITY_PBS_USE_BRDF2 UNITY_PBS_USE_BRDF3 UNITY_HARDWARE_TIER1 UNITY_HARDWARE_TIER2 UNITY_HARDWARE_TIER3 UNITY_COLORSPACE_GAMMA UNITY_LIGHTMAP_DLDR_ENCODING UNITY_LIGHTMAP_RGBM_ENCODING UNITY_VIRTUAL_TEXTURING UNITY_PRETRANSFORM_TO_DISPLAY_ORIENTATION UNITY_ASTC_NORMALMAP_ENCODING SHADER_API_GLES30 SHADER_API_GLES31 SHADER_API_GLES32 UNITY_UNIFIED_SHADER_PRECISION_MODEL flags=0 lang=3 type=Vertex platform=gles3 reqs=33 mask=6 start=20
RunExternalCompiler: begin name=HLSLcc
RunExternalCompiler: begin name=FXC
RunExternalCompiler: end
RunExternalCompiler: begin name=FXC
RunExternalCompiler: end
RunExternalCompiler: end
compileSnippet complete
 ok=1 outsize=16041

Cmd: compileSnippet
  insize=10834 file=Packages/com.unity.render-pipelines.universal/Shaders/2D/Light2D.shader name=Hidden/Light2D pass= ppOnly=0 stripLineD=0 buildPlatform=20 rsLen=0 pKW=UNITY_ENABLE_REFLECTION_BUFFERS UNITY_USE_DITHER_MASK_FOR_ALPHABLENDED_SHADOWS UNITY_PBS_USE_BRDF1 UNITY_SPECCUBE_BOX_PROJECTION UNITY_SPECCUBE_BLENDING UNITY_ENABLE_DETAIL_NORMALMAP SHADER_API_DESKTOP UNITY_LIGHT_PROBE_PROXY_VOLUME UNITY_LIGHTMAP_FULL_HDR UNITY_PLATFORM_SUPPORTS_DEPTH_FETCH uKW=USE_SHAPE_LIGHT_TYPE_1 USE_SHAPE_LIGHT_TYPE_3 USE_NORMAL_MAP USE_ADDITIVE_BLENDING USE_VOLUMETRIC USE_POINT_LIGHT_COOKIES dKW=USE_SHAPE_LIGHT_TYPE_0 USE_SHAPE_LIGHT_TYPE_2 USE_SHADOW_MAP LIGHT_QUALITY_FAST UNITY_NO_DXT5nm UNITY_FRAMEBUFFER_FETCH_AVAILABLE UNITY_METAL_SHADOWS_USE_POINT_FILTERING UNITY_NO_SCREENSPACE_SHADOWS UNITY_PBS_USE_BRDF2 UNITY_PBS_USE_BRDF3 UNITY_HARDWARE_TIER1 UNITY_HARDWARE_TIER2 UNITY_HARDWARE_TIER3 UNITY_COLORSPACE_GAMMA UNITY_LIGHTMAP_DLDR_ENCODING UNITY_LIGHTMAP_RGBM_ENCODING UNITY_VIRTUAL_TEXTURING UNITY_PRETRANSFORM_TO_DISPLAY_ORIENTATION UNITY_ASTC_NORMALMAP_ENCODING SHADER_API_GLES30 SHADER_API_GLES31 SHADER_API_GLES32 UNITY_UNIFIED_SHADER_PRECISION_MODEL flags=0 lang=3 type=Vertex platform=gles3 reqs=33 mask=6 start=20
RunExternalCompiler: begin name=HLSLcc
RunExternalCompiler: begin name=FXC
RunExternalCompiler: end
RunExternalCompiler: begin name=FXC
RunExternalCompiler: end
RunExternalCompiler: end
compileSnippet complete
 ok=1 outsize=14402

Cmd: compileSnippet
  insize=10834 file=Packages/com.unity.render-pipelines.universal/Shaders/2D/Light2D.shader name=Hidden/Light2D pass= ppOnly=0 stripLineD=0 buildPlatform=20 rsLen=0 pKW=UNITY_ENABLE_REFLECTION_BUFFERS UNITY_USE_DITHER_MASK_FOR_ALPHABLENDED_SHADOWS UNITY_PBS_USE_BRDF1 UNITY_SPECCUBE_BOX_PROJECTION UNITY_SPECCUBE_BLENDING UNITY_ENABLE_DETAIL_NORMALMAP SHADER_API_DESKTOP UNITY_LIGHT_PROBE_PROXY_VOLUME UNITY_LIGHTMAP_FULL_HDR UNITY_PLATFORM_SUPPORTS_DEPTH_FETCH uKW=USE_SHAPE_LIGHT_TYPE_1 USE_SHAPE_LIGHT_TYPE_3 USE_NORMAL_MAP USE_ADDITIVE_BLENDING USE_VOLUMETRIC LIGHT_QUALITY_FAST dKW=USE_SHAPE_LIGHT_TYPE_0 USE_SHAPE_LIGHT_TYPE_2 USE_SHADOW_MAP USE_POINT_LIGHT_COOKIES UNITY_NO_DXT5nm UNITY_FRAMEBUFFER_FETCH_AVAILABLE UNITY_METAL_SHADOWS_USE_POINT_FILTERING UNITY_NO_SCREENSPACE_SHADOWS UNITY_PBS_USE_BRDF2 UNITY_PBS_USE_BRDF3 UNITY_HARDWARE_TIER1 UNITY_HARDWARE_TIER2 UNITY_HARDWARE_TIER3 UNITY_COLORSPACE_GAMMA UNITY_LIGHTMAP_DLDR_ENCODING UNITY_LIGHTMAP_RGBM_ENCODING UNITY_VIRTUAL_TEXTURING UNITY_PRETRANSFORM_TO_DISPLAY_ORIENTATION UNITY_ASTC_NORMALMAP_ENCODING SHADER_API_GLES30 SHADER_API_GLES31 SHADER_API_GLES32 UNITY_UNIFIED_SHADER_PRECISION_MODEL flags=0 lang=3 type=Vertex platform=gles3 reqs=33 mask=6 start=20
RunExternalCompiler: begin name=HLSLcc
RunExternalCompiler: begin name=FXC
RunExternalCompiler: end
RunExternalCompiler: begin name=FXC
RunExternalCompiler: end
RunExternalCompiler: end
compileSnippet complete
 ok=1 outsize=15806

Cmd: compileSnippet
  insize=10834 file=Packages/com.unity.render-pipelines.universal/Shaders/2D/Light2D.shader name=Hidden/Light2D pass= ppOnly=0 stripLineD=0 buildPlatform=20 rsLen=0 pKW=UNITY_ENABLE_REFLECTION_BUFFERS UNITY_USE_DITHER_MASK_FOR_ALPHABLENDED_SHADOWS UNITY_PBS_USE_BRDF1 UNITY_SPECCUBE_BOX_PROJECTION UNITY_SPECCUBE_BLENDING UNITY_ENABLE_DETAIL_NORMALMAP SHADER_API_DESKTOP UNITY_LIGHT_PROBE_PROXY_VOLUME UNITY_LIGHTMAP_FULL_HDR UNITY_PLATFORM_SUPPORTS_DEPTH_FETCH uKW=USE_SHAPE_LIGHT_TYPE_1 USE_SHAPE_LIGHT_TYPE_3 USE_NORMAL_MAP USE_ADDITIVE_BLENDING USE_VOLUMETRIC dKW=USE_SHAPE_LIGHT_TYPE_0 USE_SHAPE_LIGHT_TYPE_2 USE_SHADOW_MAP USE_POINT_LIGHT_COOKIES LIGHT_QUALITY_FAST UNITY_NO_DXT5nm UNITY_FRAMEBUFFER_FETCH_AVAILABLE UNITY_METAL_SHADOWS_USE_POINT_FILTERING UNITY_NO_SCREENSPACE_SHADOWS UNITY_PBS_USE_BRDF2 UNITY_PBS_USE_BRDF3 UNITY_HARDWARE_TIER1 UNITY_HARDWARE_TIER2 UNITY_HARDWARE_TIER3 UNITY_COLORSPACE_GAMMA UNITY_LIGHTMAP_DLDR_ENCODING UNITY_LIGHTMAP_RGBM_ENCODING UNITY_VIRTUAL_TEXTURING UNITY_PRETRANSFORM_TO_DISPLAY_ORIENTATION UNITY_ASTC_NORMALMAP_ENCODING SHADER_API_GLES30 SHADER_API_GLES31 SHADER_API_GLES32 UNITY_UNIFIED_SHADER_PRECISION_MODEL flags=0 lang=3 type=Vertex platform=gles3 reqs=33 mask=6 start=20
RunExternalCompiler: begin name=HLSLcc
RunExternalCompiler: begin name=FXC
RunExternalCompiler: end
RunExternalCompiler: begin name=FXC
RunExternalCompiler: end
RunExternalCompiler: end
compileSnippet complete
 ok=1 outsize=14167

Cmd: compileSnippet
  insize=10834 file=Packages/com.unity.render-pipelines.universal/Shaders/2D/Light2D.shader name=Hidden/Light2D pass= ppOnly=0 stripLineD=0 buildPlatform=20 rsLen=0 pKW=UNITY_ENABLE_REFLECTION_BUFFERS UNITY_USE_DITHER_MASK_FOR_ALPHABLENDED_SHADOWS UNITY_PBS_USE_BRDF1 UNITY_SPECCUBE_BOX_PROJECTION UNITY_SPECCUBE_BLENDING UNITY_ENABLE_DETAIL_NORMALMAP SHADER_API_DESKTOP UNITY_LIGHT_PROBE_PROXY_VOLUME UNITY_LIGHTMAP_FULL_HDR UNITY_PLATFORM_SUPPORTS_DEPTH_FETCH uKW=USE_SHAPE_LIGHT_TYPE_1 USE_SHAPE_LIGHT_TYPE_3 USE_NORMAL_MAP USE_ADDITIVE_BLENDING USE_POINT_LIGHT_COOKIES LIGHT_QUALITY_FAST dKW=USE_SHAPE_LIGHT_TYPE_0 USE_SHAPE_LIGHT_TYPE_2 USE_SHADOW_MAP USE_VOLUMETRIC UNITY_NO_DXT5nm UNITY_FRAMEBUFFER_FETCH_AVAILABLE UNITY_METAL_SHADOWS_USE_POINT_FILTERING UNITY_NO_SCREENSPACE_SHADOWS UNITY_PBS_USE_BRDF2 UNITY_PBS_USE_BRDF3 UNITY_HARDWARE_TIER1 UNITY_HARDWARE_TIER2 UNITY_HARDWARE_TIER3 UNITY_COLORSPACE_GAMMA UNITY_LIGHTMAP_DLDR_ENCODING UNITY_LIGHTMAP_RGBM_ENCODING UNITY_VIRTUAL_TEXTURING UNITY_PRETRANSFORM_TO_DISPLAY_ORIENTATION UNITY_ASTC_NORMALMAP_ENCODING SHADER_API_GLES30 SHADER_API_GLES31 SHADER_API_GLES32 UNITY_UNIFIED_SHADER_PRECISION_MODEL flags=0 lang=3 type=Vertex platform=gles3 reqs=33 mask=6 start=20
RunExternalCompiler: begin name=HLSLcc
RunExternalCompiler: begin name=FXC
RunExternalCompiler: end
RunExternalCompiler: begin name=FXC
RunExternalCompiler: end
RunExternalCompiler: end
compileSnippet complete
 ok=1 outsize=17235

Cmd: compileSnippet
  insize=10834 file=Packages/com.unity.render-pipelines.universal/Shaders/2D/Light2D.shader name=Hidden/Light2D pass= ppOnly=0 stripLineD=0 buildPlatform=20 rsLen=0 pKW=UNITY_ENABLE_REFLECTION_BUFFERS UNITY_USE_DITHER_MASK_FOR_ALPHABLENDED_SHADOWS UNITY_PBS_USE_BRDF1 UNITY_SPECCUBE_BOX_PROJECTION UNITY_SPECCUBE_BLENDING UNITY_ENABLE_DETAIL_NORMALMAP SHADER_API_DESKTOP UNITY_LIGHT_PROBE_PROXY_VOLUME UNITY_LIGHTMAP_FULL_HDR UNITY_PLATFORM_SUPPORTS_DEPTH_FETCH uKW=USE_SHAPE_LIGHT_TYPE_1 USE_SHAPE_LIGHT_TYPE_3 USE_NORMAL_MAP USE_ADDITIVE_BLENDING USE_POINT_LIGHT_COOKIES dKW=USE_SHAPE_LIGHT_TYPE_0 USE_SHAPE_LIGHT_TYPE_2 USE_SHADOW_MAP USE_VOLUMETRIC LIGHT_QUALITY_FAST UNITY_NO_DXT5nm UNITY_FRAMEBUFFER_FETCH_AVAILABLE UNITY_METAL_SHADOWS_USE_POINT_FILTERING UNITY_NO_SCREENSPACE_SHADOWS UNITY_PBS_USE_BRDF2 UNITY_PBS_USE_BRDF3 UNITY_HARDWARE_TIER1 UNITY_HARDWARE_TIER2 UNITY_HARDWARE_TIER3 UNITY_COLORSPACE_GAMMA UNITY_LIGHTMAP_DLDR_ENCODING UNITY_LIGHTMAP_RGBM_ENCODING UNITY_VIRTUAL_TEXTURING UNITY_PRETRANSFORM_TO_DISPLAY_ORIENTATION UNITY_ASTC_NORMALMAP_ENCODING SHADER_API_GLES30 SHADER_API_GLES31 SHADER_API_GLES32 UNITY_UNIFIED_SHADER_PRECISION_MODEL flags=0 lang=3 type=Vertex platform=gles3 reqs=33 mask=6 start=20
RunExternalCompiler: begin name=HLSLcc
RunExternalCompiler: begin name=FXC
RunExternalCompiler: end
RunExternalCompiler: begin name=FXC
RunExternalCompiler: end
RunExternalCompiler: end
compileSnippet complete
 ok=1 outsize=16900

Cmd: compileSnippet
  insize=10834 file=Packages/com.unity.render-pipelines.universal/Shaders/2D/Light2D.shader name=Hidden/Light2D pass= ppOnly=0 stripLineD=0 buildPlatform=20 rsLen=0 pKW=UNITY_ENABLE_REFLECTION_BUFFERS UNITY_USE_DITHER_MASK_FOR_ALPHABLENDED_SHADOWS UNITY_PBS_USE_BRDF1 UNITY_SPECCUBE_BOX_PROJECTION UNITY_SPECCUBE_BLENDING UNITY_ENABLE_DETAIL_NORMALMAP SHADER_API_DESKTOP UNITY_LIGHT_PROBE_PROXY_VOLUME UNITY_LIGHTMAP_FULL_HDR UNITY_PLATFORM_SUPPORTS_DEPTH_FETCH uKW=USE_SHAPE_LIGHT_TYPE_1 USE_SHAPE_LIGHT_TYPE_3 USE_NORMAL_MAP USE_ADDITIVE_BLENDING LIGHT_QUALITY_FAST dKW=USE_SHAPE_LIGHT_TYPE_0 USE_SHAPE_LIGHT_TYPE_2 USE_SHADOW_MAP USE_VOLUMETRIC USE_POINT_LIGHT_COOKIES UNITY_NO_DXT5nm UNITY_FRAMEBUFFER_FETCH_AVAILABLE UNITY_METAL_SHADOWS_USE_POINT_FILTERING UNITY_NO_SCREENSPACE_SHADOWS UNITY_PBS_USE_BRDF2 UNITY_PBS_USE_BRDF3 UNITY_HARDWARE_TIER1 UNITY_HARDWARE_TIER2 UNITY_HARDWARE_TIER3 UNITY_COLORSPACE_GAMMA UNITY_LIGHTMAP_DLDR_ENCODING UNITY_LIGHTMAP_RGBM_ENCODING UNITY_VIRTUAL_TEXTURING UNITY_PRETRANSFORM_TO_DISPLAY_ORIENTATION UNITY_ASTC_NORMALMAP_ENCODING SHADER_API_GLES30 SHADER_API_GLES31 SHADER_API_GLES32 UNITY_UNIFIED_SHADER_PRECISION_MODEL flags=0 lang=3 type=Vertex platform=gles3 reqs=33 mask=6 start=20
RunExternalCompiler: begin name=HLSLcc
RunExternalCompiler: begin name=FXC
RunExternalCompiler: end
RunExternalCompiler: begin name=FXC
RunExternalCompiler: end
RunExternalCompiler: end
compileSnippet complete
 ok=1 outsize=17000

Cmd: compileSnippet
  insize=10834 file=Packages/com.unity.render-pipelines.universal/Shaders/2D/Light2D.shader name=Hidden/Light2D pass= ppOnly=0 stripLineD=0 buildPlatform=20 rsLen=0 pKW=UNITY_ENABLE_REFLECTION_BUFFERS UNITY_USE_DITHER_MASK_FOR_ALPHABLENDED_SHADOWS UNITY_PBS_USE_BRDF1 UNITY_SPECCUBE_BOX_PROJECTION UNITY_SPECCUBE_BLENDING UNITY_ENABLE_DETAIL_NORMALMAP SHADER_API_DESKTOP UNITY_LIGHT_PROBE_PROXY_VOLUME UNITY_LIGHTMAP_FULL_HDR UNITY_PLATFORM_SUPPORTS_DEPTH_FETCH uKW=USE_SHAPE_LIGHT_TYPE_1 USE_SHAPE_LIGHT_TYPE_3 USE_NORMAL_MAP USE_ADDITIVE_BLENDING dKW=USE_SHAPE_LIGHT_TYPE_0 USE_SHAPE_LIGHT_TYPE_2 USE_SHADOW_MAP USE_VOLUMETRIC USE_POINT_LIGHT_COOKIES LIGHT_QUALITY_FAST UNITY_NO_DXT5nm UNITY_FRAMEBUFFER_FETCH_AVAILABLE UNITY_METAL_SHADOWS_USE_POINT_FILTERING UNITY_NO_SCREENSPACE_SHADOWS UNITY_PBS_USE_BRDF2 UNITY_PBS_USE_BRDF3 UNITY_HARDWARE_TIER1 UNITY_HARDWARE_TIER2 UNITY_HARDWARE_TIER3 UNITY_COLORSPACE_GAMMA UNITY_LIGHTMAP_DLDR_ENCODING UNITY_LIGHTMAP_RGBM_ENCODING UNITY_VIRTUAL_TEXTURING UNITY_PRETRANSFORM_TO_DISPLAY_ORIENTATION UNITY_ASTC_NORMALMAP_ENCODING SHADER_API_GLES30 SHADER_API_GLES31 SHADER_API_GLES32 UNITY_UNIFIED_SHADER_PRECISION_MODEL flags=0 lang=3 type=Vertex platform=gles3 reqs=33 mask=6 start=20
RunExternalCompiler: begin name=HLSLcc
RunExternalCompiler: begin name=FXC
RunExternalCompiler: end
RunExternalCompiler: begin name=FXC
RunExternalCompiler: end
RunExternalCompiler: end
compileSnippet complete
 ok=1 outsize=16665

Cmd: compileSnippet
  insize=10834 file=Packages/com.unity.render-pipelines.universal/Shaders/2D/Light2D.shader name=Hidden/Light2D pass= ppOnly=0 stripLineD=0 buildPlatform=20 rsLen=0 pKW=UNITY_ENABLE_REFLECTION_BUFFERS UNITY_USE_DITHER_MASK_FOR_ALPHABLENDED_SHADOWS UNITY_PBS_USE_BRDF1 UNITY_SPECCUBE_BOX_PROJECTION UNITY_SPECCUBE_BLENDING UNITY_ENABLE_DETAIL_NORMALMAP SHADER_API_DESKTOP UNITY_LIGHT_PROBE_PROXY_VOLUME UNITY_LIGHTMAP_FULL_HDR UNITY_PLATFORM_SUPPORTS_DEPTH_FETCH uKW=USE_SHAPE_LIGHT_TYPE_1 USE_SHAPE_LIGHT_TYPE_3 USE_NORMAL_MAP USE_VOLUMETRIC USE_POINT_LIGHT_COOKIES LIGHT_QUALITY_FAST dKW=USE_SHAPE_LIGHT_TYPE_0 USE_SHAPE_LIGHT_TYPE_2 USE_SHADOW_MAP USE_ADDITIVE_BLENDING UNITY_NO_DXT5nm UNITY_FRAMEBUFFER_FETCH_AVAILABLE UNITY_METAL_SHADOWS_USE_POINT_FILTERING UNITY_NO_SCREENSPACE_SHADOWS UNITY_PBS_USE_BRDF2 UNITY_PBS_USE_BRDF3 UNITY_HARDWARE_TIER1 UNITY_HARDWARE_TIER2 UNITY_HARDWARE_TIER3 UNITY_COLORSPACE_GAMMA UNITY_LIGHTMAP_DLDR_ENCODING UNITY_LIGHTMAP_RGBM_ENCODING UNITY_VIRTUAL_TEXTURING UNITY_PRETRANSFORM_TO_DISPLAY_ORIENTATION UNITY_ASTC_NORMALMAP_ENCODING SHADER_API_GLES30 SHADER_API_GLES31 SHADER_API_GLES32 UNITY_UNIFIED_SHADER_PRECISION_MODEL flags=0 lang=3 type=Vertex platform=gles3 reqs=33 mask=6 start=20
RunExternalCompiler: begin name=HLSLcc
RunExternalCompiler: begin name=FXC
RunExternalCompiler: end
RunExternalCompiler: begin name=FXC
RunExternalCompiler: end
RunExternalCompiler: end
compileSnippet complete
 ok=1 outsize=16037

Cmd: compileSnippet
  insize=10834 file=Packages/com.unity.render-pipelines.universal/Shaders/2D/Light2D.shader name=Hidden/Light2D pass= ppOnly=0 stripLineD=0 buildPlatform=20 rsLen=0 pKW=UNITY_ENABLE_REFLECTION_BUFFERS UNITY_USE_DITHER_MASK_FOR_ALPHABLENDED_SHADOWS UNITY_PBS_USE_BRDF1 UNITY_SPECCUBE_BOX_PROJECTION UNITY_SPECCUBE_BLENDING UNITY_ENABLE_DETAIL_NORMALMAP SHADER_API_DESKTOP UNITY_LIGHT_PROBE_PROXY_VOLUME UNITY_LIGHTMAP_FULL_HDR UNITY_PLATFORM_SUPPORTS_DEPTH_FETCH uKW=USE_SHAPE_LIGHT_TYPE_1 USE_SHAPE_LIGHT_TYPE_3 USE_NORMAL_MAP USE_VOLUMETRIC USE_POINT_LIGHT_COOKIES dKW=USE_SHAPE_LIGHT_TYPE_0 USE_SHAPE_LIGHT_TYPE_2 USE_SHADOW_MAP USE_ADDITIVE_BLENDING LIGHT_QUALITY_FAST UNITY_NO_DXT5nm UNITY_FRAMEBUFFER_FETCH_AVAILABLE UNITY_METAL_SHADOWS_USE_POINT_FILTERING UNITY_NO_SCREENSPACE_SHADOWS UNITY_PBS_USE_BRDF2 UNITY_PBS_USE_BRDF3 UNITY_HARDWARE_TIER1 UNITY_HARDWARE_TIER2 UNITY_HARDWARE_TIER3 UNITY_COLORSPACE_GAMMA UNITY_LIGHTMAP_DLDR_ENCODING UNITY_LIGHTMAP_RGBM_ENCODING UNITY_VIRTUAL_TEXTURING UNITY_PRETRANSFORM_TO_DISPLAY_ORIENTATION UNITY_ASTC_NORMALMAP_ENCODING SHADER_API_GLES30 SHADER_API_GLES31 SHADER_API_GLES32 UNITY_UNIFIED_SHADER_PRECISION_MODEL flags=0 lang=3 type=Vertex platform=gles3 reqs=33 mask=6 start=20
RunExternalCompiler: begin name=HLSLcc
RunExternalCompiler: begin name=FXC
RunExternalCompiler: end
RunExternalCompiler: begin name=FXC
RunExternalCompiler: end
RunExternalCompiler: end
compileSnippet complete
 ok=1 outsize=14398

Cmd: compileSnippet
  insize=10834 file=Packages/com.unity.render-pipelines.universal/Shaders/2D/Light2D.shader name=Hidden/Light2D pass= ppOnly=0 stripLineD=0 buildPlatform=20 rsLen=0 pKW=UNITY_ENABLE_REFLECTION_BUFFERS UNITY_USE_DITHER_MASK_FOR_ALPHABLENDED_SHADOWS UNITY_PBS_USE_BRDF1 UNITY_SPECCUBE_BOX_PROJECTION UNITY_SPECCUBE_BLENDING UNITY_ENABLE_DETAIL_NORMALMAP SHADER_API_DESKTOP UNITY_LIGHT_PROBE_PROXY_VOLUME UNITY_LIGHTMAP_FULL_HDR UNITY_PLATFORM_SUPPORTS_DEPTH_FETCH uKW=USE_SHAPE_LIGHT_TYPE_1 USE_SHAPE_LIGHT_TYPE_3 USE_NORMAL_MAP USE_VOLUMETRIC LIGHT_QUALITY_FAST dKW=USE_SHAPE_LIGHT_TYPE_0 USE_SHAPE_LIGHT_TYPE_2 USE_SHADOW_MAP USE_ADDITIVE_BLENDING USE_POINT_LIGHT_COOKIES UNITY_NO_DXT5nm UNITY_FRAMEBUFFER_FETCH_AVAILABLE UNITY_METAL_SHADOWS_USE_POINT_FILTERING UNITY_NO_SCREENSPACE_SHADOWS UNITY_PBS_USE_BRDF2 UNITY_PBS_USE_BRDF3 UNITY_HARDWARE_TIER1 UNITY_HARDWARE_TIER2 UNITY_HARDWARE_TIER3 UNITY_COLORSPACE_GAMMA UNITY_LIGHTMAP_DLDR_ENCODING UNITY_LIGHTMAP_RGBM_ENCODING UNITY_VIRTUAL_TEXTURING UNITY_PRETRANSFORM_TO_DISPLAY_ORIENTATION UNITY_ASTC_NORMALMAP_ENCODING SHADER_API_GLES30 SHADER_API_GLES31 SHADER_API_GLES32 UNITY_UNIFIED_SHADER_PRECISION_MODEL flags=0 lang=3 type=Vertex platform=gles3 reqs=33 mask=6 start=20
RunExternalCompiler: begin name=HLSLcc
RunExternalCompiler: begin name=FXC
RunExternalCompiler: end
RunExternalCompiler: begin name=FXC
RunExternalCompiler: end
RunExternalCompiler: end
compileSnippet complete
 ok=1 outsize=15799

Cmd: compileSnippet
  insize=10834 file=Packages/com.unity.render-pipelines.universal/Shaders/2D/Light2D.shader name=Hidden/Light2D pass= ppOnly=0 stripLineD=0 buildPlatform=20 rsLen=0 pKW=UNITY_ENABLE_REFLECTION_BUFFERS UNITY_USE_DITHER_MASK_FOR_ALPHABLENDED_SHADOWS UNITY_PBS_USE_BRDF1 UNITY_SPECCUBE_BOX_PROJECTION UNITY_SPECCUBE_BLENDING UNITY_ENABLE_DETAIL_NORMALMAP SHADER_API_DESKTOP UNITY_LIGHT_PROBE_PROXY_VOLUME UNITY_LIGHTMAP_FULL_HDR UNITY_PLATFORM_SUPPORTS_DEPTH_FETCH uKW=USE_SHAPE_LIGHT_TYPE_1 USE_SHAPE_LIGHT_TYPE_3 USE_NORMAL_MAP USE_VOLUMETRIC dKW=USE_SHAPE_LIGHT_TYPE_0 USE_SHAPE_LIGHT_TYPE_2 USE_SHADOW_MAP USE_ADDITIVE_BLENDING USE_POINT_LIGHT_COOKIES LIGHT_QUALITY_FAST UNITY_NO_DXT5nm UNITY_FRAMEBUFFER_FETCH_AVAILABLE UNITY_METAL_SHADOWS_USE_POINT_FILTERING UNITY_NO_SCREENSPACE_SHADOWS UNITY_PBS_USE_BRDF2 UNITY_PBS_USE_BRDF3 UNITY_HARDWARE_TIER1 UNITY_HARDWARE_TIER2 UNITY_HARDWARE_TIER3 UNITY_COLORSPACE_GAMMA UNITY_LIGHTMAP_DLDR_ENCODING UNITY_LIGHTMAP_RGBM_ENCODING UNITY_VIRTUAL_TEXTURING UNITY_PRETRANSFORM_TO_DISPLAY_ORIENTATION UNITY_ASTC_NORMALMAP_ENCODING SHADER_API_GLES30 SHADER_API_GLES31 SHADER_API_GLES32 UNITY_UNIFIED_SHADER_PRECISION_MODEL flags=0 lang=3 type=Vertex platform=gles3 reqs=33 mask=6 start=20
RunExternalCompiler: begin name=HLSLcc
RunExternalCompiler: begin name=FXC
RunExternalCompiler: end
RunExternalCompiler: begin name=FXC
RunExternalCompiler: end
RunExternalCompiler: end
compileSnippet complete
 ok=1 outsize=14160

Cmd: compileSnippet
  insize=10834 file=Packages/com.unity.render-pipelines.universal/Shaders/2D/Light2D.shader name=Hidden/Light2D pass= ppOnly=0 stripLineD=0 buildPlatform=20 rsLen=0 pKW=UNITY_ENABLE_REFLECTION_BUFFERS UNITY_USE_DITHER_MASK_FOR_ALPHABLENDED_SHADOWS UNITY_PBS_USE_BRDF1 UNITY_SPECCUBE_BOX_PROJECTION UNITY_SPECCUBE_BLENDING UNITY_ENABLE_DETAIL_NORMALMAP SHADER_API_DESKTOP UNITY_LIGHT_PROBE_PROXY_VOLUME UNITY_LIGHTMAP_FULL_HDR UNITY_PLATFORM_SUPPORTS_DEPTH_FETCH uKW=USE_SHAPE_LIGHT_TYPE_1 USE_SHAPE_LIGHT_TYPE_3 USE_NORMAL_MAP USE_POINT_LIGHT_COOKIES LIGHT_QUALITY_FAST dKW=USE_SHAPE_LIGHT_TYPE_0 USE_SHAPE_LIGHT_TYPE_2 USE_SHADOW_MAP USE_ADDITIVE_BLENDING USE_VOLUMETRIC UNITY_NO_DXT5nm UNITY_FRAMEBUFFER_FETCH_AVAILABLE UNITY_METAL_SHADOWS_USE_POINT_FILTERING UNITY_NO_SCREENSPACE_SHADOWS UNITY_PBS_USE_BRDF2 UNITY_PBS_USE_BRDF3 UNITY_HARDWARE_TIER1 UNITY_HARDWARE_TIER2 UNITY_HARDWARE_TIER3 UNITY_COLORSPACE_GAMMA UNITY_LIGHTMAP_DLDR_ENCODING UNITY_LIGHTMAP_RGBM_ENCODING UNITY_VIRTUAL_TEXTURING UNITY_PRETRANSFORM_TO_DISPLAY_ORIENTATION UNITY_ASTC_NORMALMAP_ENCODING SHADER_API_GLES30 SHADER_API_GLES31 SHADER_API_GLES32 UNITY_UNIFIED_SHADER_PRECISION_MODEL flags=0 lang=3 type=Vertex platform=gles3 reqs=33 mask=6 start=20
RunExternalCompiler: begin name=HLSLcc
RunExternalCompiler: begin name=FXC
RunExternalCompiler: end
RunExternalCompiler: begin name=FXC
RunExternalCompiler: end
RunExternalCompiler: end
compileSnippet complete
 ok=1 outsize=17116

Cmd: compileSnippet
  insize=10834 file=Packages/com.unity.render-pipelines.universal/Shaders/2D/Light2D.shader name=Hidden/Light2D pass= ppOnly=0 stripLineD=0 buildPlatform=20 rsLen=0 pKW=UNITY_ENABLE_REFLECTION_BUFFERS UNITY_USE_DITHER_MASK_FOR_ALPHABLENDED_SHADOWS UNITY_PBS_USE_BRDF1 UNITY_SPECCUBE_BOX_PROJECTION UNITY_SPECCUBE_BLENDING UNITY_ENABLE_DETAIL_NORMALMAP SHADER_API_DESKTOP UNITY_LIGHT_PROBE_PROXY_VOLUME UNITY_LIGHTMAP_FULL_HDR UNITY_PLATFORM_SUPPORTS_DEPTH_FETCH uKW=USE_SHAPE_LIGHT_TYPE_1 USE_SHAPE_LIGHT_TYPE_3 USE_NORMAL_MAP USE_POINT_LIGHT_COOKIES dKW=USE_SHAPE_LIGHT_TYPE_0 USE_SHAPE_LIGHT_TYPE_2 USE_SHADOW_MAP USE_ADDITIVE_BLENDING USE_VOLUMETRIC LIGHT_QUALITY_FAST UNITY_NO_DXT5nm UNITY_FRAMEBUFFER_FETCH_AVAILABLE UNITY_METAL_SHADOWS_USE_POINT_FILTERING UNITY_NO_SCREENSPACE_SHADOWS UNITY_PBS_USE_BRDF2 UNITY_PBS_USE_BRDF3 UNITY_HARDWARE_TIER1 UNITY_HARDWARE_TIER2 UNITY_HARDWARE_TIER3 UNITY_COLORSPACE_GAMMA UNITY_LIGHTMAP_DLDR_ENCODING UNITY_LIGHTMAP_RGBM_ENCODING UNITY_VIRTUAL_TEXTURING UNITY_PRETRANSFORM_TO_DISPLAY_ORIENTATION UNITY_ASTC_NORMALMAP_ENCODING SHADER_API_GLES30 SHADER_API_GLES31 SHADER_API_GLES32 UNITY_UNIFIED_SHADER_PRECISION_MODEL flags=0 lang=3 type=Vertex platform=gles3 reqs=33 mask=6 start=20
RunExternalCompiler: begin name=HLSLcc
RunExternalCompiler: begin name=FXC
RunExternalCompiler: end
RunExternalCompiler: begin name=FXC
RunExternalCompiler: end
RunExternalCompiler: end
compileSnippet complete
 ok=1 outsize=16781

Cmd: compileSnippet
  insize=10834 file=Packages/com.unity.render-pipelines.universal/Shaders/2D/Light2D.shader name=Hidden/Light2D pass= ppOnly=0 stripLineD=0 buildPlatform=20 rsLen=0 pKW=UNITY_ENABLE_REFLECTION_BUFFERS UNITY_USE_DITHER_MASK_FOR_ALPHABLENDED_SHADOWS UNITY_PBS_USE_BRDF1 UNITY_SPECCUBE_BOX_PROJECTION UNITY_SPECCUBE_BLENDING UNITY_ENABLE_DETAIL_NORMALMAP SHADER_API_DESKTOP UNITY_LIGHT_PROBE_PROXY_VOLUME UNITY_LIGHTMAP_FULL_HDR UNITY_PLATFORM_SUPPORTS_DEPTH_FETCH uKW=USE_SHAPE_LIGHT_TYPE_1 USE_SHAPE_LIGHT_TYPE_3 USE_NORMAL_MAP LIGHT_QUALITY_FAST dKW=USE_SHAPE_LIGHT_TYPE_0 USE_SHAPE_LIGHT_TYPE_2 USE_SHADOW_MAP USE_ADDITIVE_BLENDING USE_VOLUMETRIC USE_POINT_LIGHT_COOKIES UNITY_NO_DXT5nm UNITY_FRAMEBUFFER_FETCH_AVAILABLE UNITY_METAL_SHADOWS_USE_POINT_FILTERING UNITY_NO_SCREENSPACE_SHADOWS UNITY_PBS_USE_BRDF2 UNITY_PBS_USE_BRDF3 UNITY_HARDWARE_TIER1 UNITY_HARDWARE_TIER2 UNITY_HARDWARE_TIER3 UNITY_COLORSPACE_GAMMA UNITY_LIGHTMAP_DLDR_ENCODING UNITY_LIGHTMAP_RGBM_ENCODING UNITY_VIRTUAL_TEXTURING UNITY_PRETRANSFORM_TO_DISPLAY_ORIENTATION UNITY_ASTC_NORMALMAP_ENCODING SHADER_API_GLES30 SHADER_API_GLES31 SHADER_API_GLES32 UNITY_UNIFIED_SHADER_PRECISION_MODEL flags=0 lang=3 type=Vertex platform=gles3 reqs=33 mask=6 start=20
RunExternalCompiler: begin name=HLSLcc
RunExternalCompiler: begin name=FXC
RunExternalCompiler: end
RunExternalCompiler: begin name=FXC
RunExternalCompiler: end
RunExternalCompiler: end
compileSnippet complete
 ok=1 outsize=16950

Cmd: compileSnippet
  insize=10834 file=Packages/com.unity.render-pipelines.universal/Shaders/2D/Light2D.shader name=Hidden/Light2D pass= ppOnly=0 stripLineD=0 buildPlatform=20 rsLen=0 pKW=UNITY_ENABLE_REFLECTION_BUFFERS UNITY_USE_DITHER_MASK_FOR_ALPHABLENDED_SHADOWS UNITY_PBS_USE_BRDF1 UNITY_SPECCUBE_BOX_PROJECTION UNITY_SPECCUBE_BLENDING UNITY_ENABLE_DETAIL_NORMALMAP SHADER_API_DESKTOP UNITY_LIGHT_PROBE_PROXY_VOLUME UNITY_LIGHTMAP_FULL_HDR UNITY_PLATFORM_SUPPORTS_DEPTH_FETCH uKW=USE_SHAPE_LIGHT_TYPE_1 USE_SHAPE_LIGHT_TYPE_3 USE_NORMAL_MAP dKW=USE_SHAPE_LIGHT_TYPE_0 USE_SHAPE_LIGHT_TYPE_2 USE_SHADOW_MAP USE_ADDITIVE_BLENDING USE_VOLUMETRIC USE_POINT_LIGHT_COOKIES LIGHT_QUALITY_FAST UNITY_NO_DXT5nm UNITY_FRAMEBUFFER_FETCH_AVAILABLE UNITY_METAL_SHADOWS_USE_POINT_FILTERING UNITY_NO_SCREENSPACE_SHADOWS UNITY_PBS_USE_BRDF2 UNITY_PBS_USE_BRDF3 UNITY_HARDWARE_TIER1 UNITY_HARDWARE_TIER2 UNITY_HARDWARE_TIER3 UNITY_COLORSPACE_GAMMA UNITY_LIGHTMAP_DLDR_ENCODING UNITY_LIGHTMAP_RGBM_ENCODING UNITY_VIRTUAL_TEXTURING UNITY_PRETRANSFORM_TO_DISPLAY_ORIENTATION UNITY_ASTC_NORMALMAP_ENCODING SHADER_API_GLES30 SHADER_API_GLES31 SHADER_API_GLES32 UNITY_UNIFIED_SHADER_PRECISION_MODEL flags=0 lang=3 type=Vertex platform=gles3 reqs=33 mask=6 start=20
RunExternalCompiler: begin name=HLSLcc
RunExternalCompiler: begin name=FXC
RunExternalCompiler: end
RunExternalCompiler: begin name=FXC
RunExternalCompiler: end
RunExternalCompiler: end
compileSnippet complete
 ok=1 outsize=16615

Cmd: compileSnippet
  insize=10834 file=Packages/com.unity.render-pipelines.universal/Shaders/2D/Light2D.shader name=Hidden/Light2D pass= ppOnly=0 stripLineD=0 buildPlatform=20 rsLen=0 pKW=UNITY_ENABLE_REFLECTION_BUFFERS UNITY_USE_DITHER_MASK_FOR_ALPHABLENDED_SHADOWS UNITY_PBS_USE_BRDF1 UNITY_SPECCUBE_BOX_PROJECTION UNITY_SPECCUBE_BLENDING UNITY_ENABLE_DETAIL_NORMALMAP SHADER_API_DESKTOP UNITY_LIGHT_PROBE_PROXY_VOLUME UNITY_LIGHTMAP_FULL_HDR UNITY_PLATFORM_SUPPORTS_DEPTH_FETCH uKW=USE_SHAPE_LIGHT_TYPE_1 USE_NORMAL_MAP USE_SHADOW_MAP USE_VOLUMETRIC USE_POINT_LIGHT_COOKIES dKW=USE_SHAPE_LIGHT_TYPE_0 USE_SHAPE_LIGHT_TYPE_2 USE_SHAPE_LIGHT_TYPE_3 USE_ADDITIVE_BLENDING LIGHT_QUALITY_FAST UNITY_NO_DXT5nm UNITY_FRAMEBUFFER_FETCH_AVAILABLE UNITY_METAL_SHADOWS_USE_POINT_FILTERING UNITY_NO_SCREENSPACE_SHADOWS UNITY_PBS_USE_BRDF2 UNITY_PBS_USE_BRDF3 UNITY_HARDWARE_TIER1 UNITY_HARDWARE_TIER2 UNITY_HARDWARE_TIER3 UNITY_COLORSPACE_GAMMA UNITY_LIGHTMAP_DLDR_ENCODING UNITY_LIGHTMAP_RGBM_ENCODING UNITY_VIRTUAL_TEXTURING UNITY_PRETRANSFORM_TO_DISPLAY_ORIENTATION UNITY_ASTC_NORMALMAP_ENCODING SHADER_API_GLES30 SHADER_API_GLES31 SHADER_API_GLES32 UNITY_UNIFIED_SHADER_PRECISION_MODEL flags=0 lang=3 type=Vertex platform=gles3 reqs=33 mask=6 start=20
RunExternalCompiler: begin name=HLSLcc
RunExternalCompiler: begin name=FXC
RunExternalCompiler: end
RunExternalCompiler: begin name=FXC
RunExternalCompiler: end
RunExternalCompiler: end
compileSnippet complete
 ok=1 outsize=16137

Cmd: compileSnippet
  insize=10834 file=Packages/com.unity.render-pipelines.universal/Shaders/2D/Light2D.shader name=Hidden/Light2D pass= ppOnly=0 stripLineD=0 buildPlatform=20 rsLen=0 pKW=UNITY_ENABLE_REFLECTION_BUFFERS UNITY_USE_DITHER_MASK_FOR_ALPHABLENDED_SHADOWS UNITY_PBS_USE_BRDF1 UNITY_SPECCUBE_BOX_PROJECTION UNITY_SPECCUBE_BLENDING UNITY_ENABLE_DETAIL_NORMALMAP SHADER_API_DESKTOP UNITY_LIGHT_PROBE_PROXY_VOLUME UNITY_LIGHTMAP_FULL_HDR UNITY_PLATFORM_SUPPORTS_DEPTH_FETCH uKW=USE_SHAPE_LIGHT_TYPE_2 USE_SHADOW_MAP USE_ADDITIVE_BLENDING dKW=USE_SHAPE_LIGHT_TYPE_0 USE_SHAPE_LIGHT_TYPE_1 USE_SHAPE_LIGHT_TYPE_3 USE_NORMAL_MAP USE_VOLUMETRIC USE_POINT_LIGHT_COOKIES LIGHT_QUALITY_FAST UNITY_NO_DXT5nm UNITY_FRAMEBUFFER_FETCH_AVAILABLE UNITY_METAL_SHADOWS_USE_POINT_FILTERING UNITY_NO_SCREENSPACE_SHADOWS UNITY_PBS_USE_BRDF2 UNITY_PBS_USE_BRDF3 UNITY_HARDWARE_TIER1 UNITY_HARDWARE_TIER2 UNITY_HARDWARE_TIER3 UNITY_COLORSPACE_GAMMA UNITY_LIGHTMAP_DLDR_ENCODING UNITY_LIGHTMAP_RGBM_ENCODING UNITY_VIRTUAL_TEXTURING UNITY_PRETRANSFORM_TO_DISPLAY_ORIENTATION UNITY_ASTC_NORMALMAP_ENCODING SHADER_API_GLES30 SHADER_API_GLES31 SHADER_API_GLES32 UNITY_UNIFIED_SHADER_PRECISION_MODEL flags=0 lang=3 type=Vertex platform=gles3 reqs=33 mask=6 start=20
RunExternalCompiler: begin name=HLSLcc
RunExternalCompiler: begin name=FXC
RunExternalCompiler: end
RunExternalCompiler: begin name=FXC
RunExternalCompiler: end
RunExternalCompiler: end
compileSnippet complete
 ok=1 outsize=14822

Cmd: compileSnippet
  insize=10834 file=Packages/com.unity.render-pipelines.universal/Shaders/2D/Light2D.shader name=Hidden/Light2D pass= ppOnly=0 stripLineD=0 buildPlatform=20 rsLen=0 pKW=UNITY_ENABLE_REFLECTION_BUFFERS UNITY_USE_DITHER_MASK_FOR_ALPHABLENDED_SHADOWS UNITY_PBS_USE_BRDF1 UNITY_SPECCUBE_BOX_PROJECTION UNITY_SPECCUBE_BLENDING UNITY_ENABLE_DETAIL_NORMALMAP SHADER_API_DESKTOP UNITY_LIGHT_PROBE_PROXY_VOLUME UNITY_LIGHTMAP_FULL_HDR UNITY_PLATFORM_SUPPORTS_DEPTH_FETCH uKW=USE_SHAPE_LIGHT_TYPE_3 USE_NORMAL_MAP USE_VOLUMETRIC dKW=USE_SHAPE_LIGHT_TYPE_0 USE_SHAPE_LIGHT_TYPE_1 USE_SHAPE_LIGHT_TYPE_2 USE_SHADOW_MAP USE_ADDITIVE_BLENDING USE_POINT_LIGHT_COOKIES LIGHT_QUALITY_FAST UNITY_NO_DXT5nm UNITY_FRAMEBUFFER_FETCH_AVAILABLE UNITY_METAL_SHADOWS_USE_POINT_FILTERING UNITY_NO_SCREENSPACE_SHADOWS UNITY_PBS_USE_BRDF2 UNITY_PBS_USE_BRDF3 UNITY_HARDWARE_TIER1 UNITY_HARDWARE_TIER2 UNITY_HARDWARE_TIER3 UNITY_COLORSPACE_GAMMA UNITY_LIGHTMAP_DLDR_ENCODING UNITY_LIGHTMAP_RGBM_ENCODING UNITY_VIRTUAL_TEXTURING UNITY_PRETRANSFORM_TO_DISPLAY_ORIENTATION UNITY_ASTC_NORMALMAP_ENCODING SHADER_API_GLES30 SHADER_API_GLES31 SHADER_API_GLES32 UNITY_UNIFIED_SHADER_PRECISION_MODEL flags=0 lang=3 type=Vertex platform=gles3 reqs=33 mask=6 start=20
RunExternalCompiler: begin name=HLSLcc
RunExternalCompiler: begin name=FXC
RunExternalCompiler: end
RunExternalCompiler: begin name=FXC
RunExternalCompiler: end
RunExternalCompiler: end
compileSnippet complete
 ok=1 outsize=13751

Cmd: compileSnippet
  insize=10834 file=Packages/com.unity.render-pipelines.universal/Shaders/2D/Light2D.shader name=Hidden/Light2D pass= ppOnly=0 stripLineD=0 buildPlatform=20 rsLen=0 pKW=UNITY_ENABLE_REFLECTION_BUFFERS UNITY_USE_DITHER_MASK_FOR_ALPHABLENDED_SHADOWS UNITY_PBS_USE_BRDF1 UNITY_SPECCUBE_BOX_PROJECTION UNITY_SPECCUBE_BLENDING UNITY_ENABLE_DETAIL_NORMALMAP SHADER_API_DESKTOP UNITY_LIGHT_PROBE_PROXY_VOLUME UNITY_LIGHTMAP_FULL_HDR UNITY_PLATFORM_SUPPORTS_DEPTH_FETCH uKW=USE_SHAPE_LIGHT_TYPE_3 USE_NORMAL_MAP USE_ADDITIVE_BLENDING USE_POINT_LIGHT_COOKIES LIGHT_QUALITY_FAST dKW=USE_SHAPE_LIGHT_TYPE_0 USE_SHAPE_LIGHT_TYPE_1 USE_SHAPE_LIGHT_TYPE_2 USE_SHADOW_MAP USE_VOLUMETRIC UNITY_NO_DXT5nm UNITY_FRAMEBUFFER_FETCH_AVAILABLE UNITY_METAL_SHADOWS_USE_POINT_FILTERING UNITY_NO_SCREENSPACE_SHADOWS UNITY_PBS_USE_BRDF2 UNITY_PBS_USE_BRDF3 UNITY_HARDWARE_TIER1 UNITY_HARDWARE_TIER2 UNITY_HARDWARE_TIER3 UNITY_COLORSPACE_GAMMA UNITY_LIGHTMAP_DLDR_ENCODING UNITY_LIGHTMAP_RGBM_ENCODING UNITY_VIRTUAL_TEXTURING UNITY_PRETRANSFORM_TO_DISPLAY_ORIENTATION UNITY_ASTC_NORMALMAP_ENCODING SHADER_API_GLES30 SHADER_API_GLES31 SHADER_API_GLES32 UNITY_UNIFIED_SHADER_PRECISION_MODEL flags=0 lang=3 type=Vertex platform=gles3 reqs=33 mask=6 start=20
RunExternalCompiler: begin name=HLSLcc
RunExternalCompiler: begin name=FXC
RunExternalCompiler: end
RunExternalCompiler: begin name=FXC
RunExternalCompiler: end
RunExternalCompiler: end
compileSnippet complete
 ok=1 outsize=16831

Cmd: compileSnippet
  insize=10834 file=Packages/com.unity.render-pipelines.universal/Shaders/2D/Light2D.shader name=Hidden/Light2D pass= ppOnly=0 stripLineD=0 buildPlatform=20 rsLen=0 pKW=UNITY_ENABLE_REFLECTION_BUFFERS UNITY_USE_DITHER_MASK_FOR_ALPHABLENDED_SHADOWS UNITY_PBS_USE_BRDF1 UNITY_SPECCUBE_BOX_PROJECTION UNITY_SPECCUBE_BLENDING UNITY_ENABLE_DETAIL_NORMALMAP SHADER_API_DESKTOP UNITY_LIGHT_PROBE_PROXY_VOLUME UNITY_LIGHTMAP_FULL_HDR UNITY_PLATFORM_SUPPORTS_DEPTH_FETCH uKW=USE_SHADOW_MAP USE_ADDITIVE_BLENDING USE_POINT_LIGHT_COOKIES dKW=USE_SHAPE_LIGHT_TYPE_0 USE_SHAPE_LIGHT_TYPE_1 USE_SHAPE_LIGHT_TYPE_2 USE_SHAPE_LIGHT_TYPE_3 USE_NORMAL_MAP USE_VOLUMETRIC LIGHT_QUALITY_FAST UNITY_NO_DXT5nm UNITY_FRAMEBUFFER_FETCH_AVAILABLE UNITY_METAL_SHADOWS_USE_POINT_FILTERING UNITY_NO_SCREENSPACE_SHADOWS UNITY_PBS_USE_BRDF2 UNITY_PBS_USE_BRDF3 UNITY_HARDWARE_TIER1 UNITY_HARDWARE_TIER2 UNITY_HARDWARE_TIER3 UNITY_COLORSPACE_GAMMA UNITY_LIGHTMAP_DLDR_ENCODING UNITY_LIGHTMAP_RGBM_ENCODING UNITY_VIRTUAL_TEXTURING UNITY_PRETRANSFORM_TO_DISPLAY_ORIENTATION UNITY_ASTC_NORMALMAP_ENCODING SHADER_API_GLES30 SHADER_API_GLES31 SHADER_API_GLES32 UNITY_UNIFIED_SHADER_PRECISION_MODEL flags=0 lang=3 type=Vertex platform=gles3 reqs=33 mask=6 start=20
RunExternalCompiler: begin name=HLSLcc
RunExternalCompiler: begin name=FXC
RunExternalCompiler: end
RunExternalCompiler: begin name=FXC
RunExternalCompiler: end
RunExternalCompiler: end
compileSnippet complete
 ok=1 outsize=15057

Cmd: compileSnippet
  insize=10834 file=Packages/com.unity.render-pipelines.universal/Shaders/2D/Light2D.shader name=Hidden/Light2D pass= ppOnly=0 stripLineD=0 buildPlatform=20 rsLen=0 pKW=UNITY_ENABLE_REFLECTION_BUFFERS UNITY_USE_DITHER_MASK_FOR_ALPHABLENDED_SHADOWS UNITY_PBS_USE_BRDF1 UNITY_SPECCUBE_BOX_PROJECTION UNITY_SPECCUBE_BLENDING UNITY_ENABLE_DETAIL_NORMALMAP SHADER_API_DESKTOP UNITY_LIGHT_PROBE_PROXY_VOLUME UNITY_LIGHTMAP_FULL_HDR UNITY_PLATFORM_SUPPORTS_DEPTH_FETCH uKW=USE_VOLUMETRIC USE_POINT_LIGHT_COOKIES LIGHT_QUALITY_FAST dKW=USE_SHAPE_LIGHT_TYPE_0 USE_SHAPE_LIGHT_TYPE_1 USE_SHAPE_LIGHT_TYPE_2 USE_SHAPE_LIGHT_TYPE_3 USE_NORMAL_MAP USE_SHADOW_MAP USE_ADDITIVE_BLENDING UNITY_NO_DXT5nm UNITY_FRAMEBUFFER_FETCH_AVAILABLE UNITY_METAL_SHADOWS_USE_POINT_FILTERING UNITY_NO_SCREENSPACE_SHADOWS UNITY_PBS_USE_BRDF2 UNITY_PBS_USE_BRDF3 UNITY_HARDWARE_TIER1 UNITY_HARDWARE_TIER2 UNITY_HARDWARE_TIER3 UNITY_COLORSPACE_GAMMA UNITY_LIGHTMAP_DLDR_ENCODING UNITY_LIGHTMAP_RGBM_ENCODING UNITY_VIRTUAL_TEXTURING UNITY_PRETRANSFORM_TO_DISPLAY_ORIENTATION UNITY_ASTC_NORMALMAP_ENCODING SHADER_API_GLES30 SHADER_API_GLES31 SHADER_API_GLES32 UNITY_UNIFIED_SHADER_PRECISION_MODEL flags=0 lang=3 type=Vertex platform=gles3 reqs=33 mask=6 start=20
RunExternalCompiler: begin name=HLSLcc
RunExternalCompiler: begin name=FXC
RunExternalCompiler: end
RunExternalCompiler: begin name=FXC
RunExternalCompiler: end
RunExternalCompiler: end
compileSnippet complete
 ok=1 outsize=13095

Cmd: compileSnippet
  insize=8577 file=Packages/com.unity.render-pipelines.universal/Shaders/PostProcessing/GaussianDepthOfField.shader name=Hidden/Universal Render Pipeline/GaussianDepthOfField pass=Gaussian Depth Of Field Blur Horizontal ppOnly=0 stripLineD=0 buildPlatform=20 rsLen=0 pKW=UNITY_ENABLE_REFLECTION_BUFFERS UNITY_USE_DITHER_MASK_FOR_ALPHABLENDED_SHADOWS UNITY_PBS_USE_BRDF1 UNITY_SPECCUBE_BOX_PROJECTION UNITY_SPECCUBE_BLENDING UNITY_ENABLE_DETAIL_NORMALMAP SHADER_API_DESKTOP UNITY_LIGHT_PROBE_PROXY_VOLUME UNITY_LIGHTMAP_FULL_HDR UNITY_PLATFORM_SUPPORTS_DEPTH_FETCH uKW= dKW=_ENABLE_ALPHA_OUTPUT UNITY_NO_DXT5nm UNITY_FRAMEBUFFER_FETCH_AVAILABLE UNITY_METAL_SHADOWS_USE_POINT_FILTERING UNITY_NO_SCREENSPACE_SHADOWS UNITY_PBS_USE_BRDF2 UNITY_PBS_USE_BRDF3 UNITY_HARDWARE_TIER1 UNITY_HARDWARE_TIER2 UNITY_HARDWARE_TIER3 UNITY_COLORSPACE_GAMMA UNITY_LIGHTMAP_DLDR_ENCODING UNITY_LIGHTMAP_RGBM_ENCODING UNITY_VIRTUAL_TEXTURING UNITY_PRETRANSFORM_TO_DISPLAY_ORIENTATION UNITY_ASTC_NORMALMAP_ENCODING SHADER_API_GLES30 SHADER_API_GLES31 SHADER_API_GLES32 UNITY_UNIFIED_SHADER_PRECISION_MODEL flags=0 lang=3 type=Vertex platform=gles3 reqs=4075 mask=6 start=259
RunExternalCompiler: begin name=HLSLcc
RunExternalCompiler: begin name=FXC
RunExternalCompiler: end
RunExternalCompiler: begin name=FXC
RunExternalCompiler: end
RunExternalCompiler: end
compileSnippet complete
 ok=1 outsize=4092

Cmd: compileSnippet
  insize=12171 file=Packages/com.unity.render-pipelines.universal/Shaders/PostProcessing/Bloom.shader name=Hidden/Universal Render Pipeline/Bloom pass=Bloom Prefilter ppOnly=0 stripLineD=0 buildPlatform=20 rsLen=0 pKW=UNITY_ENABLE_REFLECTION_BUFFERS UNITY_USE_DITHER_MASK_FOR_ALPHABLENDED_SHADOWS UNITY_PBS_USE_BRDF1 UNITY_SPECCUBE_BOX_PROJECTION UNITY_SPECCUBE_BLENDING UNITY_ENABLE_DETAIL_NORMALMAP SHADER_API_DESKTOP UNITY_LIGHT_PROBE_PROXY_VOLUME UNITY_LIGHTMAP_FULL_HDR UNITY_PLATFORM_SUPPORTS_DEPTH_FETCH uKW=_BLOOM_HQ dKW=_ENABLE_ALPHA_OUTPUT UNITY_NO_DXT5nm UNITY_FRAMEBUFFER_FETCH_AVAILABLE UNITY_METAL_SHADOWS_USE_POINT_FILTERING UNITY_NO_SCREENSPACE_SHADOWS UNITY_PBS_USE_BRDF2 UNITY_PBS_USE_BRDF3 UNITY_HARDWARE_TIER1 UNITY_HARDWARE_TIER2 UNITY_HARDWARE_TIER3 UNITY_COLORSPACE_GAMMA UNITY_LIGHTMAP_DLDR_ENCODING UNITY_LIGHTMAP_RGBM_ENCODING UNITY_VIRTUAL_TEXTURING UNITY_PRETRANSFORM_TO_DISPLAY_ORIENTATION UNITY_ASTC_NORMALMAP_ENCODING SHADER_API_GLES30 SHADER_API_GLES31 SHADER_API_GLES32 UNITY_UNIFIED_SHADER_PRECISION_MODEL flags=0 lang=3 type=Vertex platform=gles3 reqs=33 mask=6 start=258
RunExternalCompiler: begin name=HLSLcc
RunExternalCompiler: begin name=FXC
RunExternalCompiler: end
RunExternalCompiler: begin name=FXC
RunExternalCompiler: end
RunExternalCompiler: end
compileSnippet complete
 ok=1 outsize=5487

Cmd: compileSnippet
  insize=1129 file=Packages/com.unity.render-pipelines.universal/Shaders/PostProcessing/SubpixelMorphologicalAntialiasing.shader name=Hidden/Universal Render Pipeline/SubpixelMorphologicalAntialiasing pass= ppOnly=0 stripLineD=0 buildPlatform=20 rsLen=0 pKW=UNITY_ENABLE_REFLECTION_BUFFERS UNITY_USE_DITHER_MASK_FOR_ALPHABLENDED_SHADOWS UNITY_PBS_USE_BRDF1 UNITY_SPECCUBE_BOX_PROJECTION UNITY_SPECCUBE_BLENDING UNITY_ENABLE_DETAIL_NORMALMAP SHADER_API_DESKTOP UNITY_LIGHT_PROBE_PROXY_VOLUME UNITY_LIGHTMAP_FULL_HDR UNITY_PLATFORM_SUPPORTS_DEPTH_FETCH uKW=_SMAA_PRESET_MEDIUM dKW=_SMAA_PRESET_LOW _SMAA_PRESET_HIGH UNITY_NO_DXT5nm UNITY_FRAMEBUFFER_FETCH_AVAILABLE UNITY_METAL_SHADOWS_USE_POINT_FILTERING UNITY_NO_SCREENSPACE_SHADOWS UNITY_PBS_USE_BRDF2 UNITY_PBS_USE_BRDF3 UNITY_HARDWARE_TIER1 UNITY_HARDWARE_TIER2 UNITY_HARDWARE_TIER3 UNITY_COLORSPACE_GAMMA UNITY_LIGHTMAP_DLDR_ENCODING UNITY_LIGHTMAP_RGBM_ENCODING UNITY_VIRTUAL_TEXTURING UNITY_PRETRANSFORM_TO_DISPLAY_ORIENTATION UNITY_ASTC_NORMALMAP_ENCODING SHADER_API_GLES30 SHADER_API_GLES31 SHADER_API_GLES32 UNITY_UNIFIED_SHADER_PRECISION_MODEL flags=0 lang=3 type=Vertex platform=gles3 reqs=33 mask=6 start=28
RunExternalCompiler: begin name=HLSLcc
RunExternalCompiler: begin name=FXC
RunExternalCompiler: end
RunExternalCompiler: begin name=FXC
RunExternalCompiler: end
RunExternalCompiler: end
compileSnippet complete
 ok=1 outsize=5949

Cmd: compileSnippet
  insize=1722 file=Packages/com.unity.render-pipelines.universal/Shaders/PostProcessing/LensFlareDataDriven.shader name=Hidden/Universal Render Pipeline/LensFlareDataDriven pass=LensFlareAdditive ppOnly=0 stripLineD=0 buildPlatform=20 rsLen=0 pKW=UNITY_ENABLE_REFLECTION_BUFFERS UNITY_USE_DITHER_MASK_FOR_ALPHABLENDED_SHADOWS UNITY_PBS_USE_BRDF1 UNITY_SPECCUBE_BOX_PROJECTION UNITY_SPECCUBE_BLENDING UNITY_ENABLE_DETAIL_NORMALMAP SHADER_API_DESKTOP UNITY_LIGHT_PROBE_PROXY_VOLUME UNITY_LIGHTMAP_FULL_HDR UNITY_PLATFORM_SUPPORTS_DEPTH_FETCH uKW=FLARE_INVERSE_SDF dKW=FLARE_OPENGL3_OR_OPENGLCORE FLARE_HAS_OCCLUSION UNITY_NO_DXT5nm UNITY_FRAMEBUFFER_FETCH_AVAILABLE UNITY_METAL_SHADOWS_USE_POINT_FILTERING UNITY_NO_SCREENSPACE_SHADOWS UNITY_PBS_USE_BRDF2 UNITY_PBS_USE_BRDF3 UNITY_HARDWARE_TIER1 UNITY_HARDWARE_TIER2 UNITY_HARDWARE_TIER3 UNITY_COLORSPACE_GAMMA UNITY_LIGHTMAP_DLDR_ENCODING UNITY_LIGHTMAP_RGBM_ENCODING UNITY_VIRTUAL_TEXTURING UNITY_PRETRANSFORM_TO_DISPLAY_ORIENTATION UNITY_ASTC_NORMALMAP_ENCODING SHADER_API_GLES30 SHADER_API_GLES31 SHADER_API_GLES32 UNITY_UNIFIED_SHADER_PRECISION_MODEL flags=0 lang=3 type=Vertex platform=gles3 reqs=227 mask=6 start=19
RunExternalCompiler: begin name=HLSLcc
RunExternalCompiler: begin name=FXC
RunExternalCompiler: end
RunExternalCompiler: begin name=FXC
RunExternalCompiler: end
RunExternalCompiler: end
compileSnippet complete
 ok=1 outsize=17895

Cmd: compileSnippet
  insize=1256 file=Packages/com.unity.render-pipelines.universal/Shaders/PostProcessing/LensFlareScreenSpace.shader name=Hidden/Universal Render Pipeline/LensFlareScreenSpace pass=LensFlareScreenSpace Upsample ppOnly=0 stripLineD=0 buildPlatform=20 rsLen=0 pKW=UNITY_ENABLE_REFLECTION_BUFFERS UNITY_USE_DITHER_MASK_FOR_ALPHABLENDED_SHADOWS UNITY_PBS_USE_BRDF1 UNITY_SPECCUBE_BOX_PROJECTION UNITY_SPECCUBE_BLENDING UNITY_ENABLE_DETAIL_NORMALMAP SHADER_API_DESKTOP UNITY_LIGHT_PROBE_PROXY_VOLUME UNITY_LIGHTMAP_FULL_HDR UNITY_PLATFORM_SUPPORTS_DEPTH_FETCH uKW= dKW=UNITY_NO_DXT5nm UNITY_FRAMEBUFFER_FETCH_AVAILABLE UNITY_METAL_SHADOWS_USE_POINT_FILTERING UNITY_NO_SCREENSPACE_SHADOWS UNITY_PBS_USE_BRDF2 UNITY_PBS_USE_BRDF3 UNITY_HARDWARE_TIER1 UNITY_HARDWARE_TIER2 UNITY_HARDWARE_TIER3 UNITY_COLORSPACE_GAMMA UNITY_LIGHTMAP_DLDR_ENCODING UNITY_LIGHTMAP_RGBM_ENCODING UNITY_VIRTUAL_TEXTURING UNITY_PRETRANSFORM_TO_DISPLAY_ORIENTATION UNITY_ASTC_NORMALMAP_ENCODING SHADER_API_GLES30 SHADER_API_GLES31 SHADER_API_GLES32 UNITY_UNIFIED_SHADER_PRECISION_MODEL flags=0 lang=3 type=Vertex platform=gles3 reqs=227 mask=6 start=77
RunExternalCompiler: begin name=HLSLcc
RunExternalCompiler: begin name=FXC
RunExternalCompiler: end
RunExternalCompiler: begin name=FXC
RunExternalCompiler: end
RunExternalCompiler: end
compileSnippet complete
 ok=1 outsize=4138

Cmd: compileSnippet
  insize=1844 file=Packages/com.unity.render-pipelines.universal/Shaders/Utils/CoreBlit.shader name=Hidden/Universal/CoreBlit pass=NearestQuad ppOnly=0 stripLineD=0 buildPlatform=20 rsLen=0 pKW=UNITY_ENABLE_REFLECTION_BUFFERS UNITY_USE_DITHER_MASK_FOR_ALPHABLENDED_SHADOWS UNITY_PBS_USE_BRDF1 UNITY_SPECCUBE_BOX_PROJECTION UNITY_SPECCUBE_BLENDING UNITY_ENABLE_DETAIL_NORMALMAP SHADER_API_DESKTOP UNITY_LIGHT_PROBE_PROXY_VOLUME UNITY_LIGHTMAP_FULL_HDR UNITY_PLATFORM_SUPPORTS_DEPTH_FETCH uKW= dKW=UNITY_NO_DXT5nm UNITY_FRAMEBUFFER_FETCH_AVAILABLE UNITY_METAL_SHADOWS_USE_POINT_FILTERING UNITY_NO_SCREENSPACE_SHADOWS UNITY_PBS_USE_BRDF2 UNITY_PBS_USE_BRDF3 UNITY_HARDWARE_TIER1 UNITY_HARDWARE_TIER2 UNITY_HARDWARE_TIER3 UNITY_COLORSPACE_GAMMA UNITY_LIGHTMAP_DLDR_ENCODING UNITY_LIGHTMAP_RGBM_ENCODING UNITY_VIRTUAL_TEXTURING UNITY_PRETRANSFORM_TO_DISPLAY_ORIENTATION UNITY_ASTC_NORMALMAP_ENCODING SHADER_API_GLES30 SHADER_API_GLES31 SHADER_API_GLES32 UNITY_UNIFIED_SHADER_PRECISION_MODEL flags=0 lang=3 type=Vertex platform=gles3 reqs=1 mask=6 start=73
RunExternalCompiler: begin name=HLSLcc
RunExternalCompiler: begin name=FXC
RunExternalCompiler: end
RunExternalCompiler: begin name=FXC
RunExternalCompiler: end
RunExternalCompiler: end
compileSnippet complete
 ok=1 outsize=2341

Cmd: compileSnippet
  insize=2309 file=Packages/com.unity.render-pipelines.universal/Shaders/Utils/CoreBlit.shader name=Hidden/Universal/CoreBlit pass=BilinearDebugDraw ppOnly=0 stripLineD=0 buildPlatform=20 rsLen=0 pKW=UNITY_ENABLE_REFLECTION_BUFFERS UNITY_USE_DITHER_MASK_FOR_ALPHABLENDED_SHADOWS UNITY_PBS_USE_BRDF1 UNITY_SPECCUBE_BOX_PROJECTION UNITY_SPECCUBE_BLENDING UNITY_ENABLE_DETAIL_NORMALMAP SHADER_API_DESKTOP UNITY_LIGHT_PROBE_PROXY_VOLUME UNITY_LIGHTMAP_FULL_HDR UNITY_PLATFORM_SUPPORTS_DEPTH_FETCH uKW=_LINEAR_TO_SRGB_CONVERSION dKW=DEBUG_DISPLAY UNITY_NO_DXT5nm UNITY_FRAMEBUFFER_FETCH_AVAILABLE UNITY_METAL_SHADOWS_USE_POINT_FILTERING UNITY_NO_SCREENSPACE_SHADOWS UNITY_PBS_USE_BRDF2 UNITY_PBS_USE_BRDF3 UNITY_HARDWARE_TIER1 UNITY_HARDWARE_TIER2 UNITY_HARDWARE_TIER3 UNITY_COLORSPACE_GAMMA UNITY_LIGHTMAP_DLDR_ENCODING UNITY_LIGHTMAP_RGBM_ENCODING UNITY_VIRTUAL_TEXTURING UNITY_PRETRANSFORM_TO_DISPLAY_ORIENTATION UNITY_ASTC_NORMALMAP_ENCODING SHADER_API_GLES30 SHADER_API_GLES31 SHADER_API_GLES32 UNITY_UNIFIED_SHADER_PRECISION_MODEL flags=0 lang=3 type=Vertex platform=gles3 reqs=1 mask=6 start=333
RunExternalCompiler: begin name=HLSLcc
RunExternalCompiler: begin name=FXC
RunExternalCompiler: end
RunExternalCompiler: begin name=FXC
RunExternalCompiler: end
RunExternalCompiler: end
compileSnippet complete
 ok=1 outsize=2859

Cmd: compileSnippet
  insize=1014 file=Packages/com.unity.render-pipelines.universal/Shaders/PostProcessing/TemporalAA.shader name=Hidden/Universal Render Pipeline/TemporalAA pass=TemporalAA - Accumulate - Quality Medium ppOnly=0 stripLineD=0 buildPlatform=20 rsLen=0 pKW=UNITY_ENABLE_REFLECTION_BUFFERS UNITY_USE_DITHER_MASK_FOR_ALPHABLENDED_SHADOWS UNITY_PBS_USE_BRDF1 UNITY_SPECCUBE_BOX_PROJECTION UNITY_SPECCUBE_BLENDING UNITY_ENABLE_DETAIL_NORMALMAP SHADER_API_DESKTOP UNITY_LIGHT_PROBE_PROXY_VOLUME UNITY_LIGHTMAP_FULL_HDR UNITY_PLATFORM_SUPPORTS_DEPTH_FETCH uKW= dKW=_ENABLE_ALPHA_OUTPUT UNITY_NO_DXT5nm UNITY_FRAMEBUFFER_FETCH_AVAILABLE UNITY_METAL_SHADOWS_USE_POINT_FILTERING UNITY_NO_SCREENSPACE_SHADOWS UNITY_PBS_USE_BRDF2 UNITY_PBS_USE_BRDF3 UNITY_HARDWARE_TIER1 UNITY_HARDWARE_TIER2 UNITY_HARDWARE_TIER3 UNITY_COLORSPACE_GAMMA UNITY_LIGHTMAP_DLDR_ENCODING UNITY_LIGHTMAP_RGBM_ENCODING UNITY_VIRTUAL_TEXTURING UNITY_PRETRANSFORM_TO_DISPLAY_ORIENTATION UNITY_ASTC_NORMALMAP_ENCODING SHADER_API_GLES30 SHADER_API_GLES31 SHADER_API_GLES32 UNITY_UNIFIED_SHADER_PRECISION_MODEL flags=0 lang=3 type=Vertex platform=gles3 reqs=33 mask=6 start=56
RunExternalCompiler: begin name=HLSLcc
RunExternalCompiler: begin name=FXC
RunExternalCompiler: end
RunExternalCompiler: begin name=FXC
RunExternalCompiler: end
RunExternalCompiler: end
compileSnippet complete
 ok=1 outsize=12387

Cmd: compileSnippet
  insize=8500 file=Packages/com.unity.render-pipelines.universal/Shaders/PostProcessing/FinalPost.shader name=Hidden/Universal Render Pipeline/FinalPost pass=FinalPost ppOnly=0 stripLineD=0 buildPlatform=20 rsLen=0 pKW=UNITY_ENABLE_REFLECTION_BUFFERS UNITY_USE_DITHER_MASK_FOR_ALPHABLENDED_SHADOWS UNITY_PBS_USE_BRDF1 UNITY_SPECCUBE_BOX_PROJECTION UNITY_SPECCUBE_BLENDING UNITY_ENABLE_DETAIL_NORMALMAP SHADER_API_DESKTOP UNITY_LIGHT_PROBE_PROXY_VOLUME UNITY_LIGHTMAP_FULL_HDR UNITY_PLATFORM_SUPPORTS_DEPTH_FETCH uKW=_LINEAR_TO_SRGB_CONVERSION dKW=DEBUG_DISPLAY SCREEN_COORD_OVERRIDE _POINT_SAMPLING _RCAS _EASU_RCAS_AND_HDR_INPUT _FXAA _FILM_GRAIN _DITHERING _ENABLE_ALPHA_OUTPUT HDR_INPUT HDR_COLORSPACE_CONVERSION HDR_ENCODING HDR_COLORSPACE_CONVERSION_AND_ENCODING UNITY_NO_DXT5nm UNITY_FRAMEBUFFER_FETCH_AVAILABLE UNITY_METAL_SHADOWS_USE_POINT_FILTERING UNITY_NO_SCREENSPACE_SHADOWS UNITY_PBS_USE_BRDF2 UNITY_PBS_USE_BRDF3 UNITY_HARDWARE_TIER1 UNITY_HARDWARE_TIER2 UNITY_HARDWARE_TIER3 UNITY_COLORSPACE_GAMMA UNITY_LIGHTMAP_DLDR_ENCODING UNITY_LIGHTMAP_RGBM_ENCODING UNITY_VIRTUAL_TEXTURING UNITY_PRETRANSFORM_TO_DISPLAY_ORIENTATION UNITY_ASTC_NORMALMAP_ENCODING SHADER_API_GLES30 SHADER_API_GLES31 SHADER_API_GLES32 UNITY_UNIFIED_SHADER_PRECISION_MODEL flags=0 lang=3 type=Vertex platform=gles3 reqs=1101803 mask=6 start=171
RunExternalCompiler: begin name=HLSLcc
RunExternalCompiler: begin name=FXC
RunExternalCompiler: end
RunExternalCompiler: begin name=FXC
RunExternalCompiler: end
RunExternalCompiler: end
compileSnippet complete
 ok=1 outsize=2811

Cmd: compileSnippet
  insize=8500 file=Packages/com.unity.render-pipelines.universal/Shaders/PostProcessing/FinalPost.shader name=Hidden/Universal Render Pipeline/FinalPost pass=FinalPost ppOnly=0 stripLineD=0 buildPlatform=20 rsLen=0 pKW=UNITY_ENABLE_REFLECTION_BUFFERS UNITY_USE_DITHER_MASK_FOR_ALPHABLENDED_SHADOWS UNITY_PBS_USE_BRDF1 UNITY_SPECCUBE_BOX_PROJECTION UNITY_SPECCUBE_BLENDING UNITY_ENABLE_DETAIL_NORMALMAP SHADER_API_DESKTOP UNITY_LIGHT_PROBE_PROXY_VOLUME UNITY_LIGHTMAP_FULL_HDR UNITY_PLATFORM_SUPPORTS_DEPTH_FETCH uKW=_RCAS _FXAA _DITHERING dKW=DEBUG_DISPLAY SCREEN_COORD_OVERRIDE _POINT_SAMPLING _EASU_RCAS_AND_HDR_INPUT _FILM_GRAIN _LINEAR_TO_SRGB_CONVERSION _ENABLE_ALPHA_OUTPUT HDR_INPUT HDR_COLORSPACE_CONVERSION HDR_ENCODING HDR_COLORSPACE_CONVERSION_AND_ENCODING UNITY_NO_DXT5nm UNITY_FRAMEBUFFER_FETCH_AVAILABLE UNITY_METAL_SHADOWS_USE_POINT_FILTERING UNITY_NO_SCREENSPACE_SHADOWS UNITY_PBS_USE_BRDF2 UNITY_PBS_USE_BRDF3 UNITY_HARDWARE_TIER1 UNITY_HARDWARE_TIER2 UNITY_HARDWARE_TIER3 UNITY_COLORSPACE_GAMMA UNITY_LIGHTMAP_DLDR_ENCODING UNITY_LIGHTMAP_RGBM_ENCODING UNITY_VIRTUAL_TEXTURING UNITY_PRETRANSFORM_TO_DISPLAY_ORIENTATION UNITY_ASTC_NORMALMAP_ENCODING SHADER_API_GLES30 SHADER_API_GLES31 SHADER_API_GLES32 UNITY_UNIFIED_SHADER_PRECISION_MODEL flags=0 lang=3 type=Vertex platform=gles3 reqs=1101803 mask=6 start=171
RunExternalCompiler: begin name=HLSLcc
RunExternalCompiler: begin name=FXC
RunExternalCompiler: end
RunExternalCompiler: begin name=FXC
RunExternalCompiler: end
RunExternalCompiler: end
compileSnippet complete
 ok=1 outsize=18576

Cmd: compileSnippet
  insize=8465 file=Packages/com.unity.render-pipelines.universal/Shaders/PostProcessing/FinalPost.shader name=Hidden/Universal Render Pipeline/FinalPost pass=FinalPost ppOnly=0 stripLineD=0 buildPlatform=20 rsLen=0 pKW=UNITY_ENABLE_REFLECTION_BUFFERS UNITY_USE_DITHER_MASK_FOR_ALPHABLENDED_SHADOWS UNITY_PBS_USE_BRDF1 UNITY_SPECCUBE_BOX_PROJECTION UNITY_SPECCUBE_BLENDING UNITY_ENABLE_DETAIL_NORMALMAP SHADER_API_DESKTOP UNITY_LIGHT_PROBE_PROXY_VOLUME UNITY_LIGHTMAP_FULL_HDR UNITY_PLATFORM_SUPPORTS_DEPTH_FETCH uKW=_RCAS _FXAA dKW=DEBUG_DISPLAY SCREEN_COORD_OVERRIDE _POINT_SAMPLING _EASU_RCAS_AND_HDR_INPUT _FILM_GRAIN _DITHERING _LINEAR_TO_SRGB_CONVERSION _ENABLE_ALPHA_OUTPUT HDR_INPUT HDR_COLORSPACE_CONVERSION HDR_ENCODING HDR_COLORSPACE_CONVERSION_AND_ENCODING UNITY_NO_DXT5nm UNITY_FRAMEBUFFER_FETCH_AVAILABLE UNITY_METAL_SHADOWS_USE_POINT_FILTERING UNITY_NO_SCREENSPACE_SHADOWS UNITY_PBS_USE_BRDF2 UNITY_PBS_USE_BRDF3 UNITY_HARDWARE_TIER1 UNITY_HARDWARE_TIER2 UNITY_HARDWARE_TIER3 UNITY_COLORSPACE_GAMMA UNITY_LIGHTMAP_DLDR_ENCODING UNITY_LIGHTMAP_RGBM_ENCODING UNITY_VIRTUAL_TEXTURING UNITY_PRETRANSFORM_TO_DISPLAY_ORIENTATION UNITY_ASTC_NORMALMAP_ENCODING SHADER_API_GLES30 SHADER_API_GLES31 SHADER_API_GLES32 UNITY_UNIFIED_SHADER_PRECISION_MODEL flags=0 lang=3 type=Vertex platform=gles3 reqs=33 mask=6 start=205
RunExternalCompiler: begin name=HLSLcc
RunExternalCompiler: begin name=FXC
RunExternalCompiler: end
RunExternalCompiler: begin name=FXC
RunExternalCompiler: end
RunExternalCompiler: end
compileSnippet complete
 ok=1 outsize=14098

Cmd: compileSnippet
  insize=1131 file=Packages/com.unity.render-pipelines.universal/Shaders/Utils/CoreBlitColorAndDepth.shader name=Hidden/Universal/CoreBlitColorAndDepth pass=ColorOnly ppOnly=0 stripLineD=0 buildPlatform=20 rsLen=0 pKW=UNITY_ENABLE_REFLECTION_BUFFERS UNITY_USE_DITHER_MASK_FOR_ALPHABLENDED_SHADOWS UNITY_PBS_USE_BRDF1 UNITY_SPECCUBE_BOX_PROJECTION UNITY_SPECCUBE_BLENDING UNITY_ENABLE_DETAIL_NORMALMAP SHADER_API_DESKTOP UNITY_LIGHT_PROBE_PROXY_VOLUME UNITY_LIGHTMAP_FULL_HDR UNITY_PLATFORM_SUPPORTS_DEPTH_FETCH uKW=_MSAA_2X dKW=_MSAA_4X _MSAA_8X UNITY_NO_DXT5nm UNITY_FRAMEBUFFER_FETCH_AVAILABLE UNITY_METAL_SHADOWS_USE_POINT_FILTERING UNITY_NO_SCREENSPACE_SHADOWS UNITY_PBS_USE_BRDF2 UNITY_PBS_USE_BRDF3 UNITY_HARDWARE_TIER1 UNITY_HARDWARE_TIER2 UNITY_HARDWARE_TIER3 UNITY_COLORSPACE_GAMMA UNITY_LIGHTMAP_DLDR_ENCODING UNITY_LIGHTMAP_RGBM_ENCODING UNITY_VIRTUAL_TEXTURING UNITY_PRETRANSFORM_TO_DISPLAY_ORIENTATION UNITY_ASTC_NORMALMAP_ENCODING SHADER_API_GLES30 SHADER_API_GLES31 SHADER_API_GLES32 UNITY_UNIFIED_SHADER_PRECISION_MODEL flags=0 lang=3 type=Vertex platform=gles3 reqs=1 mask=6 start=21
RunExternalCompiler: begin name=HLSLcc
RunExternalCompiler: begin name=FXC
RunExternalCompiler: end
RunExternalCompiler: begin name=FXC
RunExternalCompiler: end
RunExternalCompiler: end
compileSnippet complete
 ok=1 outsize=2150

Cmd: compileSnippet
  insize=1237 file=Packages/com.unity.render-pipelines.universal/Shaders/Utils/CopyDepth.shader name=Hidden/Universal Render Pipeline/CopyDepth pass=CopyDepth ppOnly=0 stripLineD=0 buildPlatform=20 rsLen=0 pKW=UNITY_ENABLE_REFLECTION_BUFFERS UNITY_USE_DITHER_MASK_FOR_ALPHABLENDED_SHADOWS UNITY_PBS_USE_BRDF1 UNITY_SPECCUBE_BOX_PROJECTION UNITY_SPECCUBE_BLENDING UNITY_ENABLE_DETAIL_NORMALMAP SHADER_API_DESKTOP UNITY_LIGHT_PROBE_PROXY_VOLUME UNITY_LIGHTMAP_FULL_HDR UNITY_PLATFORM_SUPPORTS_DEPTH_FETCH uKW=_DEPTH_MSAA_8 _OUTPUT_DEPTH dKW=_DEPTH_MSAA_2 _DEPTH_MSAA_4 UNITY_NO_DXT5nm UNITY_FRAMEBUFFER_FETCH_AVAILABLE UNITY_METAL_SHADOWS_USE_POINT_FILTERING UNITY_NO_SCREENSPACE_SHADOWS UNITY_PBS_USE_BRDF2 UNITY_PBS_USE_BRDF3 UNITY_HARDWARE_TIER1 UNITY_HARDWARE_TIER2 UNITY_HARDWARE_TIER3 UNITY_COLORSPACE_GAMMA UNITY_LIGHTMAP_DLDR_ENCODING UNITY_LIGHTMAP_RGBM_ENCODING UNITY_VIRTUAL_TEXTURING UNITY_PRETRANSFORM_TO_DISPLAY_ORIENTATION UNITY_ASTC_NORMALMAP_ENCODING SHADER_API_GLES30 SHADER_API_GLES31 SHADER_API_GLES32 UNITY_UNIFIED_SHADER_PRECISION_MODEL flags=0 lang=3 type=Vertex platform=gles3 reqs=33 mask=6 start=15
RunExternalCompiler: begin name=HLSLcc
RunExternalCompiler: begin name=FXC
RunExternalCompiler: end
RunExternalCompiler: begin name=FXC
RunExternalCompiler: end
RunExternalCompiler: end
compileSnippet complete
 ok=1 outsize=2808

Cmd: compileSnippet
  insize=5938 file=Packages/com.unity.render-pipelines.universal/Shaders/Terrain/WavingGrass.shader name=Hidden/TerrainEngine/Details/UniversalPipeline/WavingDoublePass pass=ForwardLit ppOnly=0 stripLineD=0 buildPlatform=20 rsLen=0 pKW=UNITY_ENABLE_REFLECTION_BUFFERS UNITY_USE_DITHER_MASK_FOR_ALPHABLENDED_SHADOWS UNITY_PBS_USE_BRDF1 UNITY_SPECCUBE_BOX_PROJECTION UNITY_SPECCUBE_BLENDING UNITY_ENABLE_DETAIL_NORMALMAP SHADER_API_DESKTOP UNITY_LIGHT_PROBE_PROXY_VOLUME UNITY_LIGHTMAP_FULL_HDR UNITY_PLATFORM_SUPPORTS_DEPTH_FETCH uKW=_LIGHT_COOKIES dKW=_MAIN_LIGHT_SHADOWS _MAIN_LIGHT_SHADOWS_CASCADE _MAIN_LIGHT_SHADOWS_SCREEN _ADDITIONAL_LIGHTS_VERTEX _ADDITIONAL_LIGHTS LIGHTMAP_SHADOW_MIXING SHADOWS_SHADOWMASK _LIGHT_LAYERS _CLUSTER_LIGHT_LOOP EVALUATE_SH_MIXED EVALUATE_SH_VERTEX PROBE_VOLUMES_L1 PROBE_VOLUMES_L2 DIRLIGHTMAP_COMBINED LIGHTMAP_ON FOG_LINEAR FOG_EXP FOG_EXP2 INSTANCING_ON _ADDITIONAL_LIGHT_SHADOWS _SHADOWS_SOFT _SHADOWS_SOFT_LOW _SHADOWS_SOFT_MEDIUM _SHADOWS_SOFT_HIGH _SCREEN_SPACE_OCCLUSION _SCREEN_SPACE_IRRADIANCE LIGHTMAP_BICUBIC_SAMPLING REFLECTION_PROBE_ROTATION DEBUG_DISPLAY UNITY_NO_DXT5nm UNITY_FRAMEBUFFER_FETCH_AVAILABLE UNITY_METAL_SHADOWS_USE_POINT_FILTERING UNITY_NO_SCREENSPACE_SHADOWS UNITY_PBS_USE_BRDF2 UNITY_PBS_USE_BRDF3 UNITY_HARDWARE_TIER1 UNITY_HARDWARE_TIER2 UNITY_HARDWARE_TIER3 UNITY_COLORSPACE_GAMMA UNITY_LIGHTMAP_DLDR_ENCODING UNITY_LIGHTMAP_RGBM_ENCODING UNITY_VIRTUAL_TEXTURING UNITY_PRETRANSFORM_TO_DISPLAY_ORIENTATION UNITY_ASTC_NORMALMAP_ENCODING SHADER_API_GLES30 SHADER_API_GLES31 SHADER_API_GLES32 UNITY_UNIFIED_SHADER_PRECISION_MODEL flags=0 lang=3 type=Vertex platform=gles3 reqs=1 mask=6 start=26
RunExternalCompiler: begin name=HLSLcc
RunExternalCompiler: begin name=FXC
RunExternalCompiler: end
RunExternalCompiler: begin name=FXC
RunExternalCompiler: end
RunExternalCompiler: end
compileSnippet complete
 ok=1 outsize=14643

Cmd: compileSnippet
  insize=18093 file=Packages/com.unity.render-pipelines.universal/Shaders/PostProcessing/UberPost.shader name=Hidden/Universal Render Pipeline/UberPost pass=UberPost ppOnly=0 stripLineD=0 buildPlatform=20 rsLen=0 pKW=UNITY_ENABLE_REFLECTION_BUFFERS UNITY_USE_DITHER_MASK_FOR_ALPHABLENDED_SHADOWS UNITY_PBS_USE_BRDF1 UNITY_SPECCUBE_BOX_PROJECTION UNITY_SPECCUBE_BLENDING UNITY_ENABLE_DETAIL_NORMALMAP SHADER_API_DESKTOP UNITY_LIGHT_PROBE_PROXY_VOLUME UNITY_LIGHTMAP_FULL_HDR UNITY_PLATFORM_SUPPORTS_DEPTH_FETCH uKW=_DISTORTION _CHROMATIC_ABERRATION _BLOOM_HQ _TONEMAP_NEUTRAL _FILM_GRAIN _DITHERING _LINEAR_TO_SRGB_CONVERSION dKW=DEBUG_DISPLAY SCREEN_COORD_OVERRIDE _POINT_SAMPLING _BLOOM_LQ _BLOOM_LQ_DIRT _BLOOM_HQ_DIRT _HDR_GRADING _TONEMAP_ACES _GAMMA_20 _USE_FAST_SRGB_LINEAR_CONVERSION _ENABLE_ALPHA_OUTPUT HDR_INPUT HDR_ENCODING UNITY_NO_DXT5nm UNITY_FRAMEBUFFER_FETCH_AVAILABLE UNITY_METAL_SHADOWS_USE_POINT_FILTERING UNITY_NO_SCREENSPACE_SHADOWS UNITY_PBS_USE_BRDF2 UNITY_PBS_USE_BRDF3 UNITY_HARDWARE_TIER1 UNITY_HARDWARE_TIER2 UNITY_HARDWARE_TIER3 UNITY_COLORSPACE_GAMMA UNITY_LIGHTMAP_DLDR_ENCODING UNITY_LIGHTMAP_RGBM_ENCODING UNITY_VIRTUAL_TEXTURING UNITY_PRETRANSFORM_TO_DISPLAY_ORIENTATION UNITY_ASTC_NORMALMAP_ENCODING SHADER_API_GLES30 SHADER_API_GLES31 SHADER_API_GLES32 UNITY_UNIFIED_SHADER_PRECISION_MODEL flags=0 lang=3 type=Vertex platform=gles3 reqs=33 mask=6 start=366
RunExternalCompiler: begin name=HLSLcc
RunExternalCompiler: begin name=FXC
RunExternalCompiler: end
RunExternalCompiler: begin name=FXC
RunExternalCompiler: end
RunExternalCompiler: end
compileSnippet complete
 ok=1 outsize=19461

Cmd: compileSnippet
  insize=18093 file=Packages/com.unity.render-pipelines.universal/Shaders/PostProcessing/UberPost.shader name=Hidden/Universal Render Pipeline/UberPost pass=UberPost ppOnly=0 stripLineD=0 buildPlatform=20 rsLen=0 pKW=UNITY_ENABLE_REFLECTION_BUFFERS UNITY_USE_DITHER_MASK_FOR_ALPHABLENDED_SHADOWS UNITY_PBS_USE_BRDF1 UNITY_SPECCUBE_BOX_PROJECTION UNITY_SPECCUBE_BLENDING UNITY_ENABLE_DETAIL_NORMALMAP SHADER_API_DESKTOP UNITY_LIGHT_PROBE_PROXY_VOLUME UNITY_LIGHTMAP_FULL_HDR UNITY_PLATFORM_SUPPORTS_DEPTH_FETCH uKW=_DISTORTION _CHROMATIC_ABERRATION _BLOOM_HQ _TONEMAP_NEUTRAL _FILM_GRAIN _DITHERING _GAMMA_20 dKW=DEBUG_DISPLAY SCREEN_COORD_OVERRIDE _POINT_SAMPLING _BLOOM_LQ _BLOOM_LQ_DIRT _BLOOM_HQ_DIRT _HDR_GRADING _TONEMAP_ACES _LINEAR_TO_SRGB_CONVERSION _USE_FAST_SRGB_LINEAR_CONVERSION _ENABLE_ALPHA_OUTPUT HDR_INPUT HDR_ENCODING UNITY_NO_DXT5nm UNITY_FRAMEBUFFER_FETCH_AVAILABLE UNITY_METAL_SHADOWS_USE_POINT_FILTERING UNITY_NO_SCREENSPACE_SHADOWS UNITY_PBS_USE_BRDF2 UNITY_PBS_USE_BRDF3 UNITY_HARDWARE_TIER1 UNITY_HARDWARE_TIER2 UNITY_HARDWARE_TIER3 UNITY_COLORSPACE_GAMMA UNITY_LIGHTMAP_DLDR_ENCODING UNITY_LIGHTMAP_RGBM_ENCODING UNITY_VIRTUAL_TEXTURING UNITY_PRETRANSFORM_TO_DISPLAY_ORIENTATION UNITY_ASTC_NORMALMAP_ENCODING SHADER_API_GLES30 SHADER_API_GLES31 SHADER_API_GLES32 UNITY_UNIFIED_SHADER_PRECISION_MODEL flags=0 lang=3 type=Vertex platform=gles3 reqs=33 mask=6 start=366
RunExternalCompiler: begin name=HLSLcc
RunExternalCompiler: begin name=FXC
RunExternalCompiler: end
RunExternalCompiler: begin name=FXC
RunExternalCompiler: end
RunExternalCompiler: end
compileSnippet complete
 ok=1 outsize=18741

Cmd: compileSnippet
  insize=18093 file=Packages/com.unity.render-pipelines.universal/Shaders/PostProcessing/UberPost.shader name=Hidden/Universal Render Pipeline/UberPost pass=UberPost ppOnly=0 stripLineD=0 buildPlatform=20 rsLen=0 pKW=UNITY_ENABLE_REFLECTION_BUFFERS UNITY_USE_DITHER_MASK_FOR_ALPHABLENDED_SHADOWS UNITY_PBS_USE_BRDF1 UNITY_SPECCUBE_BOX_PROJECTION UNITY_SPECCUBE_BLENDING UNITY_ENABLE_DETAIL_NORMALMAP SHADER_API_DESKTOP UNITY_LIGHT_PROBE_PROXY_VOLUME UNITY_LIGHTMAP_FULL_HDR UNITY_PLATFORM_SUPPORTS_DEPTH_FETCH uKW=_DISTORTION _CHROMATIC_ABERRATION _BLOOM_HQ _TONEMAP_NEUTRAL _FILM_GRAIN _DITHERING dKW=DEBUG_DISPLAY SCREEN_COORD_OVERRIDE _POINT_SAMPLING _BLOOM_LQ _BLOOM_LQ_DIRT _BLOOM_HQ_DIRT _HDR_GRADING _TONEMAP_ACES _GAMMA_20 _LINEAR_TO_SRGB_CONVERSION _USE_FAST_SRGB_LINEAR_CONVERSION _ENABLE_ALPHA_OUTPUT HDR_INPUT HDR_ENCODING UNITY_NO_DXT5nm UNITY_FRAMEBUFFER_FETCH_AVAILABLE UNITY_METAL_SHADOWS_USE_POINT_FILTERING UNITY_NO_SCREENSPACE_SHADOWS UNITY_PBS_USE_BRDF2 UNITY_PBS_USE_BRDF3 UNITY_HARDWARE_TIER1 UNITY_HARDWARE_TIER2 UNITY_HARDWARE_TIER3 UNITY_COLORSPACE_GAMMA UNITY_LIGHTMAP_DLDR_ENCODING UNITY_LIGHTMAP_RGBM_ENCODING UNITY_VIRTUAL_TEXTURING UNITY_PRETRANSFORM_TO_DISPLAY_ORIENTATION UNITY_ASTC_NORMALMAP_ENCODING SHADER_API_GLES30 SHADER_API_GLES31 SHADER_API_GLES32 UNITY_UNIFIED_SHADER_PRECISION_MODEL flags=0 lang=3 type=Vertex platform=gles3 reqs=33 mask=6 start=366
RunExternalCompiler: begin name=HLSLcc
RunExternalCompiler: begin name=FXC
RunExternalCompiler: end
RunExternalCompiler: begin name=FXC
RunExternalCompiler: end
RunExternalCompiler: end
compileSnippet complete
 ok=1 outsize=18709

Cmd: compileSnippet
  insize=18093 file=Packages/com.unity.render-pipelines.universal/Shaders/PostProcessing/UberPost.shader name=Hidden/Universal Render Pipeline/UberPost pass=UberPost ppOnly=0 stripLineD=0 buildPlatform=20 rsLen=0 pKW=UNITY_ENABLE_REFLECTION_BUFFERS UNITY_USE_DITHER_MASK_FOR_ALPHABLENDED_SHADOWS UNITY_PBS_USE_BRDF1 UNITY_SPECCUBE_BOX_PROJECTION UNITY_SPECCUBE_BLENDING UNITY_ENABLE_DETAIL_NORMALMAP SHADER_API_DESKTOP UNITY_LIGHT_PROBE_PROXY_VOLUME UNITY_LIGHTMAP_FULL_HDR UNITY_PLATFORM_SUPPORTS_DEPTH_FETCH uKW=_DISTORTION _CHROMATIC_ABERRATION _BLOOM_HQ _TONEMAP_NEUTRAL _FILM_GRAIN _LINEAR_TO_SRGB_CONVERSION dKW=DEBUG_DISPLAY SCREEN_COORD_OVERRIDE _POINT_SAMPLING _BLOOM_LQ _BLOOM_LQ_DIRT _BLOOM_HQ_DIRT _HDR_GRADING _TONEMAP_ACES _DITHERING _GAMMA_20 _USE_FAST_SRGB_LINEAR_CONVERSION _ENABLE_ALPHA_OUTPUT HDR_INPUT HDR_ENCODING UNITY_NO_DXT5nm UNITY_FRAMEBUFFER_FETCH_AVAILABLE UNITY_METAL_SHADOWS_USE_POINT_FILTERING UNITY_NO_SCREENSPACE_SHADOWS UNITY_PBS_USE_BRDF2 UNITY_PBS_USE_BRDF3 UNITY_HARDWARE_TIER1 UNITY_HARDWARE_TIER2 UNITY_HARDWARE_TIER3 UNITY_COLORSPACE_GAMMA UNITY_LIGHTMAP_DLDR_ENCODING UNITY_LIGHTMAP_RGBM_ENCODING UNITY_VIRTUAL_TEXTURING UNITY_PRETRANSFORM_TO_DISPLAY_ORIENTATION UNITY_ASTC_NORMALMAP_ENCODING SHADER_API_GLES30 SHADER_API_GLES31 SHADER_API_GLES32 UNITY_UNIFIED_SHADER_PRECISION_MODEL flags=0 lang=3 type=Vertex platform=gles3 reqs=33 mask=6 start=366
RunExternalCompiler: begin name=HLSLcc
RunExternalCompiler: begin name=FXC
RunExternalCompiler: end
RunExternalCompiler: begin name=FXC
RunExternalCompiler: end
RunExternalCompiler: end
compileSnippet complete
 ok=1 outsize=17257

Cmd: compileSnippet
  insize=18093 file=Packages/com.unity.render-pipelines.universal/Shaders/PostProcessing/UberPost.shader name=Hidden/Universal Render Pipeline/UberPost pass=UberPost ppOnly=0 stripLineD=0 buildPlatform=20 rsLen=0 pKW=UNITY_ENABLE_REFLECTION_BUFFERS UNITY_USE_DITHER_MASK_FOR_ALPHABLENDED_SHADOWS UNITY_PBS_USE_BRDF1 UNITY_SPECCUBE_BOX_PROJECTION UNITY_SPECCUBE_BLENDING UNITY_ENABLE_DETAIL_NORMALMAP SHADER_API_DESKTOP UNITY_LIGHT_PROBE_PROXY_VOLUME UNITY_LIGHTMAP_FULL_HDR UNITY_PLATFORM_SUPPORTS_DEPTH_FETCH uKW=_DISTORTION _CHROMATIC_ABERRATION _BLOOM_HQ _TONEMAP_NEUTRAL _FILM_GRAIN _GAMMA_20 dKW=DEBUG_DISPLAY SCREEN_COORD_OVERRIDE _POINT_SAMPLING _BLOOM_LQ _BLOOM_LQ_DIRT _BLOOM_HQ_DIRT _HDR_GRADING _TONEMAP_ACES _DITHERING _LINEAR_TO_SRGB_CONVERSION _USE_FAST_SRGB_LINEAR_CONVERSION _ENABLE_ALPHA_OUTPUT HDR_INPUT HDR_ENCODING UNITY_NO_DXT5nm UNITY_FRAMEBUFFER_FETCH_AVAILABLE UNITY_METAL_SHADOWS_USE_POINT_FILTERING UNITY_NO_SCREENSPACE_SHADOWS UNITY_PBS_USE_BRDF2 UNITY_PBS_USE_BRDF3 UNITY_HARDWARE_TIER1 UNITY_HARDWARE_TIER2 UNITY_HARDWARE_TIER3 UNITY_COLORSPACE_GAMMA UNITY_LIGHTMAP_DLDR_ENCODING UNITY_LIGHTMAP_RGBM_ENCODING UNITY_VIRTUAL_TEXTURING UNITY_PRETRANSFORM_TO_DISPLAY_ORIENTATION UNITY_ASTC_NORMALMAP_ENCODING SHADER_API_GLES30 SHADER_API_GLES31 SHADER_API_GLES32 UNITY_UNIFIED_SHADER_PRECISION_MODEL flags=0 lang=3 type=Vertex platform=gles3 reqs=33 mask=6 start=366
RunExternalCompiler: begin name=HLSLcc
RunExternalCompiler: begin name=FXC
RunExternalCompiler: end
RunExternalCompiler: begin name=FXC
RunExternalCompiler: end
RunExternalCompiler: end
compileSnippet complete
 ok=1 outsize=16659

Cmd: compileSnippet
  insize=18093 file=Packages/com.unity.render-pipelines.universal/Shaders/PostProcessing/UberPost.shader name=Hidden/Universal Render Pipeline/UberPost pass=UberPost ppOnly=0 stripLineD=0 buildPlatform=20 rsLen=0 pKW=UNITY_ENABLE_REFLECTION_BUFFERS UNITY_USE_DITHER_MASK_FOR_ALPHABLENDED_SHADOWS UNITY_PBS_USE_BRDF1 UNITY_SPECCUBE_BOX_PROJECTION UNITY_SPECCUBE_BLENDING UNITY_ENABLE_DETAIL_NORMALMAP SHADER_API_DESKTOP UNITY_LIGHT_PROBE_PROXY_VOLUME UNITY_LIGHTMAP_FULL_HDR UNITY_PLATFORM_SUPPORTS_DEPTH_FETCH uKW=_DISTORTION _CHROMATIC_ABERRATION _BLOOM_HQ _TONEMAP_NEUTRAL _FILM_GRAIN dKW=DEBUG_DISPLAY SCREEN_COORD_OVERRIDE _POINT_SAMPLING _BLOOM_LQ _BLOOM_LQ_DIRT _BLOOM_HQ_DIRT _HDR_GRADING _TONEMAP_ACES _DITHERING _GAMMA_20 _LINEAR_TO_SRGB_CONVERSION _USE_FAST_SRGB_LINEAR_CONVERSION _ENABLE_ALPHA_OUTPUT HDR_INPUT HDR_ENCODING UNITY_NO_DXT5nm UNITY_FRAMEBUFFER_FETCH_AVAILABLE UNITY_METAL_SHADOWS_USE_POINT_FILTERING UNITY_NO_SCREENSPACE_SHADOWS UNITY_PBS_USE_BRDF2 UNITY_PBS_USE_BRDF3 UNITY_HARDWARE_TIER1 UNITY_HARDWARE_TIER2 UNITY_HARDWARE_TIER3 UNITY_COLORSPACE_GAMMA UNITY_LIGHTMAP_DLDR_ENCODING UNITY_LIGHTMAP_RGBM_ENCODING UNITY_VIRTUAL_TEXTURING UNITY_PRETRANSFORM_TO_DISPLAY_ORIENTATION UNITY_ASTC_NORMALMAP_ENCODING SHADER_API_GLES30 SHADER_API_GLES31 SHADER_API_GLES32 UNITY_UNIFIED_SHADER_PRECISION_MODEL flags=0 lang=3 type=Vertex platform=gles3 reqs=33 mask=6 start=366
RunExternalCompiler: begin name=HLSLcc
RunExternalCompiler: begin name=FXC
RunExternalCompiler: end
RunExternalCompiler: begin name=FXC
RunExternalCompiler: end
RunExternalCompiler: end
compileSnippet complete
 ok=1 outsize=16622

Cmd: compileSnippet
  insize=18093 file=Packages/com.unity.render-pipelines.universal/Shaders/PostProcessing/UberPost.shader name=Hidden/Universal Render Pipeline/UberPost pass=UberPost ppOnly=0 stripLineD=0 buildPlatform=20 rsLen=0 pKW=UNITY_ENABLE_REFLECTION_BUFFERS UNITY_USE_DITHER_MASK_FOR_ALPHABLENDED_SHADOWS UNITY_PBS_USE_BRDF1 UNITY_SPECCUBE_BOX_PROJECTION UNITY_SPECCUBE_BLENDING UNITY_ENABLE_DETAIL_NORMALMAP SHADER_API_DESKTOP UNITY_LIGHT_PROBE_PROXY_VOLUME UNITY_LIGHTMAP_FULL_HDR UNITY_PLATFORM_SUPPORTS_DEPTH_FETCH uKW=_DISTORTION _CHROMATIC_ABERRATION _BLOOM_HQ _TONEMAP_NEUTRAL _DITHERING _LINEAR_TO_SRGB_CONVERSION dKW=DEBUG_DISPLAY SCREEN_COORD_OVERRIDE _POINT_SAMPLING _BLOOM_LQ _BLOOM_LQ_DIRT _BLOOM_HQ_DIRT _HDR_GRADING _TONEMAP_ACES _FILM_GRAIN _GAMMA_20 _USE_FAST_SRGB_LINEAR_CONVERSION _ENABLE_ALPHA_OUTPUT HDR_INPUT HDR_ENCODING UNITY_NO_DXT5nm UNITY_FRAMEBUFFER_FETCH_AVAILABLE UNITY_METAL_SHADOWS_USE_POINT_FILTERING UNITY_NO_SCREENSPACE_SHADOWS UNITY_PBS_USE_BRDF2 UNITY_PBS_USE_BRDF3 UNITY_HARDWARE_TIER1 UNITY_HARDWARE_TIER2 UNITY_HARDWARE_TIER3 UNITY_COLORSPACE_GAMMA UNITY_LIGHTMAP_DLDR_ENCODING UNITY_LIGHTMAP_RGBM_ENCODING UNITY_VIRTUAL_TEXTURING UNITY_PRETRANSFORM_TO_DISPLAY_ORIENTATION UNITY_ASTC_NORMALMAP_ENCODING SHADER_API_GLES30 SHADER_API_GLES31 SHADER_API_GLES32 UNITY_UNIFIED_SHADER_PRECISION_MODEL flags=0 lang=3 type=Vertex platform=gles3 reqs=33 mask=6 start=366
RunExternalCompiler: begin name=HLSLcc
RunExternalCompiler: begin name=FXC
RunExternalCompiler: end
RunExternalCompiler: begin name=FXC
RunExternalCompiler: end
RunExternalCompiler: end
compileSnippet complete
 ok=1 outsize=18774

Cmd: compileSnippet
  insize=18093 file=Packages/com.unity.render-pipelines.universal/Shaders/PostProcessing/UberPost.shader name=Hidden/Universal Render Pipeline/UberPost pass=UberPost ppOnly=0 stripLineD=0 buildPlatform=20 rsLen=0 pKW=UNITY_ENABLE_REFLECTION_BUFFERS UNITY_USE_DITHER_MASK_FOR_ALPHABLENDED_SHADOWS UNITY_PBS_USE_BRDF1 UNITY_SPECCUBE_BOX_PROJECTION UNITY_SPECCUBE_BLENDING UNITY_ENABLE_DETAIL_NORMALMAP SHADER_API_DESKTOP UNITY_LIGHT_PROBE_PROXY_VOLUME UNITY_LIGHTMAP_FULL_HDR UNITY_PLATFORM_SUPPORTS_DEPTH_FETCH uKW=_DISTORTION _CHROMATIC_ABERRATION _BLOOM_HQ _TONEMAP_NEUTRAL _DITHERING _GAMMA_20 dKW=DEBUG_DISPLAY SCREEN_COORD_OVERRIDE _POINT_SAMPLING _BLOOM_LQ _BLOOM_LQ_DIRT _BLOOM_HQ_DIRT _HDR_GRADING _TONEMAP_ACES _FILM_GRAIN _LINEAR_TO_SRGB_CONVERSION _USE_FAST_SRGB_LINEAR_CONVERSION _ENABLE_ALPHA_OUTPUT HDR_INPUT HDR_ENCODING UNITY_NO_DXT5nm UNITY_FRAMEBUFFER_FETCH_AVAILABLE UNITY_METAL_SHADOWS_USE_POINT_FILTERING UNITY_NO_SCREENSPACE_SHADOWS UNITY_PBS_USE_BRDF2 UNITY_PBS_USE_BRDF3 UNITY_HARDWARE_TIER1 UNITY_HARDWARE_TIER2 UNITY_HARDWARE_TIER3 UNITY_COLORSPACE_GAMMA UNITY_LIGHTMAP_DLDR_ENCODING UNITY_LIGHTMAP_RGBM_ENCODING UNITY_VIRTUAL_TEXTURING UNITY_PRETRANSFORM_TO_DISPLAY_ORIENTATION UNITY_ASTC_NORMALMAP_ENCODING SHADER_API_GLES30 SHADER_API_GLES31 SHADER_API_GLES32 UNITY_UNIFIED_SHADER_PRECISION_MODEL flags=0 lang=3 type=Vertex platform=gles3 reqs=33 mask=6 start=366
RunExternalCompiler: begin name=HLSLcc
RunExternalCompiler: begin name=FXC
RunExternalCompiler: end
RunExternalCompiler: begin name=FXC
RunExternalCompiler: end
RunExternalCompiler: end
compileSnippet complete
 ok=1 outsize=18054

Cmd: compileSnippet
  insize=18093 file=Packages/com.unity.render-pipelines.universal/Shaders/PostProcessing/UberPost.shader name=Hidden/Universal Render Pipeline/UberPost pass=UberPost ppOnly=0 stripLineD=0 buildPlatform=20 rsLen=0 pKW=UNITY_ENABLE_REFLECTION_BUFFERS UNITY_USE_DITHER_MASK_FOR_ALPHABLENDED_SHADOWS UNITY_PBS_USE_BRDF1 UNITY_SPECCUBE_BOX_PROJECTION UNITY_SPECCUBE_BLENDING UNITY_ENABLE_DETAIL_NORMALMAP SHADER_API_DESKTOP UNITY_LIGHT_PROBE_PROXY_VOLUME UNITY_LIGHTMAP_FULL_HDR UNITY_PLATFORM_SUPPORTS_DEPTH_FETCH uKW=_DISTORTION _CHROMATIC_ABERRATION _BLOOM_HQ _TONEMAP_NEUTRAL _DITHERING dKW=DEBUG_DISPLAY SCREEN_COORD_OVERRIDE _POINT_SAMPLING _BLOOM_LQ _BLOOM_LQ_DIRT _BLOOM_HQ_DIRT _HDR_GRADING _TONEMAP_ACES _FILM_GRAIN _GAMMA_20 _LINEAR_TO_SRGB_CONVERSION _USE_FAST_SRGB_LINEAR_CONVERSION _ENABLE_ALPHA_OUTPUT HDR_INPUT HDR_ENCODING UNITY_NO_DXT5nm UNITY_FRAMEBUFFER_FETCH_AVAILABLE UNITY_METAL_SHADOWS_USE_POINT_FILTERING UNITY_NO_SCREENSPACE_SHADOWS UNITY_PBS_USE_BRDF2 UNITY_PBS_USE_BRDF3 UNITY_HARDWARE_TIER1 UNITY_HARDWARE_TIER2 UNITY_HARDWARE_TIER3 UNITY_COLORSPACE_GAMMA UNITY_LIGHTMAP_DLDR_ENCODING UNITY_LIGHTMAP_RGBM_ENCODING UNITY_VIRTUAL_TEXTURING UNITY_PRETRANSFORM_TO_DISPLAY_ORIENTATION UNITY_ASTC_NORMALMAP_ENCODING SHADER_API_GLES30 SHADER_API_GLES31 SHADER_API_GLES32 UNITY_UNIFIED_SHADER_PRECISION_MODEL flags=0 lang=3 type=Vertex platform=gles3 reqs=33 mask=6 start=366
RunExternalCompiler: begin name=HLSLcc
RunExternalCompiler: begin name=FXC
RunExternalCompiler: end
RunExternalCompiler: begin name=FXC
RunExternalCompiler: end
RunExternalCompiler: end
compileSnippet complete
 ok=1 outsize=18022

Cmd: compileSnippet
  insize=18093 file=Packages/com.unity.render-pipelines.universal/Shaders/PostProcessing/UberPost.shader name=Hidden/Universal Render Pipeline/UberPost pass=UberPost ppOnly=0 stripLineD=0 buildPlatform=20 rsLen=0 pKW=UNITY_ENABLE_REFLECTION_BUFFERS UNITY_USE_DITHER_MASK_FOR_ALPHABLENDED_SHADOWS UNITY_PBS_USE_BRDF1 UNITY_SPECCUBE_BOX_PROJECTION UNITY_SPECCUBE_BLENDING UNITY_ENABLE_DETAIL_NORMALMAP SHADER_API_DESKTOP UNITY_LIGHT_PROBE_PROXY_VOLUME UNITY_LIGHTMAP_FULL_HDR UNITY_PLATFORM_SUPPORTS_DEPTH_FETCH uKW=_DISTORTION _CHROMATIC_ABERRATION _BLOOM_HQ _TONEMAP_NEUTRAL _LINEAR_TO_SRGB_CONVERSION dKW=DEBUG_DISPLAY SCREEN_COORD_OVERRIDE _POINT_SAMPLING _BLOOM_LQ _BLOOM_LQ_DIRT _BLOOM_HQ_DIRT _HDR_GRADING _TONEMAP_ACES _FILM_GRAIN _DITHERING _GAMMA_20 _USE_FAST_SRGB_LINEAR_CONVERSION _ENABLE_ALPHA_OUTPUT HDR_INPUT HDR_ENCODING UNITY_NO_DXT5nm UNITY_FRAMEBUFFER_FETCH_AVAILABLE UNITY_METAL_SHADOWS_USE_POINT_FILTERING UNITY_NO_SCREENSPACE_SHADOWS UNITY_PBS_USE_BRDF2 UNITY_PBS_USE_BRDF3 UNITY_HARDWARE_TIER1 UNITY_HARDWARE_TIER2 UNITY_HARDWARE_TIER3 UNITY_COLORSPACE_GAMMA UNITY_LIGHTMAP_DLDR_ENCODING UNITY_LIGHTMAP_RGBM_ENCODING UNITY_VIRTUAL_TEXTURING UNITY_PRETRANSFORM_TO_DISPLAY_ORIENTATION UNITY_ASTC_NORMALMAP_ENCODING SHADER_API_GLES30 SHADER_API_GLES31 SHADER_API_GLES32 UNITY_UNIFIED_SHADER_PRECISION_MODEL flags=0 lang=3 type=Vertex platform=gles3 reqs=33 mask=6 start=366
RunExternalCompiler: begin name=HLSLcc
RunExternalCompiler: begin name=FXC
RunExternalCompiler: end
RunExternalCompiler: begin name=FXC
RunExternalCompiler: end
RunExternalCompiler: end
compileSnippet complete
 ok=1 outsize=16570

Cmd: compileSnippet
  insize=18093 file=Packages/com.unity.render-pipelines.universal/Shaders/PostProcessing/UberPost.shader name=Hidden/Universal Render Pipeline/UberPost pass=UberPost ppOnly=0 stripLineD=0 buildPlatform=20 rsLen=0 pKW=UNITY_ENABLE_REFLECTION_BUFFERS UNITY_USE_DITHER_MASK_FOR_ALPHABLENDED_SHADOWS UNITY_PBS_USE_BRDF1 UNITY_SPECCUBE_BOX_PROJECTION UNITY_SPECCUBE_BLENDING UNITY_ENABLE_DETAIL_NORMALMAP SHADER_API_DESKTOP UNITY_LIGHT_PROBE_PROXY_VOLUME UNITY_LIGHTMAP_FULL_HDR UNITY_PLATFORM_SUPPORTS_DEPTH_FETCH uKW=_DISTORTION _CHROMATIC_ABERRATION _BLOOM_HQ _TONEMAP_NEUTRAL _GAMMA_20 dKW=DEBUG_DISPLAY SCREEN_COORD_OVERRIDE _POINT_SAMPLING _BLOOM_LQ _BLOOM_LQ_DIRT _BLOOM_HQ_DIRT _HDR_GRADING _TONEMAP_ACES _FILM_GRAIN _DITHERING _LINEAR_TO_SRGB_CONVERSION _USE_FAST_SRGB_LINEAR_CONVERSION _ENABLE_ALPHA_OUTPUT HDR_INPUT HDR_ENCODING UNITY_NO_DXT5nm UNITY_FRAMEBUFFER_FETCH_AVAILABLE UNITY_METAL_SHADOWS_USE_POINT_FILTERING UNITY_NO_SCREENSPACE_SHADOWS UNITY_PBS_USE_BRDF2 UNITY_PBS_USE_BRDF3 UNITY_HARDWARE_TIER1 UNITY_HARDWARE_TIER2 UNITY_HARDWARE_TIER3 UNITY_COLORSPACE_GAMMA UNITY_LIGHTMAP_DLDR_ENCODING UNITY_LIGHTMAP_RGBM_ENCODING UNITY_VIRTUAL_TEXTURING UNITY_PRETRANSFORM_TO_DISPLAY_ORIENTATION UNITY_ASTC_NORMALMAP_ENCODING SHADER_API_GLES30 SHADER_API_GLES31 SHADER_API_GLES32 UNITY_UNIFIED_SHADER_PRECISION_MODEL flags=0 lang=3 type=Vertex platform=gles3 reqs=33 mask=6 start=366
RunExternalCompiler: begin name=HLSLcc
RunExternalCompiler: begin name=FXC
RunExternalCompiler: end
RunExternalCompiler: begin name=FXC
RunExternalCompiler: end
RunExternalCompiler: end
compileSnippet complete
 ok=1 outsize=15972

Cmd: compileSnippet
  insize=18093 file=Packages/com.unity.render-pipelines.universal/Shaders/PostProcessing/UberPost.shader name=Hidden/Universal Render Pipeline/UberPost pass=UberPost ppOnly=0 stripLineD=0 buildPlatform=20 rsLen=0 pKW=UNITY_ENABLE_REFLECTION_BUFFERS UNITY_USE_DITHER_MASK_FOR_ALPHABLENDED_SHADOWS UNITY_PBS_USE_BRDF1 UNITY_SPECCUBE_BOX_PROJECTION UNITY_SPECCUBE_BLENDING UNITY_ENABLE_DETAIL_NORMALMAP SHADER_API_DESKTOP UNITY_LIGHT_PROBE_PROXY_VOLUME UNITY_LIGHTMAP_FULL_HDR UNITY_PLATFORM_SUPPORTS_DEPTH_FETCH uKW=_DISTORTION _CHROMATIC_ABERRATION _BLOOM_HQ _TONEMAP_NEUTRAL dKW=DEBUG_DISPLAY SCREEN_COORD_OVERRIDE _POINT_SAMPLING _BLOOM_LQ _BLOOM_LQ_DIRT _BLOOM_HQ_DIRT _HDR_GRADING _TONEMAP_ACES _FILM_GRAIN _DITHERING _GAMMA_20 _LINEAR_TO_SRGB_CONVERSION _USE_FAST_SRGB_LINEAR_CONVERSION _ENABLE_ALPHA_OUTPUT HDR_INPUT HDR_ENCODING UNITY_NO_DXT5nm UNITY_FRAMEBUFFER_FETCH_AVAILABLE UNITY_METAL_SHADOWS_USE_POINT_FILTERING UNITY_NO_SCREENSPACE_SHADOWS UNITY_PBS_USE_BRDF2 UNITY_PBS_USE_BRDF3 UNITY_HARDWARE_TIER1 UNITY_HARDWARE_TIER2 UNITY_HARDWARE_TIER3 UNITY_COLORSPACE_GAMMA UNITY_LIGHTMAP_DLDR_ENCODING UNITY_LIGHTMAP_RGBM_ENCODING UNITY_VIRTUAL_TEXTURING UNITY_PRETRANSFORM_TO_DISPLAY_ORIENTATION UNITY_ASTC_NORMALMAP_ENCODING SHADER_API_GLES30 SHADER_API_GLES31 SHADER_API_GLES32 UNITY_UNIFIED_SHADER_PRECISION_MODEL flags=0 lang=3 type=Vertex platform=gles3 reqs=33 mask=6 start=366
RunExternalCompiler: begin name=HLSLcc
RunExternalCompiler: begin name=FXC
RunExternalCompiler: end
RunExternalCompiler: begin name=FXC
RunExternalCompiler: end
RunExternalCompiler: end
compileSnippet complete
 ok=1 outsize=15935

Cmd: compileSnippet
  insize=18093 file=Packages/com.unity.render-pipelines.universal/Shaders/PostProcessing/UberPost.shader name=Hidden/Universal Render Pipeline/UberPost pass=UberPost ppOnly=0 stripLineD=0 buildPlatform=20 rsLen=0 pKW=UNITY_ENABLE_REFLECTION_BUFFERS UNITY_USE_DITHER_MASK_FOR_ALPHABLENDED_SHADOWS UNITY_PBS_USE_BRDF1 UNITY_SPECCUBE_BOX_PROJECTION UNITY_SPECCUBE_BLENDING UNITY_ENABLE_DETAIL_NORMALMAP SHADER_API_DESKTOP UNITY_LIGHT_PROBE_PROXY_VOLUME UNITY_LIGHTMAP_FULL_HDR UNITY_PLATFORM_SUPPORTS_DEPTH_FETCH uKW=_CHROMATIC_ABERRATION _BLOOM_LQ _TONEMAP_ACES dKW=DEBUG_DISPLAY SCREEN_COORD_OVERRIDE _POINT_SAMPLING _DISTORTION _BLOOM_HQ _BLOOM_LQ_DIRT _BLOOM_HQ_DIRT _HDR_GRADING _TONEMAP_NEUTRAL _FILM_GRAIN _DITHERING _GAMMA_20 _LINEAR_TO_SRGB_CONVERSION _USE_FAST_SRGB_LINEAR_CONVERSION _ENABLE_ALPHA_OUTPUT HDR_INPUT HDR_ENCODING UNITY_NO_DXT5nm UNITY_FRAMEBUFFER_FETCH_AVAILABLE UNITY_METAL_SHADOWS_USE_POINT_FILTERING UNITY_NO_SCREENSPACE_SHADOWS UNITY_PBS_USE_BRDF2 UNITY_PBS_USE_BRDF3 UNITY_HARDWARE_TIER1 UNITY_HARDWARE_TIER2 UNITY_HARDWARE_TIER3 UNITY_COLORSPACE_GAMMA UNITY_LIGHTMAP_DLDR_ENCODING UNITY_LIGHTMAP_RGBM_ENCODING UNITY_VIRTUAL_TEXTURING UNITY_PRETRANSFORM_TO_DISPLAY_ORIENTATION UNITY_ASTC_NORMALMAP_ENCODING SHADER_API_GLES30 SHADER_API_GLES31 SHADER_API_GLES32 UNITY_UNIFIED_SHADER_PRECISION_MODEL flags=0 lang=3 type=Vertex platform=gles3 reqs=33 mask=6 start=366
RunExternalCompiler: begin name=HLSLcc
RunExternalCompiler: begin name=FXC
RunExternalCompiler: end
RunExternalCompiler: begin name=FXC
RunExternalCompiler: end
RunExternalCompiler: end
compileSnippet complete
 ok=1 outsize=14554

Cmd: compileSnippet
  insize=18093 file=Packages/com.unity.render-pipelines.universal/Shaders/PostProcessing/UberPost.shader name=Hidden/Universal Render Pipeline/UberPost pass=UberPost ppOnly=0 stripLineD=0 buildPlatform=20 rsLen=0 pKW=UNITY_ENABLE_REFLECTION_BUFFERS UNITY_USE_DITHER_MASK_FOR_ALPHABLENDED_SHADOWS UNITY_PBS_USE_BRDF1 UNITY_SPECCUBE_BOX_PROJECTION UNITY_SPECCUBE_BLENDING UNITY_ENABLE_DETAIL_NORMALMAP SHADER_API_DESKTOP UNITY_LIGHT_PROBE_PROXY_VOLUME UNITY_LIGHTMAP_FULL_HDR UNITY_PLATFORM_SUPPORTS_DEPTH_FETCH uKW=_CHROMATIC_ABERRATION _BLOOM_LQ _TONEMAP_ACES _GAMMA_20 dKW=DEBUG_DISPLAY SCREEN_COORD_OVERRIDE _POINT_SAMPLING _DISTORTION _BLOOM_HQ _BLOOM_LQ_DIRT _BLOOM_HQ_DIRT _HDR_GRADING _TONEMAP_NEUTRAL _FILM_GRAIN _DITHERING _LINEAR_TO_SRGB_CONVERSION _USE_FAST_SRGB_LINEAR_CONVERSION _ENABLE_ALPHA_OUTPUT HDR_INPUT HDR_ENCODING UNITY_NO_DXT5nm UNITY_FRAMEBUFFER_FETCH_AVAILABLE UNITY_METAL_SHADOWS_USE_POINT_FILTERING UNITY_NO_SCREENSPACE_SHADOWS UNITY_PBS_USE_BRDF2 UNITY_PBS_USE_BRDF3 UNITY_HARDWARE_TIER1 UNITY_HARDWARE_TIER2 UNITY_HARDWARE_TIER3 UNITY_COLORSPACE_GAMMA UNITY_LIGHTMAP_DLDR_ENCODING UNITY_LIGHTMAP_RGBM_ENCODING UNITY_VIRTUAL_TEXTURING UNITY_PRETRANSFORM_TO_DISPLAY_ORIENTATION UNITY_ASTC_NORMALMAP_ENCODING SHADER_API_GLES30 SHADER_API_GLES31 SHADER_API_GLES32 UNITY_UNIFIED_SHADER_PRECISION_MODEL flags=0 lang=3 type=Vertex platform=gles3 reqs=33 mask=6 start=366
RunExternalCompiler: begin name=HLSLcc
RunExternalCompiler: begin name=FXC
RunExternalCompiler: end
RunExternalCompiler: begin name=FXC
RunExternalCompiler: end
RunExternalCompiler: end
compileSnippet complete
 ok=1 outsize=14591

Cmd: compileSnippet
  insize=18093 file=Packages/com.unity.render-pipelines.universal/Shaders/PostProcessing/UberPost.shader name=Hidden/Universal Render Pipeline/UberPost pass=UberPost ppOnly=0 stripLineD=0 buildPlatform=20 rsLen=0 pKW=UNITY_ENABLE_REFLECTION_BUFFERS UNITY_USE_DITHER_MASK_FOR_ALPHABLENDED_SHADOWS UNITY_PBS_USE_BRDF1 UNITY_SPECCUBE_BOX_PROJECTION UNITY_SPECCUBE_BLENDING UNITY_ENABLE_DETAIL_NORMALMAP SHADER_API_DESKTOP UNITY_LIGHT_PROBE_PROXY_VOLUME UNITY_LIGHTMAP_FULL_HDR UNITY_PLATFORM_SUPPORTS_DEPTH_FETCH uKW=_CHROMATIC_ABERRATION _BLOOM_LQ _TONEMAP_ACES _LINEAR_TO_SRGB_CONVERSION dKW=DEBUG_DISPLAY SCREEN_COORD_OVERRIDE _POINT_SAMPLING _DISTORTION _BLOOM_HQ _BLOOM_LQ_DIRT _BLOOM_HQ_DIRT _HDR_GRADING _TONEMAP_NEUTRAL _FILM_GRAIN _DITHERING _GAMMA_20 _USE_FAST_SRGB_LINEAR_CONVERSION _ENABLE_ALPHA_OUTPUT HDR_INPUT HDR_ENCODING UNITY_NO_DXT5nm UNITY_FRAMEBUFFER_FETCH_AVAILABLE UNITY_METAL_SHADOWS_USE_POINT_FILTERING UNITY_NO_SCREENSPACE_SHADOWS UNITY_PBS_USE_BRDF2 UNITY_PBS_USE_BRDF3 UNITY_HARDWARE_TIER1 UNITY_HARDWARE_TIER2 UNITY_HARDWARE_TIER3 UNITY_COLORSPACE_GAMMA UNITY_LIGHTMAP_DLDR_ENCODING UNITY_LIGHTMAP_RGBM_ENCODING UNITY_VIRTUAL_TEXTURING UNITY_PRETRANSFORM_TO_DISPLAY_ORIENTATION UNITY_ASTC_NORMALMAP_ENCODING SHADER_API_GLES30 SHADER_API_GLES31 SHADER_API_GLES32 UNITY_UNIFIED_SHADER_PRECISION_MODEL flags=0 lang=3 type=Vertex platform=gles3 reqs=33 mask=6 start=366
RunExternalCompiler: begin name=HLSLcc
RunExternalCompiler: begin name=FXC
RunExternalCompiler: end
RunExternalCompiler: begin name=FXC
RunExternalCompiler: end
RunExternalCompiler: end
compileSnippet complete
 ok=1 outsize=15202

Cmd: compileSnippet
  insize=18093 file=Packages/com.unity.render-pipelines.universal/Shaders/PostProcessing/UberPost.shader name=Hidden/Universal Render Pipeline/UberPost pass=UberPost ppOnly=0 stripLineD=0 buildPlatform=20 rsLen=0 pKW=UNITY_ENABLE_REFLECTION_BUFFERS UNITY_USE_DITHER_MASK_FOR_ALPHABLENDED_SHADOWS UNITY_PBS_USE_BRDF1 UNITY_SPECCUBE_BOX_PROJECTION UNITY_SPECCUBE_BLENDING UNITY_ENABLE_DETAIL_NORMALMAP SHADER_API_DESKTOP UNITY_LIGHT_PROBE_PROXY_VOLUME UNITY_LIGHTMAP_FULL_HDR UNITY_PLATFORM_SUPPORTS_DEPTH_FETCH uKW=_CHROMATIC_ABERRATION _BLOOM_LQ _TONEMAP_ACES _DITHERING dKW=DEBUG_DISPLAY SCREEN_COORD_OVERRIDE _POINT_SAMPLING _DISTORTION _BLOOM_HQ _BLOOM_LQ_DIRT _BLOOM_HQ_DIRT _HDR_GRADING _TONEMAP_NEUTRAL _FILM_GRAIN _GAMMA_20 _LINEAR_TO_SRGB_CONVERSION _USE_FAST_SRGB_LINEAR_CONVERSION _ENABLE_ALPHA_OUTPUT HDR_INPUT HDR_ENCODING UNITY_NO_DXT5nm UNITY_FRAMEBUFFER_FETCH_AVAILABLE UNITY_METAL_SHADOWS_USE_POINT_FILTERING UNITY_NO_SCREENSPACE_SHADOWS UNITY_PBS_USE_BRDF2 UNITY_PBS_USE_BRDF3 UNITY_HARDWARE_TIER1 UNITY_HARDWARE_TIER2 UNITY_HARDWARE_TIER3 UNITY_COLORSPACE_GAMMA UNITY_LIGHTMAP_DLDR_ENCODING UNITY_LIGHTMAP_RGBM_ENCODING UNITY_VIRTUAL_TEXTURING UNITY_PRETRANSFORM_TO_DISPLAY_ORIENTATION UNITY_ASTC_NORMALMAP_ENCODING SHADER_API_GLES30 SHADER_API_GLES31 SHADER_API_GLES32 UNITY_UNIFIED_SHADER_PRECISION_MODEL flags=0 lang=3 type=Vertex platform=gles3 reqs=33 mask=6 start=366
RunExternalCompiler: begin name=HLSLcc
RunExternalCompiler: begin name=FXC
RunExternalCompiler: end
RunExternalCompiler: begin name=FXC
RunExternalCompiler: end
RunExternalCompiler: end
compileSnippet complete
 ok=1 outsize=16638

Cmd: compileSnippet
  insize=18093 file=Packages/com.unity.render-pipelines.universal/Shaders/PostProcessing/UberPost.shader name=Hidden/Universal Render Pipeline/UberPost pass=UberPost ppOnly=0 stripLineD=0 buildPlatform=20 rsLen=0 pKW=UNITY_ENABLE_REFLECTION_BUFFERS UNITY_USE_DITHER_MASK_FOR_ALPHABLENDED_SHADOWS UNITY_PBS_USE_BRDF1 UNITY_SPECCUBE_BOX_PROJECTION UNITY_SPECCUBE_BLENDING UNITY_ENABLE_DETAIL_NORMALMAP SHADER_API_DESKTOP UNITY_LIGHT_PROBE_PROXY_VOLUME UNITY_LIGHTMAP_FULL_HDR UNITY_PLATFORM_SUPPORTS_DEPTH_FETCH uKW=_CHROMATIC_ABERRATION _BLOOM_LQ _TONEMAP_ACES _DITHERING _GAMMA_20 dKW=DEBUG_DISPLAY SCREEN_COORD_OVERRIDE _POINT_SAMPLING _DISTORTION _BLOOM_HQ _BLOOM_LQ_DIRT _BLOOM_HQ_DIRT _HDR_GRADING _TONEMAP_NEUTRAL _FILM_GRAIN _LINEAR_TO_SRGB_CONVERSION _USE_FAST_SRGB_LINEAR_CONVERSION _ENABLE_ALPHA_OUTPUT HDR_INPUT HDR_ENCODING UNITY_NO_DXT5nm UNITY_FRAMEBUFFER_FETCH_AVAILABLE UNITY_METAL_SHADOWS_USE_POINT_FILTERING UNITY_NO_SCREENSPACE_SHADOWS UNITY_PBS_USE_BRDF2 UNITY_PBS_USE_BRDF3 UNITY_HARDWARE_TIER1 UNITY_HARDWARE_TIER2 UNITY_HARDWARE_TIER3 UNITY_COLORSPACE_GAMMA UNITY_LIGHTMAP_DLDR_ENCODING UNITY_LIGHTMAP_RGBM_ENCODING UNITY_VIRTUAL_TEXTURING UNITY_PRETRANSFORM_TO_DISPLAY_ORIENTATION UNITY_ASTC_NORMALMAP_ENCODING SHADER_API_GLES30 SHADER_API_GLES31 SHADER_API_GLES32 UNITY_UNIFIED_SHADER_PRECISION_MODEL flags=0 lang=3 type=Vertex platform=gles3 reqs=33 mask=6 start=366
RunExternalCompiler: begin name=HLSLcc
RunExternalCompiler: begin name=FXC
RunExternalCompiler: end
RunExternalCompiler: begin name=FXC
RunExternalCompiler: end
RunExternalCompiler: end
compileSnippet complete
 ok=1 outsize=16670

Cmd: compileSnippet
  insize=18093 file=Packages/com.unity.render-pipelines.universal/Shaders/PostProcessing/UberPost.shader name=Hidden/Universal Render Pipeline/UberPost pass=UberPost ppOnly=0 stripLineD=0 buildPlatform=20 rsLen=0 pKW=UNITY_ENABLE_REFLECTION_BUFFERS UNITY_USE_DITHER_MASK_FOR_ALPHABLENDED_SHADOWS UNITY_PBS_USE_BRDF1 UNITY_SPECCUBE_BOX_PROJECTION UNITY_SPECCUBE_BLENDING UNITY_ENABLE_DETAIL_NORMALMAP SHADER_API_DESKTOP UNITY_LIGHT_PROBE_PROXY_VOLUME UNITY_LIGHTMAP_FULL_HDR UNITY_PLATFORM_SUPPORTS_DEPTH_FETCH uKW=_CHROMATIC_ABERRATION _BLOOM_LQ _TONEMAP_ACES _DITHERING _LINEAR_TO_SRGB_CONVERSION dKW=DEBUG_DISPLAY SCREEN_COORD_OVERRIDE _POINT_SAMPLING _DISTORTION _BLOOM_HQ _BLOOM_LQ_DIRT _BLOOM_HQ_DIRT _HDR_GRADING _TONEMAP_NEUTRAL _FILM_GRAIN _GAMMA_20 _USE_FAST_SRGB_LINEAR_CONVERSION _ENABLE_ALPHA_OUTPUT HDR_INPUT HDR_ENCODING UNITY_NO_DXT5nm UNITY_FRAMEBUFFER_FETCH_AVAILABLE UNITY_METAL_SHADOWS_USE_POINT_FILTERING UNITY_NO_SCREENSPACE_SHADOWS UNITY_PBS_USE_BRDF2 UNITY_PBS_USE_BRDF3 UNITY_HARDWARE_TIER1 UNITY_HARDWARE_TIER2 UNITY_HARDWARE_TIER3 UNITY_COLORSPACE_GAMMA UNITY_LIGHTMAP_DLDR_ENCODING UNITY_LIGHTMAP_RGBM_ENCODING UNITY_VIRTUAL_TEXTURING UNITY_PRETRANSFORM_TO_DISPLAY_ORIENTATION UNITY_ASTC_NORMALMAP_ENCODING SHADER_API_GLES30 SHADER_API_GLES31 SHADER_API_GLES32 UNITY_UNIFIED_SHADER_PRECISION_MODEL flags=0 lang=3 type=Vertex platform=gles3 reqs=33 mask=6 start=366
RunExternalCompiler: begin name=HLSLcc
RunExternalCompiler: begin name=FXC
RunExternalCompiler: end
RunExternalCompiler: begin name=FXC
RunExternalCompiler: end
RunExternalCompiler: end
compileSnippet complete
 ok=1 outsize=17390

Cmd: compileSnippet
  insize=18093 file=Packages/com.unity.render-pipelines.universal/Shaders/PostProcessing/UberPost.shader name=Hidden/Universal Render Pipeline/UberPost pass=UberPost ppOnly=0 stripLineD=0 buildPlatform=20 rsLen=0 pKW=UNITY_ENABLE_REFLECTION_BUFFERS UNITY_USE_DITHER_MASK_FOR_ALPHABLENDED_SHADOWS UNITY_PBS_USE_BRDF1 UNITY_SPECCUBE_BOX_PROJECTION UNITY_SPECCUBE_BLENDING UNITY_ENABLE_DETAIL_NORMALMAP SHADER_API_DESKTOP UNITY_LIGHT_PROBE_PROXY_VOLUME UNITY_LIGHTMAP_FULL_HDR UNITY_PLATFORM_SUPPORTS_DEPTH_FETCH uKW=_CHROMATIC_ABERRATION _BLOOM_LQ _TONEMAP_ACES _FILM_GRAIN dKW=DEBUG_DISPLAY SCREEN_COORD_OVERRIDE _POINT_SAMPLING _DISTORTION _BLOOM_HQ _BLOOM_LQ_DIRT _BLOOM_HQ_DIRT _HDR_GRADING _TONEMAP_NEUTRAL _DITHERING _GAMMA_20 _LINEAR_TO_SRGB_CONVERSION _USE_FAST_SRGB_LINEAR_CONVERSION _ENABLE_ALPHA_OUTPUT HDR_INPUT HDR_ENCODING UNITY_NO_DXT5nm UNITY_FRAMEBUFFER_FETCH_AVAILABLE UNITY_METAL_SHADOWS_USE_POINT_FILTERING UNITY_NO_SCREENSPACE_SHADOWS UNITY_PBS_USE_BRDF2 UNITY_PBS_USE_BRDF3 UNITY_HARDWARE_TIER1 UNITY_HARDWARE_TIER2 UNITY_HARDWARE_TIER3 UNITY_COLORSPACE_GAMMA UNITY_LIGHTMAP_DLDR_ENCODING UNITY_LIGHTMAP_RGBM_ENCODING UNITY_VIRTUAL_TEXTURING UNITY_PRETRANSFORM_TO_DISPLAY_ORIENTATION UNITY_ASTC_NORMALMAP_ENCODING SHADER_API_GLES30 SHADER_API_GLES31 SHADER_API_GLES32 UNITY_UNIFIED_SHADER_PRECISION_MODEL flags=0 lang=3 type=Vertex platform=gles3 reqs=33 mask=6 start=366
RunExternalCompiler: begin name=HLSLcc
RunExternalCompiler: begin name=FXC
RunExternalCompiler: end
RunExternalCompiler: begin name=FXC
RunExternalCompiler: end
RunExternalCompiler: end
compileSnippet complete
 ok=1 outsize=15227

Cmd: compileSnippet
  insize=18093 file=Packages/com.unity.render-pipelines.universal/Shaders/PostProcessing/UberPost.shader name=Hidden/Universal Render Pipeline/UberPost pass=UberPost ppOnly=0 stripLineD=0 buildPlatform=20 rsLen=0 pKW=UNITY_ENABLE_REFLECTION_BUFFERS UNITY_USE_DITHER_MASK_FOR_ALPHABLENDED_SHADOWS UNITY_PBS_USE_BRDF1 UNITY_SPECCUBE_BOX_PROJECTION UNITY_SPECCUBE_BLENDING UNITY_ENABLE_DETAIL_NORMALMAP SHADER_API_DESKTOP UNITY_LIGHT_PROBE_PROXY_VOLUME UNITY_LIGHTMAP_FULL_HDR UNITY_PLATFORM_SUPPORTS_DEPTH_FETCH uKW=_CHROMATIC_ABERRATION _BLOOM_LQ _TONEMAP_ACES _FILM_GRAIN _GAMMA_20 dKW=DEBUG_DISPLAY SCREEN_COORD_OVERRIDE _POINT_SAMPLING _DISTORTION _BLOOM_HQ _BLOOM_LQ_DIRT _BLOOM_HQ_DIRT _HDR_GRADING _TONEMAP_NEUTRAL _DITHERING _LINEAR_TO_SRGB_CONVERSION _USE_FAST_SRGB_LINEAR_CONVERSION _ENABLE_ALPHA_OUTPUT HDR_INPUT HDR_ENCODING UNITY_NO_DXT5nm UNITY_FRAMEBUFFER_FETCH_AVAILABLE UNITY_METAL_SHADOWS_USE_POINT_FILTERING UNITY_NO_SCREENSPACE_SHADOWS UNITY_PBS_USE_BRDF2 UNITY_PBS_USE_BRDF3 UNITY_HARDWARE_TIER1 UNITY_HARDWARE_TIER2 UNITY_HARDWARE_TIER3 UNITY_COLORSPACE_GAMMA UNITY_LIGHTMAP_DLDR_ENCODING UNITY_LIGHTMAP_RGBM_ENCODING UNITY_VIRTUAL_TEXTURING UNITY_PRETRANSFORM_TO_DISPLAY_ORIENTATION UNITY_ASTC_NORMALMAP_ENCODING SHADER_API_GLES30 SHADER_API_GLES31 SHADER_API_GLES32 UNITY_UNIFIED_SHADER_PRECISION_MODEL flags=0 lang=3 type=Vertex platform=gles3 reqs=33 mask=6 start=366
RunExternalCompiler: begin name=HLSLcc
RunExternalCompiler: begin name=FXC
RunExternalCompiler: end
RunExternalCompiler: begin name=FXC
RunExternalCompiler: end
RunExternalCompiler: end
compileSnippet complete
 ok=1 outsize=15264

Cmd: compileSnippet
  insize=18093 file=Packages/com.unity.render-pipelines.universal/Shaders/PostProcessing/UberPost.shader name=Hidden/Universal Render Pipeline/UberPost pass=UberPost ppOnly=0 stripLineD=0 buildPlatform=20 rsLen=0 pKW=UNITY_ENABLE_REFLECTION_BUFFERS UNITY_USE_DITHER_MASK_FOR_ALPHABLENDED_SHADOWS UNITY_PBS_USE_BRDF1 UNITY_SPECCUBE_BOX_PROJECTION UNITY_SPECCUBE_BLENDING UNITY_ENABLE_DETAIL_NORMALMAP SHADER_API_DESKTOP UNITY_LIGHT_PROBE_PROXY_VOLUME UNITY_LIGHTMAP_FULL_HDR UNITY_PLATFORM_SUPPORTS_DEPTH_FETCH uKW=_CHROMATIC_ABERRATION _BLOOM_LQ _TONEMAP_ACES _FILM_GRAIN _LINEAR_TO_SRGB_CONVERSION dKW=DEBUG_DISPLAY SCREEN_COORD_OVERRIDE _POINT_SAMPLING _DISTORTION _BLOOM_HQ _BLOOM_LQ_DIRT _BLOOM_HQ_DIRT _HDR_GRADING _TONEMAP_NEUTRAL _DITHERING _GAMMA_20 _USE_FAST_SRGB_LINEAR_CONVERSION _ENABLE_ALPHA_OUTPUT HDR_INPUT HDR_ENCODING UNITY_NO_DXT5nm UNITY_FRAMEBUFFER_FETCH_AVAILABLE UNITY_METAL_SHADOWS_USE_POINT_FILTERING UNITY_NO_SCREENSPACE_SHADOWS UNITY_PBS_USE_BRDF2 UNITY_PBS_USE_BRDF3 UNITY_HARDWARE_TIER1 UNITY_HARDWARE_TIER2 UNITY_HARDWARE_TIER3 UNITY_COLORSPACE_GAMMA UNITY_LIGHTMAP_DLDR_ENCODING UNITY_LIGHTMAP_RGBM_ENCODING UNITY_VIRTUAL_TEXTURING UNITY_PRETRANSFORM_TO_DISPLAY_ORIENTATION UNITY_ASTC_NORMALMAP_ENCODING SHADER_API_GLES30 SHADER_API_GLES31 SHADER_API_GLES32 UNITY_UNIFIED_SHADER_PRECISION_MODEL flags=0 lang=3 type=Vertex platform=gles3 reqs=33 mask=6 start=366
RunExternalCompiler: begin name=HLSLcc
RunExternalCompiler: begin name=FXC
RunExternalCompiler: end
RunExternalCompiler: begin name=FXC
RunExternalCompiler: end
RunExternalCompiler: end
compileSnippet complete
 ok=1 outsize=15875

Cmd: compileSnippet
  insize=18093 file=Packages/com.unity.render-pipelines.universal/Shaders/PostProcessing/UberPost.shader name=Hidden/Universal Render Pipeline/UberPost pass=UberPost ppOnly=0 stripLineD=0 buildPlatform=20 rsLen=0 pKW=UNITY_ENABLE_REFLECTION_BUFFERS UNITY_USE_DITHER_MASK_FOR_ALPHABLENDED_SHADOWS UNITY_PBS_USE_BRDF1 UNITY_SPECCUBE_BOX_PROJECTION UNITY_SPECCUBE_BLENDING UNITY_ENABLE_DETAIL_NORMALMAP SHADER_API_DESKTOP UNITY_LIGHT_PROBE_PROXY_VOLUME UNITY_LIGHTMAP_FULL_HDR UNITY_PLATFORM_SUPPORTS_DEPTH_FETCH uKW=_CHROMATIC_ABERRATION _BLOOM_LQ _TONEMAP_ACES _FILM_GRAIN _DITHERING dKW=DEBUG_DISPLAY SCREEN_COORD_OVERRIDE _POINT_SAMPLING _DISTORTION _BLOOM_HQ _BLOOM_LQ_DIRT _BLOOM_HQ_DIRT _HDR_GRADING _TONEMAP_NEUTRAL _GAMMA_20 _LINEAR_TO_SRGB_CONVERSION _USE_FAST_SRGB_LINEAR_CONVERSION _ENABLE_ALPHA_OUTPUT HDR_INPUT HDR_ENCODING UNITY_NO_DXT5nm UNITY_FRAMEBUFFER_FETCH_AVAILABLE UNITY_METAL_SHADOWS_USE_POINT_FILTERING UNITY_NO_SCREENSPACE_SHADOWS UNITY_PBS_USE_BRDF2 UNITY_PBS_USE_BRDF3 UNITY_HARDWARE_TIER1 UNITY_HARDWARE_TIER2 UNITY_HARDWARE_TIER3 UNITY_COLORSPACE_GAMMA UNITY_LIGHTMAP_DLDR_ENCODING UNITY_LIGHTMAP_RGBM_ENCODING UNITY_VIRTUAL_TEXTURING UNITY_PRETRANSFORM_TO_DISPLAY_ORIENTATION UNITY_ASTC_NORMALMAP_ENCODING SHADER_API_GLES30 SHADER_API_GLES31 SHADER_API_GLES32 UNITY_UNIFIED_SHADER_PRECISION_MODEL flags=0 lang=3 type=Vertex platform=gles3 reqs=33 mask=6 start=366
RunExternalCompiler: begin name=HLSLcc
RunExternalCompiler: begin name=FXC
RunExternalCompiler: end
RunExternalCompiler: begin name=FXC
RunExternalCompiler: end
RunExternalCompiler: end
compileSnippet complete
 ok=1 outsize=17311

Cmd: compileSnippet
  insize=18093 file=Packages/com.unity.render-pipelines.universal/Shaders/PostProcessing/UberPost.shader name=Hidden/Universal Render Pipeline/UberPost pass=UberPost ppOnly=0 stripLineD=0 buildPlatform=20 rsLen=0 pKW=UNITY_ENABLE_REFLECTION_BUFFERS UNITY_USE_DITHER_MASK_FOR_ALPHABLENDED_SHADOWS UNITY_PBS_USE_BRDF1 UNITY_SPECCUBE_BOX_PROJECTION UNITY_SPECCUBE_BLENDING UNITY_ENABLE_DETAIL_NORMALMAP SHADER_API_DESKTOP UNITY_LIGHT_PROBE_PROXY_VOLUME UNITY_LIGHTMAP_FULL_HDR UNITY_PLATFORM_SUPPORTS_DEPTH_FETCH uKW=_CHROMATIC_ABERRATION _BLOOM_LQ _TONEMAP_ACES _FILM_GRAIN _DITHERING _GAMMA_20 dKW=DEBUG_DISPLAY SCREEN_COORD_OVERRIDE _POINT_SAMPLING _DISTORTION _BLOOM_HQ _BLOOM_LQ_DIRT _BLOOM_HQ_DIRT _HDR_GRADING _TONEMAP_NEUTRAL _LINEAR_TO_SRGB_CONVERSION _USE_FAST_SRGB_LINEAR_CONVERSION _ENABLE_ALPHA_OUTPUT HDR_INPUT HDR_ENCODING UNITY_NO_DXT5nm UNITY_FRAMEBUFFER_FETCH_AVAILABLE UNITY_METAL_SHADOWS_USE_POINT_FILTERING UNITY_NO_SCREENSPACE_SHADOWS UNITY_PBS_USE_BRDF2 UNITY_PBS_USE_BRDF3 UNITY_HARDWARE_TIER1 UNITY_HARDWARE_TIER2 UNITY_HARDWARE_TIER3 UNITY_COLORSPACE_GAMMA UNITY_LIGHTMAP_DLDR_ENCODING UNITY_LIGHTMAP_RGBM_ENCODING UNITY_VIRTUAL_TEXTURING UNITY_PRETRANSFORM_TO_DISPLAY_ORIENTATION UNITY_ASTC_NORMALMAP_ENCODING SHADER_API_GLES30 SHADER_API_GLES31 SHADER_API_GLES32 UNITY_UNIFIED_SHADER_PRECISION_MODEL flags=0 lang=3 type=Vertex platform=gles3 reqs=33 mask=6 start=366
RunExternalCompiler: begin name=HLSLcc
RunExternalCompiler: begin name=FXC
RunExternalCompiler: end
RunExternalCompiler: begin name=FXC
RunExternalCompiler: end
RunExternalCompiler: end
compileSnippet complete
 ok=1 outsize=17343

Cmd: compileSnippet
  insize=18093 file=Packages/com.unity.render-pipelines.universal/Shaders/PostProcessing/UberPost.shader name=Hidden/Universal Render Pipeline/UberPost pass=UberPost ppOnly=0 stripLineD=0 buildPlatform=20 rsLen=0 pKW=UNITY_ENABLE_REFLECTION_BUFFERS UNITY_USE_DITHER_MASK_FOR_ALPHABLENDED_SHADOWS UNITY_PBS_USE_BRDF1 UNITY_SPECCUBE_BOX_PROJECTION UNITY_SPECCUBE_BLENDING UNITY_ENABLE_DETAIL_NORMALMAP SHADER_API_DESKTOP UNITY_LIGHT_PROBE_PROXY_VOLUME UNITY_LIGHTMAP_FULL_HDR UNITY_PLATFORM_SUPPORTS_DEPTH_FETCH uKW=_CHROMATIC_ABERRATION _BLOOM_LQ _TONEMAP_ACES _FILM_GRAIN _DITHERING _LINEAR_TO_SRGB_CONVERSION dKW=DEBUG_DISPLAY SCREEN_COORD_OVERRIDE _POINT_SAMPLING _DISTORTION _BLOOM_HQ _BLOOM_LQ_DIRT _BLOOM_HQ_DIRT _HDR_GRADING _TONEMAP_NEUTRAL _GAMMA_20 _USE_FAST_SRGB_LINEAR_CONVERSION _ENABLE_ALPHA_OUTPUT HDR_INPUT HDR_ENCODING UNITY_NO_DXT5nm UNITY_FRAMEBUFFER_FETCH_AVAILABLE UNITY_METAL_SHADOWS_USE_POINT_FILTERING UNITY_NO_SCREENSPACE_SHADOWS UNITY_PBS_USE_BRDF2 UNITY_PBS_USE_BRDF3 UNITY_HARDWARE_TIER1 UNITY_HARDWARE_TIER2 UNITY_HARDWARE_TIER3 UNITY_COLORSPACE_GAMMA UNITY_LIGHTMAP_DLDR_ENCODING UNITY_LIGHTMAP_RGBM_ENCODING UNITY_VIRTUAL_TEXTURING UNITY_PRETRANSFORM_TO_DISPLAY_ORIENTATION UNITY_ASTC_NORMALMAP_ENCODING SHADER_API_GLES30 SHADER_API_GLES31 SHADER_API_GLES32 UNITY_UNIFIED_SHADER_PRECISION_MODEL flags=0 lang=3 type=Vertex platform=gles3 reqs=33 mask=6 start=366
RunExternalCompiler: begin name=HLSLcc
RunExternalCompiler: begin name=FXC
RunExternalCompiler: end
RunExternalCompiler: begin name=FXC
RunExternalCompiler: end
RunExternalCompiler: end
compileSnippet complete
 ok=1 outsize=18063

Cmd: compileSnippet
  insize=18093 file=Packages/com.unity.render-pipelines.universal/Shaders/PostProcessing/UberPost.shader name=Hidden/Universal Render Pipeline/UberPost pass=UberPost ppOnly=0 stripLineD=0 buildPlatform=20 rsLen=0 pKW=UNITY_ENABLE_REFLECTION_BUFFERS UNITY_USE_DITHER_MASK_FOR_ALPHABLENDED_SHADOWS UNITY_PBS_USE_BRDF1 UNITY_SPECCUBE_BOX_PROJECTION UNITY_SPECCUBE_BLENDING UNITY_ENABLE_DETAIL_NORMALMAP SHADER_API_DESKTOP UNITY_LIGHT_PROBE_PROXY_VOLUME UNITY_LIGHTMAP_FULL_HDR UNITY_PLATFORM_SUPPORTS_DEPTH_FETCH uKW=_CHROMATIC_ABERRATION _BLOOM_LQ _TONEMAP_NEUTRAL dKW=DEBUG_DISPLAY SCREEN_COORD_OVERRIDE _POINT_SAMPLING _DISTORTION _BLOOM_HQ _BLOOM_LQ_DIRT _BLOOM_HQ_DIRT _HDR_GRADING _TONEMAP_ACES _FILM_GRAIN _DITHERING _GAMMA_20 _LINEAR_TO_SRGB_CONVERSION _USE_FAST_SRGB_LINEAR_CONVERSION _ENABLE_ALPHA_OUTPUT HDR_INPUT HDR_ENCODING UNITY_NO_DXT5nm UNITY_FRAMEBUFFER_FETCH_AVAILABLE UNITY_METAL_SHADOWS_USE_POINT_FILTERING UNITY_NO_SCREENSPACE_SHADOWS UNITY_PBS_USE_BRDF2 UNITY_PBS_USE_BRDF3 UNITY_HARDWARE_TIER1 UNITY_HARDWARE_TIER2 UNITY_HARDWARE_TIER3 UNITY_COLORSPACE_GAMMA UNITY_LIGHTMAP_DLDR_ENCODING UNITY_LIGHTMAP_RGBM_ENCODING UNITY_VIRTUAL_TEXTURING UNITY_PRETRANSFORM_TO_DISPLAY_ORIENTATION UNITY_ASTC_NORMALMAP_ENCODING SHADER_API_GLES30 SHADER_API_GLES31 SHADER_API_GLES32 UNITY_UNIFIED_SHADER_PRECISION_MODEL flags=0 lang=3 type=Vertex platform=gles3 reqs=33 mask=6 start=366
RunExternalCompiler: begin name=HLSLcc
RunExternalCompiler: begin name=FXC
RunExternalCompiler: end
RunExternalCompiler: begin name=FXC
RunExternalCompiler: end
RunExternalCompiler: end
compileSnippet complete
 ok=1 outsize=8200

Cmd: compileSnippet
  insize=18093 file=Packages/com.unity.render-pipelines.universal/Shaders/PostProcessing/UberPost.shader name=Hidden/Universal Render Pipeline/UberPost pass=UberPost ppOnly=0 stripLineD=0 buildPlatform=20 rsLen=0 pKW=UNITY_ENABLE_REFLECTION_BUFFERS UNITY_USE_DITHER_MASK_FOR_ALPHABLENDED_SHADOWS UNITY_PBS_USE_BRDF1 UNITY_SPECCUBE_BOX_PROJECTION UNITY_SPECCUBE_BLENDING UNITY_ENABLE_DETAIL_NORMALMAP SHADER_API_DESKTOP UNITY_LIGHT_PROBE_PROXY_VOLUME UNITY_LIGHTMAP_FULL_HDR UNITY_PLATFORM_SUPPORTS_DEPTH_FETCH uKW=_CHROMATIC_ABERRATION _BLOOM_LQ _TONEMAP_NEUTRAL _GAMMA_20 dKW=DEBUG_DISPLAY SCREEN_COORD_OVERRIDE _POINT_SAMPLING _DISTORTION _BLOOM_HQ _BLOOM_LQ_DIRT _BLOOM_HQ_DIRT _HDR_GRADING _TONEMAP_ACES _FILM_GRAIN _DITHERING _LINEAR_TO_SRGB_CONVERSION _USE_FAST_SRGB_LINEAR_CONVERSION _ENABLE_ALPHA_OUTPUT HDR_INPUT HDR_ENCODING UNITY_NO_DXT5nm UNITY_FRAMEBUFFER_FETCH_AVAILABLE UNITY_METAL_SHADOWS_USE_POINT_FILTERING UNITY_NO_SCREENSPACE_SHADOWS UNITY_PBS_USE_BRDF2 UNITY_PBS_USE_BRDF3 UNITY_HARDWARE_TIER1 UNITY_HARDWARE_TIER2 UNITY_HARDWARE_TIER3 UNITY_COLORSPACE_GAMMA UNITY_LIGHTMAP_DLDR_ENCODING UNITY_LIGHTMAP_RGBM_ENCODING UNITY_VIRTUAL_TEXTURING UNITY_PRETRANSFORM_TO_DISPLAY_ORIENTATION UNITY_ASTC_NORMALMAP_ENCODING SHADER_API_GLES30 SHADER_API_GLES31 SHADER_API_GLES32 UNITY_UNIFIED_SHADER_PRECISION_MODEL flags=0 lang=3 type=Vertex platform=gles3 reqs=33 mask=6 start=366
RunExternalCompiler: begin name=HLSLcc
RunExternalCompiler: begin name=FXC
RunExternalCompiler: end
RunExternalCompiler: begin name=FXC
RunExternalCompiler: end
RunExternalCompiler: end
compileSnippet complete
 ok=1 outsize=8237

Cmd: compileSnippet
  insize=18093 file=Packages/com.unity.render-pipelines.universal/Shaders/PostProcessing/UberPost.shader name=Hidden/Universal Render Pipeline/UberPost pass=UberPost ppOnly=0 stripLineD=0 buildPlatform=20 rsLen=0 pKW=UNITY_ENABLE_REFLECTION_BUFFERS UNITY_USE_DITHER_MASK_FOR_ALPHABLENDED_SHADOWS UNITY_PBS_USE_BRDF1 UNITY_SPECCUBE_BOX_PROJECTION UNITY_SPECCUBE_BLENDING UNITY_ENABLE_DETAIL_NORMALMAP SHADER_API_DESKTOP UNITY_LIGHT_PROBE_PROXY_VOLUME UNITY_LIGHTMAP_FULL_HDR UNITY_PLATFORM_SUPPORTS_DEPTH_FETCH uKW=_CHROMATIC_ABERRATION _BLOOM_LQ_DIRT _DITHERING dKW=DEBUG_DISPLAY SCREEN_COORD_OVERRIDE _POINT_SAMPLING _DISTORTION _BLOOM_LQ _BLOOM_HQ _BLOOM_HQ_DIRT _HDR_GRADING _TONEMAP_ACES _TONEMAP_NEUTRAL _FILM_GRAIN _GAMMA_20 _LINEAR_TO_SRGB_CONVERSION _USE_FAST_SRGB_LINEAR_CONVERSION _ENABLE_ALPHA_OUTPUT HDR_INPUT HDR_ENCODING UNITY_NO_DXT5nm UNITY_FRAMEBUFFER_FETCH_AVAILABLE UNITY_METAL_SHADOWS_USE_POINT_FILTERING UNITY_NO_SCREENSPACE_SHADOWS UNITY_PBS_USE_BRDF2 UNITY_PBS_USE_BRDF3 UNITY_HARDWARE_TIER1 UNITY_HARDWARE_TIER2 UNITY_HARDWARE_TIER3 UNITY_COLORSPACE_GAMMA UNITY_LIGHTMAP_DLDR_ENCODING UNITY_LIGHTMAP_RGBM_ENCODING UNITY_VIRTUAL_TEXTURING UNITY_PRETRANSFORM_TO_DISPLAY_ORIENTATION UNITY_ASTC_NORMALMAP_ENCODING SHADER_API_GLES30 SHADER_API_GLES31 SHADER_API_GLES32 UNITY_UNIFIED_SHADER_PRECISION_MODEL flags=0 lang=3 type=Vertex platform=gles3 reqs=33 mask=6 start=366
RunExternalCompiler: begin name=HLSLcc
RunExternalCompiler: begin name=FXC
RunExternalCompiler: end
RunExternalCompiler: begin name=FXC
RunExternalCompiler: end
RunExternalCompiler: end
compileSnippet complete
 ok=1 outsize=9921

Cmd: compileSnippet
  insize=18093 file=Packages/com.unity.render-pipelines.universal/Shaders/PostProcessing/UberPost.shader name=Hidden/Universal Render Pipeline/UberPost pass=UberPost ppOnly=0 stripLineD=0 buildPlatform=20 rsLen=0 pKW=UNITY_ENABLE_REFLECTION_BUFFERS UNITY_USE_DITHER_MASK_FOR_ALPHABLENDED_SHADOWS UNITY_PBS_USE_BRDF1 UNITY_SPECCUBE_BOX_PROJECTION UNITY_SPECCUBE_BLENDING UNITY_ENABLE_DETAIL_NORMALMAP SHADER_API_DESKTOP UNITY_LIGHT_PROBE_PROXY_VOLUME UNITY_LIGHTMAP_FULL_HDR UNITY_PLATFORM_SUPPORTS_DEPTH_FETCH uKW=_DISTORTION _BLOOM_LQ_DIRT _DITHERING dKW=DEBUG_DISPLAY SCREEN_COORD_OVERRIDE _POINT_SAMPLING _CHROMATIC_ABERRATION _BLOOM_LQ _BLOOM_HQ _BLOOM_HQ_DIRT _HDR_GRADING _TONEMAP_ACES _TONEMAP_NEUTRAL _FILM_GRAIN _GAMMA_20 _LINEAR_TO_SRGB_CONVERSION _USE_FAST_SRGB_LINEAR_CONVERSION _ENABLE_ALPHA_OUTPUT HDR_INPUT HDR_ENCODING UNITY_NO_DXT5nm UNITY_FRAMEBUFFER_FETCH_AVAILABLE UNITY_METAL_SHADOWS_USE_POINT_FILTERING UNITY_NO_SCREENSPACE_SHADOWS UNITY_PBS_USE_BRDF2 UNITY_PBS_USE_BRDF3 UNITY_HARDWARE_TIER1 UNITY_HARDWARE_TIER2 UNITY_HARDWARE_TIER3 UNITY_COLORSPACE_GAMMA UNITY_LIGHTMAP_DLDR_ENCODING UNITY_LIGHTMAP_RGBM_ENCODING UNITY_VIRTUAL_TEXTURING UNITY_PRETRANSFORM_TO_DISPLAY_ORIENTATION UNITY_ASTC_NORMALMAP_ENCODING SHADER_API_GLES30 SHADER_API_GLES31 SHADER_API_GLES32 UNITY_UNIFIED_SHADER_PRECISION_MODEL flags=0 lang=3 type=Vertex platform=gles3 reqs=33 mask=6 start=366
RunExternalCompiler: begin name=HLSLcc
RunExternalCompiler: begin name=FXC
RunExternalCompiler: end
RunExternalCompiler: begin name=FXC
RunExternalCompiler: end
RunExternalCompiler: end
compileSnippet complete
 ok=1 outsize=11430

Cmd: compileSnippet
  insize=3722 file=Packages/com.unity.render-pipelines.universal/Shaders/PostProcessing/ScalingSetup.shader name=Hidden/Universal Render Pipeline/Scaling Setup pass=ScalingSetup ppOnly=0 stripLineD=0 buildPlatform=20 rsLen=0 pKW=UNITY_ENABLE_REFLECTION_BUFFERS UNITY_USE_DITHER_MASK_FOR_ALPHABLENDED_SHADOWS UNITY_PBS_USE_BRDF1 UNITY_SPECCUBE_BOX_PROJECTION UNITY_SPECCUBE_BLENDING UNITY_ENABLE_DETAIL_NORMALMAP SHADER_API_DESKTOP UNITY_LIGHT_PROBE_PROXY_VOLUME UNITY_LIGHTMAP_FULL_HDR UNITY_PLATFORM_SUPPORTS_DEPTH_FETCH uKW=_FXAA dKW=_GAMMA_20 _GAMMA_20_AND_HDR_INPUT _ENABLE_ALPHA_OUTPUT UNITY_NO_DXT5nm UNITY_FRAMEBUFFER_FETCH_AVAILABLE UNITY_METAL_SHADOWS_USE_POINT_FILTERING UNITY_NO_SCREENSPACE_SHADOWS UNITY_PBS_USE_BRDF2 UNITY_PBS_USE_BRDF3 UNITY_HARDWARE_TIER1 UNITY_HARDWARE_TIER2 UNITY_HARDWARE_TIER3 UNITY_COLORSPACE_GAMMA UNITY_LIGHTMAP_DLDR_ENCODING UNITY_LIGHTMAP_RGBM_ENCODING UNITY_VIRTUAL_TEXTURING UNITY_PRETRANSFORM_TO_DISPLAY_ORIENTATION UNITY_ASTC_NORMALMAP_ENCODING SHADER_API_GLES30 SHADER_API_GLES31 SHADER_API_GLES32 UNITY_UNIFIED_SHADER_PRECISION_MODEL flags=0 lang=3 type=Vertex platform=gles3 reqs=33 mask=6 start=93
RunExternalCompiler: begin name=HLSLcc
RunExternalCompiler: begin name=FXC
RunExternalCompiler: end
RunExternalCompiler: begin name=FXC
RunExternalCompiler: end
RunExternalCompiler: end
compileSnippet complete
 ok=1 outsize=14098

Cmd: compileSnippet
  insize=11321 file=Packages/com.unity.render-pipelines.universal/Shaders/PostProcessing/LutBuilderHdr.shader name=Hidden/Universal Render Pipeline/LutBuilderHdr pass=LutBuilderHdr ppOnly=0 stripLineD=0 buildPlatform=20 rsLen=0 pKW=UNITY_ENABLE_REFLECTION_BUFFERS UNITY_USE_DITHER_MASK_FOR_ALPHABLENDED_SHADOWS UNITY_PBS_USE_BRDF1 UNITY_SPECCUBE_BOX_PROJECTION UNITY_SPECCUBE_BLENDING UNITY_ENABLE_DETAIL_NORMALMAP SHADER_API_DESKTOP UNITY_LIGHT_PROBE_PROXY_VOLUME UNITY_LIGHTMAP_FULL_HDR UNITY_PLATFORM_SUPPORTS_DEPTH_FETCH uKW=_TONEMAP_ACES dKW=_TONEMAP_NEUTRAL HDR_COLORSPACE_CONVERSION UNITY_NO_DXT5nm UNITY_FRAMEBUFFER_FETCH_AVAILABLE UNITY_METAL_SHADOWS_USE_POINT_FILTERING UNITY_NO_SCREENSPACE_SHADOWS UNITY_PBS_USE_BRDF2 UNITY_PBS_USE_BRDF3 UNITY_HARDWARE_TIER1 UNITY_HARDWARE_TIER2 UNITY_HARDWARE_TIER3 UNITY_COLORSPACE_GAMMA UNITY_LIGHTMAP_DLDR_ENCODING UNITY_LIGHTMAP_RGBM_ENCODING UNITY_VIRTUAL_TEXTURING UNITY_PRETRANSFORM_TO_DISPLAY_ORIENTATION UNITY_ASTC_NORMALMAP_ENCODING SHADER_API_GLES30 SHADER_API_GLES31 SHADER_API_GLES32 UNITY_UNIFIED_SHADER_PRECISION_MODEL flags=0 lang=3 type=Vertex platform=gles3 reqs=33 mask=6 start=255
RunExternalCompiler: begin name=HLSLcc
RunExternalCompiler: begin name=FXC
RunExternalCompiler: end
RunExternalCompiler: begin name=FXC
RunExternalCompiler: end
RunExternalCompiler: end
compileSnippet complete
 ok=1 outsize=22470

Cmd: compileSnippet
  insize=4903 file=Packages/com.unity.render-pipelines.universal/Shaders/Terrain/TerrainDetailLit.shader name=Hidden/TerrainEngine/Details/UniversalPipeline/Vertexlit pass=TerrainDetailVertex ppOnly=0 stripLineD=0 buildPlatform=20 rsLen=0 pKW=UNITY_ENABLE_REFLECTION_BUFFERS UNITY_USE_DITHER_MASK_FOR_ALPHABLENDED_SHADOWS UNITY_PBS_USE_BRDF1 UNITY_SPECCUBE_BOX_PROJECTION UNITY_SPECCUBE_BLENDING UNITY_ENABLE_DETAIL_NORMALMAP SHADER_API_DESKTOP UNITY_LIGHT_PROBE_PROXY_VOLUME UNITY_LIGHTMAP_FULL_HDR UNITY_PLATFORM_SUPPORTS_DEPTH_FETCH uKW=_LIGHT_COOKIES dKW=_MAIN_LIGHT_SHADOWS _MAIN_LIGHT_SHADOWS_CASCADE _MAIN_LIGHT_SHADOWS_SCREEN _ADDITIONAL_LIGHTS_VERTEX _ADDITIONAL_LIGHTS LIGHTMAP_SHADOW_MIXING SHADOWS_SHADOWMASK _CLUSTER_LIGHT_LOOP DIRLIGHTMAP_COMBINED LIGHTMAP_ON PROBE_VOLUMES_L1 PROBE_VOLUMES_L2 DEBUG_DISPLAY FOG_LINEAR FOG_EXP FOG_EXP2 _SHADOWS_SOFT _SHADOWS_SOFT_LOW _SHADOWS_SOFT_MEDIUM _SHADOWS_SOFT_HIGH _SCREEN_SPACE_OCCLUSION _SCREEN_SPACE_IRRADIANCE LIGHTMAP_BICUBIC_SAMPLING REFLECTION_PROBE_ROTATION UNITY_NO_DXT5nm UNITY_FRAMEBUFFER_FETCH_AVAILABLE UNITY_METAL_SHADOWS_USE_POINT_FILTERING UNITY_NO_SCREENSPACE_SHADOWS UNITY_PBS_USE_BRDF2 UNITY_PBS_USE_BRDF3 UNITY_HARDWARE_TIER1 UNITY_HARDWARE_TIER2 UNITY_HARDWARE_TIER3 UNITY_COLORSPACE_GAMMA UNITY_LIGHTMAP_DLDR_ENCODING UNITY_LIGHTMAP_RGBM_ENCODING UNITY_VIRTUAL_TEXTURING UNITY_PRETRANSFORM_TO_DISPLAY_ORIENTATION UNITY_ASTC_NORMALMAP_ENCODING SHADER_API_GLES30 SHADER_API_GLES31 SHADER_API_GLES32 UNITY_UNIFIED_SHADER_PRECISION_MODEL flags=0 lang=3 type=Vertex platform=gles3 reqs=1 mask=6 start=18
RunExternalCompiler: begin name=HLSLcc
RunExternalCompiler: begin name=FXC
RunExternalCompiler: end
RunExternalCompiler: begin name=FXC
RunExternalCompiler: end
RunExternalCompiler: end
compileSnippet complete
 ok=1 outsize=7926

Cmd: compileSnippet
  insize=2379 file=Assets/DefaultResourcesExtra/Internal/UIElements/Internal-UIRGaussianBlur.shader name=Hidden/UIR/GaussianBlur pass= ppOnly=0 stripLineD=0 buildPlatform=20 rsLen=0 pKW=UNITY_ENABLE_REFLECTION_BUFFERS UNITY_USE_DITHER_MASK_FOR_ALPHABLENDED_SHADOWS UNITY_PBS_USE_BRDF1 UNITY_SPECCUBE_BOX_PROJECTION UNITY_SPECCUBE_BLENDING UNITY_ENABLE_DETAIL_NORMALMAP SHADER_API_DESKTOP UNITY_LIGHT_PROBE_PROXY_VOLUME UNITY_LIGHTMAP_FULL_HDR UNITY_PLATFORM_SUPPORTS_DEPTH_FETCH uKW=_UIE_OUTPUT_LINEAR dKW=UNITY_NO_DXT5nm UNITY_FRAMEBUFFER_FETCH_AVAILABLE UNITY_METAL_SHADOWS_USE_POINT_FILTERING UNITY_NO_SCREENSPACE_SHADOWS UNITY_PBS_USE_BRDF2 UNITY_PBS_USE_BRDF3 UNITY_HARDWARE_TIER1 UNITY_HARDWARE_TIER2 UNITY_HARDWARE_TIER3 UNITY_COLORSPACE_GAMMA UNITY_LIGHTMAP_DLDR_ENCODING UNITY_LIGHTMAP_RGBM_ENCODING UNITY_VIRTUAL_TEXTURING UNITY_PRETRANSFORM_TO_DISPLAY_ORIENTATION UNITY_ASTC_NORMALMAP_ENCODING SHADER_API_GLES30 SHADER_API_GLES31 SHADER_API_GLES32 UNITY_UNIFIED_SHADER_PRECISION_MODEL flags=0 lang=0 type=Vertex platform=gles3 reqs=33 mask=6 start=77
RunExternalCompiler: begin name=HLSLcc
RunExternalCompiler: begin name=FXC
RunExternalCompiler: end
RunExternalCompiler: begin name=FXC
RunExternalCompiler: end
RunExternalCompiler: end
compileSnippet complete
 ok=1 outsize=3977

Cmd: compileSnippet
  insize=2979 file=Packages/com.unity.render-pipelines.universal/Shaders/2D/Sprite-Lit-Default.shader name=Universal Render Pipeline/2D/Sprite-Lit-Default pass= ppOnly=0 stripLineD=0 buildPlatform=20 rsLen=0 pKW=UNITY_ENABLE_REFLECTION_BUFFERS UNITY_USE_DITHER_MASK_FOR_ALPHABLENDED_SHADOWS UNITY_PBS_USE_BRDF1 UNITY_SPECCUBE_BOX_PROJECTION UNITY_SPECCUBE_BLENDING UNITY_ENABLE_DETAIL_NORMALMAP SHADER_API_DESKTOP UNITY_LIGHT_PROBE_PROXY_VOLUME UNITY_LIGHTMAP_FULL_HDR UNITY_PLATFORM_SUPPORTS_DEPTH_FETCH uKW=USE_SHAPE_LIGHT_TYPE_0 USE_SHAPE_LIGHT_TYPE_1 USE_SHAPE_LIGHT_TYPE_2 USE_SHAPE_LIGHT_TYPE_3 SKINNED_SPRITE dKW=DEBUG_DISPLAY INSTANCING_ON UNITY_NO_DXT5nm UNITY_FRAMEBUFFER_FETCH_AVAILABLE UNITY_METAL_SHADOWS_USE_POINT_FILTERING UNITY_NO_SCREENSPACE_SHADOWS UNITY_PBS_USE_BRDF2 UNITY_PBS_USE_BRDF3 UNITY_HARDWARE_TIER1 UNITY_HARDWARE_TIER2 UNITY_HARDWARE_TIER3 UNITY_COLORSPACE_GAMMA UNITY_LIGHTMAP_DLDR_ENCODING UNITY_LIGHTMAP_RGBM_ENCODING UNITY_VIRTUAL_TEXTURING UNITY_PRETRANSFORM_TO_DISPLAY_ORIENTATION UNITY_ASTC_NORMALMAP_ENCODING SHADER_API_GLES30 SHADER_API_GLES31 SHADER_API_GLES32 UNITY_UNIFIED_SHADER_PRECISION_MODEL flags=0 lang=3 type=Vertex platform=gles3 reqs=33 mask=6 start=29
RunExternalCompiler: begin name=HLSLcc
RunExternalCompiler: begin name=FXC
RunExternalCompiler: end
RunExternalCompiler: begin name=FXC
RunExternalCompiler: end
RunExternalCompiler: end
compileSnippet complete
 ok=1 outsize=16167

Cmd: compileSnippet
  insize=5618 file=/ name=Legacy Shaders/VertexLit pass= ppOnly=0 stripLineD=0 buildPlatform=20 rsLen=0 pKW=UNITY_ENABLE_REFLECTION_BUFFERS UNITY_USE_DITHER_MASK_FOR_ALPHABLENDED_SHADOWS UNITY_PBS_USE_BRDF1 UNITY_SPECCUBE_BOX_PROJECTION UNITY_SPECCUBE_BLENDING UNITY_ENABLE_DETAIL_NORMALMAP SHADER_API_DESKTOP UNITY_LIGHT_PROBE_PROXY_VOLUME UNITY_LIGHTMAP_FULL_HDR UNITY_PLATFORM_SUPPORTS_DEPTH_FETCH uKW=POINT dKW=FOG_LINEAR FOG_EXP FOG_EXP2 SPOT UNITY_NO_DXT5nm UNITY_FRAMEBUFFER_FETCH_AVAILABLE UNITY_METAL_SHADOWS_USE_POINT_FILTERING UNITY_NO_SCREENSPACE_SHADOWS UNITY_PBS_USE_BRDF2 UNITY_PBS_USE_BRDF3 UNITY_HARDWARE_TIER1 UNITY_HARDWARE_TIER2 UNITY_HARDWARE_TIER3 UNITY_COLORSPACE_GAMMA UNITY_LIGHTMAP_DLDR_ENCODING UNITY_LIGHTMAP_RGBM_ENCODING UNITY_VIRTUAL_TEXTURING UNITY_PRETRANSFORM_TO_DISPLAY_ORIENTATION UNITY_ASTC_NORMALMAP_ENCODING SHADER_API_GLES30 SHADER_API_GLES31 SHADER_API_GLES32 UNITY_UNIFIED_SHADER_PRECISION_MODEL flags=0 lang=0 type=Vertex platform=gles3 reqs=1 mask=6 start=1
RunExternalCompiler: begin name=HLSLcc
RunExternalCompiler: begin name=FXC
RunExternalCompiler: end
RunExternalCompiler: begin name=FXC
RunExternalCompiler: end
RunExternalCompiler: end
compileSnippet complete
 ok=1 outsize=9429

Cmd: compileSnippet
  insize=18270 file=Assets/DefaultResourcesExtra/Normal-Diffuse.shader name=Legacy Shaders/Diffuse pass=FORWARD ppOnly=0 stripLineD=0 buildPlatform=20 rsLen=0 pKW=UNITY_ENABLE_REFLECTION_BUFFERS UNITY_USE_DITHER_MASK_FOR_ALPHABLENDED_SHADOWS UNITY_PBS_USE_BRDF1 UNITY_SPECCUBE_BOX_PROJECTION UNITY_SPECCUBE_BLENDING UNITY_ENABLE_DETAIL_NORMALMAP SHADER_API_DESKTOP UNITY_LIGHT_PROBE_PROXY_VOLUME UNITY_LIGHTMAP_FULL_HDR UNITY_PLATFORM_SUPPORTS_DEPTH_FETCH UNITY_PASS_FORWARDBASE uKW=DIRECTIONAL LIGHTPROBE_SH dKW=INSTANCING_ON FOG_LINEAR FOG_EXP FOG_EXP2 SHADOWS_SHADOWMASK DYNAMICLIGHTMAP_ON LIGHTMAP_ON LIGHTMAP_SHADOW_MIXING DIRLIGHTMAP_COMBINED SHADOWS_SCREEN VERTEXLIGHT_ON UNITY_NO_DXT5nm UNITY_FRAMEBUFFER_FETCH_AVAILABLE UNITY_METAL_SHADOWS_USE_POINT_FILTERING UNITY_NO_SCREENSPACE_SHADOWS UNITY_PBS_USE_BRDF2 UNITY_PBS_USE_BRDF3 UNITY_HARDWARE_TIER1 UNITY_HARDWARE_TIER2 UNITY_HARDWARE_TIER3 UNITY_COLORSPACE_GAMMA UNITY_LIGHTMAP_DLDR_ENCODING UNITY_LIGHTMAP_RGBM_ENCODING UNITY_VIRTUAL_TEXTURING UNITY_PRETRANSFORM_TO_DISPLAY_ORIENTATION UNITY_ASTC_NORMALMAP_ENCODING SHADER_API_GLES30 SHADER_API_GLES31 SHADER_API_GLES32 UNITY_UNIFIED_SHADER_PRECISION_MODEL flags=0 lang=0 type=Vertex platform=gles3 reqs=33 mask=6 start=20
RunExternalCompiler: begin name=HLSLcc
RunExternalCompiler: begin name=FXC
RunExternalCompiler: end
RunExternalCompiler: begin name=FXC
RunExternalCompiler: end
RunExternalCompiler: end
compileSnippet complete
 ok=1 outsize=6254

Cmd: compileSnippet
  insize=1211 file=Assets/DefaultResourcesExtra/Internal-DepthNormalsTexture.shader name=Hidden/Internal-DepthNormalsTexture pass= ppOnly=0 stripLineD=0 buildPlatform=20 rsLen=0 pKW=UNITY_ENABLE_REFLECTION_BUFFERS UNITY_USE_DITHER_MASK_FOR_ALPHABLENDED_SHADOWS UNITY_PBS_USE_BRDF1 UNITY_SPECCUBE_BOX_PROJECTION UNITY_SPECCUBE_BLENDING UNITY_ENABLE_DETAIL_NORMALMAP SHADER_API_DESKTOP UNITY_LIGHT_PROBE_PROXY_VOLUME UNITY_LIGHTMAP_FULL_HDR UNITY_PLATFORM_SUPPORTS_DEPTH_FETCH uKW= dKW=UNITY_NO_DXT5nm UNITY_FRAMEBUFFER_FETCH_AVAILABLE UNITY_METAL_SHADOWS_USE_POINT_FILTERING UNITY_NO_SCREENSPACE_SHADOWS UNITY_PBS_USE_BRDF2 UNITY_PBS_USE_BRDF3 UNITY_HARDWARE_TIER1 UNITY_HARDWARE_TIER2 UNITY_HARDWARE_TIER3 UNITY_COLORSPACE_GAMMA UNITY_LIGHTMAP_DLDR_ENCODING UNITY_LIGHTMAP_RGBM_ENCODING UNITY_VIRTUAL_TEXTURING UNITY_PRETRANSFORM_TO_DISPLAY_ORIENTATION UNITY_ASTC_NORMALMAP_ENCODING SHADER_API_GLES30 SHADER_API_GLES31 SHADER_API_GLES32 UNITY_UNIFIED_SHADER_PRECISION_MODEL flags=0 lang=0 type=Vertex platform=gles3 reqs=33 mask=6 start=75
RunExternalCompiler: begin name=HLSLcc
RunExternalCompiler: begin name=FXC
RunExternalCompiler: end
RunExternalCompiler: begin name=FXC
RunExternalCompiler: end
RunExternalCompiler: end
compileSnippet complete
 ok=1 outsize=6174

Cmd: compileSnippet
  insize=12093 file=Assets/DefaultResourcesExtra/Internal-ScreenSpaceShadows.shader name=Hidden/Internal-ScreenSpaceShadows pass= ppOnly=0 stripLineD=0 buildPlatform=20 rsLen=0 pKW=UNITY_ENABLE_REFLECTION_BUFFERS UNITY_USE_DITHER_MASK_FOR_ALPHABLENDED_SHADOWS UNITY_PBS_USE_BRDF1 UNITY_SPECCUBE_BOX_PROJECTION UNITY_SPECCUBE_BLENDING UNITY_ENABLE_DETAIL_NORMALMAP SHADER_API_DESKTOP UNITY_LIGHT_PROBE_PROXY_VOLUME UNITY_LIGHTMAP_FULL_HDR UNITY_PLATFORM_SUPPORTS_DEPTH_FETCH uKW= dKW=SHADOWS_SPLIT_SPHERES SHADOWS_SINGLE_CASCADE UNITY_NO_DXT5nm UNITY_FRAMEBUFFER_FETCH_AVAILABLE UNITY_METAL_SHADOWS_USE_POINT_FILTERING UNITY_NO_SCREENSPACE_SHADOWS UNITY_PBS_USE_BRDF2 UNITY_PBS_USE_BRDF3 UNITY_HARDWARE_TIER1 UNITY_HARDWARE_TIER2 UNITY_HARDWARE_TIER3 UNITY_COLORSPACE_GAMMA UNITY_LIGHTMAP_DLDR_ENCODING UNITY_LIGHTMAP_RGBM_ENCODING UNITY_VIRTUAL_TEXTURING UNITY_PRETRANSFORM_TO_DISPLAY_ORIENTATION UNITY_ASTC_NORMALMAP_ENCODING SHADER_API_GLES30 SHADER_API_GLES31 SHADER_API_GLES32 UNITY_UNIFIED_SHADER_PRECISION_MODEL flags=0 lang=0 type=Vertex platform=gles3 reqs=227 mask=6 start=380
RunExternalCompiler: begin name=HLSLcc
RunExternalCompiler: begin name=FXC
RunExternalCompiler: end
RunExternalCompiler: begin name=FXC
RunExternalCompiler: end
RunExternalCompiler: end
compileSnippet complete
 ok=1 outsize=13022

Cmd: compileSnippet
  insize=2429 file=Assets/DefaultResourcesExtra/Internal-DeferredShading.shader name=Hidden/Internal-DeferredShading pass= ppOnly=0 stripLineD=0 buildPlatform=20 rsLen=0 pKW=UNITY_ENABLE_REFLECTION_BUFFERS UNITY_USE_DITHER_MASK_FOR_ALPHABLENDED_SHADOWS UNITY_PBS_USE_BRDF1 UNITY_SPECCUBE_BOX_PROJECTION UNITY_SPECCUBE_BLENDING UNITY_ENABLE_DETAIL_NORMALMAP SHADER_API_DESKTOP UNITY_LIGHT_PROBE_PROXY_VOLUME UNITY_LIGHTMAP_FULL_HDR UNITY_PLATFORM_SUPPORTS_DEPTH_FETCH uKW=DIRECTIONAL dKW=UNITY_HDR_ON POINT SPOT POINT_COOKIE DIRECTIONAL_COOKIE SHADOWS_SHADOWMASK LIGHTMAP_SHADOW_MIXING SHADOWS_DEPTH SHADOWS_SOFT SHADOWS_SCREEN SHADOWS_CUBE UNITY_NO_DXT5nm UNITY_FRAMEBUFFER_FETCH_AVAILABLE UNITY_METAL_SHADOWS_USE_POINT_FILTERING UNITY_NO_SCREENSPACE_SHADOWS UNITY_PBS_USE_BRDF2 UNITY_PBS_USE_BRDF3 UNITY_HARDWARE_TIER1 UNITY_HARDWARE_TIER2 UNITY_HARDWARE_TIER3 UNITY_COLORSPACE_GAMMA UNITY_LIGHTMAP_DLDR_ENCODING UNITY_LIGHTMAP_RGBM_ENCODING UNITY_VIRTUAL_TEXTURING UNITY_PRETRANSFORM_TO_DISPLAY_ORIENTATION UNITY_ASTC_NORMALMAP_ENCODING SHADER_API_GLES30 SHADER_API_GLES31 SHADER_API_GLES32 UNITY_UNIFIED_SHADER_PRECISION_MODEL flags=0 lang=0 type=Vertex platform=gles3 reqs=227 mask=6 start=18
RunExternalCompiler: begin name=HLSLcc
RunExternalCompiler: begin name=FXC
RunExternalCompiler: end
RunExternalCompiler: begin name=FXC
RunExternalCompiler: end
RunExternalCompiler: end
compileSnippet complete
 ok=1 outsize=7900

Cmd: compileSnippet
  insize=2429 file=Assets/DefaultResourcesExtra/Internal-DeferredShading.shader name=Hidden/Internal-DeferredShading pass= ppOnly=0 stripLineD=0 buildPlatform=20 rsLen=0 pKW=UNITY_ENABLE_REFLECTION_BUFFERS UNITY_USE_DITHER_MASK_FOR_ALPHABLENDED_SHADOWS UNITY_PBS_USE_BRDF1 UNITY_SPECCUBE_BOX_PROJECTION UNITY_SPECCUBE_BLENDING UNITY_ENABLE_DETAIL_NORMALMAP SHADER_API_DESKTOP UNITY_LIGHT_PROBE_PROXY_VOLUME UNITY_LIGHTMAP_FULL_HDR UNITY_PLATFORM_SUPPORTS_DEPTH_FETCH uKW=UNITY_HDR_ON POINT_COOKIE SHADOWS_SOFT SHADOWS_CUBE dKW=POINT DIRECTIONAL SPOT DIRECTIONAL_COOKIE SHADOWS_SHADOWMASK LIGHTMAP_SHADOW_MIXING SHADOWS_DEPTH SHADOWS_SCREEN UNITY_NO_DXT5nm UNITY_FRAMEBUFFER_FETCH_AVAILABLE UNITY_METAL_SHADOWS_USE_POINT_FILTERING UNITY_NO_SCREENSPACE_SHADOWS UNITY_PBS_USE_BRDF2 UNITY_PBS_USE_BRDF3 UNITY_HARDWARE_TIER1 UNITY_HARDWARE_TIER2 UNITY_HARDWARE_TIER3 UNITY_COLORSPACE_GAMMA UNITY_LIGHTMAP_DLDR_ENCODING UNITY_LIGHTMAP_RGBM_ENCODING UNITY_VIRTUAL_TEXTURING UNITY_PRETRANSFORM_TO_DISPLAY_ORIENTATION UNITY_ASTC_NORMALMAP_ENCODING SHADER_API_GLES30 SHADER_API_GLES31 SHADER_API_GLES32 UNITY_UNIFIED_SHADER_PRECISION_MODEL flags=0 lang=0 type=Vertex platform=gles3 reqs=227 mask=6 start=18
RunExternalCompiler: begin name=HLSLcc
RunExternalCompiler: begin name=FXC
RunExternalCompiler: end
RunExternalCompiler: begin name=FXC
RunExternalCompiler: end
RunExternalCompiler: end
compileSnippet complete
 ok=1 outsize=10804

Cmd: compileSnippet
  insize=1549 file=Assets/DefaultResourcesExtra/Internal-DeferredReflections.shader name=Hidden/Internal-DeferredReflections pass= ppOnly=0 stripLineD=0 buildPlatform=20 rsLen=0 pKW=UNITY_ENABLE_REFLECTION_BUFFERS UNITY_USE_DITHER_MASK_FOR_ALPHABLENDED_SHADOWS UNITY_PBS_USE_BRDF1 UNITY_SPECCUBE_BOX_PROJECTION UNITY_SPECCUBE_BLENDING UNITY_ENABLE_DETAIL_NORMALMAP SHADER_API_DESKTOP UNITY_LIGHT_PROBE_PROXY_VOLUME UNITY_LIGHTMAP_FULL_HDR UNITY_PLATFORM_SUPPORTS_DEPTH_FETCH uKW= dKW=UNITY_HDR_ON UNITY_NO_DXT5nm UNITY_FRAMEBUFFER_FETCH_AVAILABLE UNITY_METAL_SHADOWS_USE_POINT_FILTERING UNITY_NO_SCREENSPACE_SHADOWS UNITY_PBS_USE_BRDF2 UNITY_PBS_USE_BRDF3 UNITY_HARDWARE_TIER1 UNITY_HARDWARE_TIER2 UNITY_HARDWARE_TIER3 UNITY_COLORSPACE_GAMMA UNITY_LIGHTMAP_DLDR_ENCODING UNITY_LIGHTMAP_RGBM_ENCODING UNITY_VIRTUAL_TEXTURING UNITY_PRETRANSFORM_TO_DISPLAY_ORIENTATION UNITY_ASTC_NORMALMAP_ENCODING SHADER_API_GLES30 SHADER_API_GLES31 SHADER_API_GLES32 UNITY_UNIFIED_SHADER_PRECISION_MODEL flags=0 lang=0 type=Vertex platform=gles3 reqs=227 mask=6 start=104
RunExternalCompiler: begin name=HLSLcc
RunExternalCompiler: begin name=FXC
RunExternalCompiler: end
RunExternalCompiler: begin name=FXC
RunExternalCompiler: end
RunExternalCompiler: end
compileSnippet complete
 ok=1 outsize=2326

Cmd: compileSnippet
  insize=5984 file=Assets/DefaultResourcesExtra/Internal-MotionVectors.shader name=Hidden/Internal-MotionVectors pass= ppOnly=0 stripLineD=0 buildPlatform=20 rsLen=0 pKW=UNITY_ENABLE_REFLECTION_BUFFERS UNITY_USE_DITHER_MASK_FOR_ALPHABLENDED_SHADOWS UNITY_PBS_USE_BRDF1 UNITY_SPECCUBE_BOX_PROJECTION UNITY_SPECCUBE_BLENDING UNITY_ENABLE_DETAIL_NORMALMAP SHADER_API_DESKTOP UNITY_LIGHT_PROBE_PROXY_VOLUME UNITY_LIGHTMAP_FULL_HDR UNITY_PLATFORM_SUPPORTS_DEPTH_FETCH uKW= dKW=UNITY_NO_DXT5nm UNITY_FRAMEBUFFER_FETCH_AVAILABLE UNITY_METAL_SHADOWS_USE_POINT_FILTERING UNITY_NO_SCREENSPACE_SHADOWS UNITY_PBS_USE_BRDF2 UNITY_PBS_USE_BRDF3 UNITY_HARDWARE_TIER1 UNITY_HARDWARE_TIER2 UNITY_HARDWARE_TIER3 UNITY_COLORSPACE_GAMMA UNITY_LIGHTMAP_DLDR_ENCODING UNITY_LIGHTMAP_RGBM_ENCODING UNITY_VIRTUAL_TEXTURING UNITY_PRETRANSFORM_TO_DISPLAY_ORIENTATION UNITY_ASTC_NORMALMAP_ENCODING SHADER_API_GLES30 SHADER_API_GLES31 SHADER_API_GLES32 UNITY_UNIFIED_SHADER_PRECISION_MODEL flags=0 lang=0 type=Vertex platform=gles3 reqs=33 mask=6 start=190
RunExternalCompiler: begin name=HLSLcc
RunExternalCompiler: begin name=FXC
RunExternalCompiler: end
RunExternalCompiler: begin name=FXC
RunExternalCompiler: end
RunExternalCompiler: end
compileSnippet complete
 ok=1 outsize=4285

Cmd: compileSnippet
  insize=1508 file=Assets/DefaultResourcesExtra/Internal-DebugPattern.shader name=Hidden/Internal-DebugPattern pass=Target only DepthStencil ppOnly=0 stripLineD=0 buildPlatform=20 rsLen=0 pKW=UNITY_ENABLE_REFLECTION_BUFFERS UNITY_USE_DITHER_MASK_FOR_ALPHABLENDED_SHADOWS UNITY_PBS_USE_BRDF1 UNITY_SPECCUBE_BOX_PROJECTION UNITY_SPECCUBE_BLENDING UNITY_ENABLE_DETAIL_NORMALMAP SHADER_API_DESKTOP UNITY_LIGHT_PROBE_PROXY_VOLUME UNITY_LIGHTMAP_FULL_HDR UNITY_PLATFORM_SUPPORTS_DEPTH_FETCH uKW= dKW=UNITY_NO_DXT5nm UNITY_FRAMEBUFFER_FETCH_AVAILABLE UNITY_METAL_SHADOWS_USE_POINT_FILTERING UNITY_NO_SCREENSPACE_SHADOWS UNITY_PBS_USE_BRDF2 UNITY_PBS_USE_BRDF3 UNITY_HARDWARE_TIER1 UNITY_HARDWARE_TIER2 UNITY_HARDWARE_TIER3 UNITY_COLORSPACE_GAMMA UNITY_LIGHTMAP_DLDR_ENCODING UNITY_LIGHTMAP_RGBM_ENCODING UNITY_VIRTUAL_TEXTURING UNITY_PRETRANSFORM_TO_DISPLAY_ORIENTATION UNITY_ASTC_NORMALMAP_ENCODING SHADER_API_GLES30 SHADER_API_GLES31 SHADER_API_GLES32 UNITY_UNIFIED_SHADER_PRECISION_MODEL flags=0 lang=0 type=Vertex platform=gles3 reqs=33 mask=6 start=98
RunExternalCompiler: begin name=HLSLcc
RunExternalCompiler: begin name=FXC
RunExternalCompiler: end
RunExternalCompiler: begin name=FXC
RunExternalCompiler: end
RunExternalCompiler: end
compileSnippet complete
 ok=1 outsize=2064

Cmd: compileSnippet
  insize=2094 file=Assets/DefaultResourcesExtra/Internal/UIElements/Internal-UIRDefault.shader name=Hidden/Internal-UIRDefault pass= ppOnly=0 stripLineD=0 buildPlatform=20 rsLen=0 pKW=UNITY_ENABLE_REFLECTION_BUFFERS UNITY_USE_DITHER_MASK_FOR_ALPHABLENDED_SHADOWS UNITY_PBS_USE_BRDF1 UNITY_SPECCUBE_BOX_PROJECTION UNITY_SPECCUBE_BLENDING UNITY_ENABLE_DETAIL_NORMALMAP SHADER_API_DESKTOP UNITY_LIGHT_PROBE_PROXY_VOLUME UNITY_LIGHTMAP_FULL_HDR UNITY_PLATFORM_SUPPORTS_DEPTH_FETCH uKW=_UIE_RENDER_TYPE_TEXT dKW=_UIE_FORCE_GAMMA _UIE_TEXTURE_SLOT_COUNT_1 _UIE_TEXTURE_SLOT_COUNT_2 _UIE_TEXTURE_SLOT_COUNT_4 _UIE_RENDER_TYPE_SOLID _UIE_RENDER_TYPE_TEXTURE _UIE_RENDER_TYPE_GRADIENT UNITY_NO_DXT5nm UNITY_FRAMEBUFFER_FETCH_AVAILABLE UNITY_METAL_SHADOWS_USE_POINT_FILTERING UNITY_NO_SCREENSPACE_SHADOWS UNITY_PBS_USE_BRDF2 UNITY_PBS_USE_BRDF3 UNITY_HARDWARE_TIER1 UNITY_HARDWARE_TIER2 UNITY_HARDWARE_TIER3 UNITY_COLORSPACE_GAMMA UNITY_LIGHTMAP_DLDR_ENCODING UNITY_LIGHTMAP_RGBM_ENCODING UNITY_VIRTUAL_TEXTURING UNITY_PRETRANSFORM_TO_DISPLAY_ORIENTATION UNITY_ASTC_NORMALMAP_ENCODING SHADER_API_GLES30 SHADER_API_GLES31 SHADER_API_GLES32 UNITY_UNIFIED_SHADER_PRECISION_MODEL flags=0 lang=0 type=Vertex platform=gles3 reqs=4075 mask=6 start=45
RunExternalCompiler: begin name=HLSLcc
RunExternalCompiler: begin name=FXC
RunExternalCompiler: end
RunExternalCompiler: begin name=FXC
RunExternalCompiler: end
RunExternalCompiler: end
compileSnippet complete
 ok=1 outsize=18534

Cmd: compileSnippet
  insize=4257 file=Assets/DefaultResourcesExtra/UI/UI-Default.shader name=UI/Default pass=Default ppOnly=0 stripLineD=0 buildPlatform=20 rsLen=0 pKW=UNITY_ENABLE_REFLECTION_BUFFERS UNITY_USE_DITHER_MASK_FOR_ALPHABLENDED_SHADOWS UNITY_PBS_USE_BRDF1 UNITY_SPECCUBE_BOX_PROJECTION UNITY_SPECCUBE_BLENDING UNITY_ENABLE_DETAIL_NORMALMAP SHADER_API_DESKTOP UNITY_LIGHT_PROBE_PROXY_VOLUME UNITY_LIGHTMAP_FULL_HDR UNITY_PLATFORM_SUPPORTS_DEPTH_FETCH uKW=UNITY_UI_CLIP_RECT UNITY_UI_ALPHACLIP dKW=UNITY_NO_DXT5nm UNITY_FRAMEBUFFER_FETCH_AVAILABLE UNITY_METAL_SHADOWS_USE_POINT_FILTERING UNITY_NO_SCREENSPACE_SHADOWS UNITY_PBS_USE_BRDF2 UNITY_PBS_USE_BRDF3 UNITY_HARDWARE_TIER1 UNITY_HARDWARE_TIER2 UNITY_HARDWARE_TIER3 UNITY_COLORSPACE_GAMMA UNITY_LIGHTMAP_DLDR_ENCODING UNITY_LIGHTMAP_RGBM_ENCODING UNITY_VIRTUAL_TEXTURING UNITY_PRETRANSFORM_TO_DISPLAY_ORIENTATION UNITY_ASTC_NORMALMAP_ENCODING SHADER_API_GLES30 SHADER_API_GLES31 SHADER_API_GLES32 UNITY_UNIFIED_SHADER_PRECISION_MODEL flags=0 lang=0 type=Vertex platform=gles3 reqs=1 mask=6 start=51
RunExternalCompiler: begin name=HLSLcc
RunExternalCompiler: begin name=FXC
RunExternalCompiler: end
RunExternalCompiler: begin name=FXC
RunExternalCompiler: end
RunExternalCompiler: end
compileSnippet complete
 ok=1 outsize=5383

Cmd: compileSnippet
  insize=4296 file=Assets/DefaultResourcesExtra/UI/UI-DefaultETC1.shader name=UI/DefaultETC1 pass=Default ppOnly=0 stripLineD=0 buildPlatform=20 rsLen=0 pKW=UNITY_ENABLE_REFLECTION_BUFFERS UNITY_USE_DITHER_MASK_FOR_ALPHABLENDED_SHADOWS UNITY_PBS_USE_BRDF1 UNITY_SPECCUBE_BOX_PROJECTION UNITY_SPECCUBE_BLENDING UNITY_ENABLE_DETAIL_NORMALMAP SHADER_API_DESKTOP UNITY_LIGHT_PROBE_PROXY_VOLUME UNITY_LIGHTMAP_FULL_HDR UNITY_PLATFORM_SUPPORTS_DEPTH_FETCH uKW=UNITY_UI_ALPHACLIP dKW=UNITY_UI_CLIP_RECT UNITY_NO_DXT5nm UNITY_FRAMEBUFFER_FETCH_AVAILABLE UNITY_METAL_SHADOWS_USE_POINT_FILTERING UNITY_NO_SCREENSPACE_SHADOWS UNITY_PBS_USE_BRDF2 UNITY_PBS_USE_BRDF3 UNITY_HARDWARE_TIER1 UNITY_HARDWARE_TIER2 UNITY_HARDWARE_TIER3 UNITY_COLORSPACE_GAMMA UNITY_LIGHTMAP_DLDR_ENCODING UNITY_LIGHTMAP_RGBM_ENCODING UNITY_VIRTUAL_TEXTURING UNITY_PRETRANSFORM_TO_DISPLAY_ORIENTATION UNITY_ASTC_NORMALMAP_ENCODING SHADER_API_GLES30 SHADER_API_GLES31 SHADER_API_GLES32 UNITY_UNIFIED_SHADER_PRECISION_MODEL flags=0 lang=0 type=Vertex platform=gles3 reqs=1 mask=6 start=52
RunExternalCompiler: begin name=HLSLcc
RunExternalCompiler: begin name=FXC
RunExternalCompiler: end
RunExternalCompiler: begin name=FXC
RunExternalCompiler: end
RunExternalCompiler: end
compileSnippet complete
 ok=1 outsize=5210

Cmd: compileSnippet
  insize=10083 file=Assets/DefaultResourcesExtra/Cubemaps/CubeBlur.shader name=Hidden/CubeBlur pass= ppOnly=0 stripLineD=0 buildPlatform=20 rsLen=0 pKW=UNITY_ENABLE_REFLECTION_BUFFERS UNITY_USE_DITHER_MASK_FOR_ALPHABLENDED_SHADOWS UNITY_PBS_USE_BRDF1 UNITY_SPECCUBE_BOX_PROJECTION UNITY_SPECCUBE_BLENDING UNITY_ENABLE_DETAIL_NORMALMAP SHADER_API_DESKTOP UNITY_LIGHT_PROBE_PROXY_VOLUME UNITY_LIGHTMAP_FULL_HDR UNITY_PLATFORM_SUPPORTS_DEPTH_FETCH uKW= dKW=UNITY_NO_DXT5nm UNITY_FRAMEBUFFER_FETCH_AVAILABLE UNITY_METAL_SHADOWS_USE_POINT_FILTERING UNITY_NO_SCREENSPACE_SHADOWS UNITY_PBS_USE_BRDF2 UNITY_PBS_USE_BRDF3 UNITY_HARDWARE_TIER1 UNITY_HARDWARE_TIER2 UNITY_HARDWARE_TIER3 UNITY_COLORSPACE_GAMMA UNITY_LIGHTMAP_DLDR_ENCODING UNITY_LIGHTMAP_RGBM_ENCODING UNITY_VIRTUAL_TEXTURING UNITY_PRETRANSFORM_TO_DISPLAY_ORIENTATION UNITY_ASTC_NORMALMAP_ENCODING SHADER_API_GLES30 SHADER_API_GLES31 SHADER_API_GLES32 UNITY_UNIFIED_SHADER_PRECISION_MODEL flags=0 lang=0 type=Vertex platform=gles3 reqs=1 mask=6 start=359
RunExternalCompiler: begin name=HLSLcc
RunExternalCompiler: begin name=FXC
RunExternalCompiler: end
RunExternalCompiler: begin name=FXC
RunExternalCompiler: end
RunExternalCompiler: end
compileSnippet complete
 ok=1 outsize=2370

Cmd: compileSnippet
  insize=1126 file=Assets/DefaultResourcesExtra/Internal-ODSWorldTexture.shader name=Hidden/Internal-ODSWorldTexture pass= ppOnly=0 stripLineD=0 buildPlatform=20 rsLen=0 pKW=UNITY_ENABLE_REFLECTION_BUFFERS UNITY_USE_DITHER_MASK_FOR_ALPHABLENDED_SHADOWS UNITY_PBS_USE_BRDF1 UNITY_SPECCUBE_BOX_PROJECTION UNITY_SPECCUBE_BLENDING UNITY_ENABLE_DETAIL_NORMALMAP SHADER_API_DESKTOP UNITY_LIGHT_PROBE_PROXY_VOLUME UNITY_LIGHTMAP_FULL_HDR UNITY_PLATFORM_SUPPORTS_DEPTH_FETCH uKW= dKW=UNITY_NO_DXT5nm UNITY_FRAMEBUFFER_FETCH_AVAILABLE UNITY_METAL_SHADOWS_USE_POINT_FILTERING UNITY_NO_SCREENSPACE_SHADOWS UNITY_PBS_USE_BRDF2 UNITY_PBS_USE_BRDF3 UNITY_HARDWARE_TIER1 UNITY_HARDWARE_TIER2 UNITY_HARDWARE_TIER3 UNITY_COLORSPACE_GAMMA UNITY_LIGHTMAP_DLDR_ENCODING UNITY_LIGHTMAP_RGBM_ENCODING UNITY_VIRTUAL_TEXTURING UNITY_PRETRANSFORM_TO_DISPLAY_ORIENTATION UNITY_ASTC_NORMALMAP_ENCODING SHADER_API_GLES30 SHADER_API_GLES31 SHADER_API_GLES32 UNITY_UNIFIED_SHADER_PRECISION_MODEL flags=0 lang=0 type=Vertex platform=gles3 reqs=33 mask=6 start=76
RunExternalCompiler: begin name=HLSLcc
RunExternalCompiler: begin name=FXC
RunExternalCompiler: end
RunExternalCompiler: begin name=FXC
RunExternalCompiler: end
RunExternalCompiler: end
compileSnippet complete
 ok=1 outsize=3472

